{
    "TabNet": {
        "filter_sizes": [
            12000,
            8000,
            6000,
            4500,
            3500,
            1500,
            1000,
            300
        ],
        "training_time_seconds": [
            806.698408126831,
            789.7853851318359,
            741.6516606807709,
            709.7182865142822,
            466.40547466278076,
            1025.2835726737976,
            845.5685963630676,
            813.8372054100037
        ],
        "num_classes": [
            2,
            2,
            2,
            2,
            4,
            5,
            5,
            5
        ],
        "test_f1_macro": [
            0.8515042346481143,
            0.8515042346481143,
            0.8515042346481143,
            0.8515042346481143,
            0.5472530712037643,
            0.4889647524426012,
            0.4889647524426012,
            0.4889647524426012
        ],
        "test_f1_micro": [
            0.9552989934872705,
            0.9552989934872705,
            0.9552989934872705,
            0.9552989934872705,
            0.9289786223277909,
            0.9310157907141173,
            0.9310157907141173,
            0.9310157907141173
        ],
        "test_f1_weighted": [
            0.9522301723495652,
            0.9522301723495652,
            0.9522301723495652,
            0.9522301723495652,
            0.9186738364445151,
            0.9256482540474296,
            0.9256482540474296,
            0.9256482540474296
        ],
        "cv_class_weights": [
            0.8071449496584794,
            0.8071449496584794,
            0.8071449496584794,
            0.8071449496584794,
            1.4400464779189588,
            1.6659026502804735,
            1.6659026502804735,
            1.6659026502804735
        ],
        "total_training_samples": [
            129714,
            129714,
            129714,
            129714,
            134718,
            135776,
            135776,
            135776
        ],
        "imbalance_ratio": [
            9.370482890949791,
            9.370482890949791,
            9.370482890949791,
            9.370482890949791,
            47.79845276872964,
            112.97109826589596,
            112.97109826589596,
            112.97109826589596
        ],
        "entropy": [
            0.45756772180444555,
            0.45756772180444555,
            0.45756772180444555,
            0.45756772180444555,
            0.3507774987566557,
            0.3297267262445294,
            0.3297267262445294,
            0.3297267262445294
        ],
        "test_precision_macro": [
            0.9095888308841804,
            0.9095888308841804,
            0.9095888308841804,
            0.9095888308841804,
            0.6545419611224301,
            0.5051408514583722,
            0.5051408514583722,
            0.5051408514583722
        ],
        "test_recall_macro": [
            0.8105144271228908,
            0.8105144271228908,
            0.8105144271228908,
            0.8105144271228908,
            0.5289312691191014,
            0.5072502526047757,
            0.5072502526047757,
            0.5072502526047757
        ],
        "classification_reports": [
            {
                "0": {
                    "precision": 0.8564847625797307,
                    "recall": 0.632060669456067,
                    "f1-score": 0.7273547998796268,
                    "support": 3824.0
                },
                "1": {
                    "precision": 0.9626928991886302,
                    "recall": 0.9889681847897145,
                    "f1-score": 0.9756536694166017,
                    "support": 36712.0
                },
                "accuracy": 0.9552989934872705,
                "macro avg": {
                    "precision": 0.9095888308841804,
                    "recall": 0.8105144271228908,
                    "f1-score": 0.8515042346481143,
                    "support": 40536.0
                },
                "weighted avg": {
                    "precision": 0.9526736591453987,
                    "recall": 0.9552989934872705,
                    "f1-score": 0.9522301723495652,
                    "support": 40536.0
                }
            },
            {
                "0": {
                    "precision": 0.8564847625797307,
                    "recall": 0.632060669456067,
                    "f1-score": 0.7273547998796268,
                    "support": 3824.0
                },
                "1": {
                    "precision": 0.9626928991886302,
                    "recall": 0.9889681847897145,
                    "f1-score": 0.9756536694166017,
                    "support": 36712.0
                },
                "accuracy": 0.9552989934872705,
                "macro avg": {
                    "precision": 0.9095888308841804,
                    "recall": 0.8105144271228908,
                    "f1-score": 0.8515042346481143,
                    "support": 40536.0
                },
                "weighted avg": {
                    "precision": 0.9526736591453987,
                    "recall": 0.9552989934872705,
                    "f1-score": 0.9522301723495652,
                    "support": 40536.0
                }
            },
            {
                "0": {
                    "precision": 0.8564847625797307,
                    "recall": 0.632060669456067,
                    "f1-score": 0.7273547998796268,
                    "support": 3824.0
                },
                "1": {
                    "precision": 0.9626928991886302,
                    "recall": 0.9889681847897145,
                    "f1-score": 0.9756536694166017,
                    "support": 36712.0
                },
                "accuracy": 0.9552989934872705,
                "macro avg": {
                    "precision": 0.9095888308841804,
                    "recall": 0.8105144271228908,
                    "f1-score": 0.8515042346481143,
                    "support": 40536.0
                },
                "weighted avg": {
                    "precision": 0.9526736591453987,
                    "recall": 0.9552989934872705,
                    "f1-score": 0.9522301723495652,
                    "support": 40536.0
                }
            },
            {
                "0": {
                    "precision": 0.8564847625797307,
                    "recall": 0.632060669456067,
                    "f1-score": 0.7273547998796268,
                    "support": 3824.0
                },
                "1": {
                    "precision": 0.9626928991886302,
                    "recall": 0.9889681847897145,
                    "f1-score": 0.9756536694166017,
                    "support": 36712.0
                },
                "accuracy": 0.9552989934872705,
                "macro avg": {
                    "precision": 0.9095888308841804,
                    "recall": 0.8105144271228908,
                    "f1-score": 0.8515042346481143,
                    "support": 40536.0
                },
                "weighted avg": {
                    "precision": 0.9526736591453987,
                    "recall": 0.9552989934872705,
                    "f1-score": 0.9522301723495652,
                    "support": 40536.0
                }
            },
            {
                "0": {
                    "precision": 0.695383150880533,
                    "recall": 0.7294058911632552,
                    "f1-score": 0.7119883040935673,
                    "support": 4006.0
                },
                "1": {
                    "precision": 0.9588502673796792,
                    "recall": 0.9830856954876912,
                    "f1-score": 0.9708167519423915,
                    "support": 36478.0
                },
                "2": {
                    "precision": 0.3,
                    "recall": 0.0037267080745341614,