{
    "TabNet": {
        "filter_sizes": [
            12000,
            8000,
            6000,
            4500,
            3500,
            1500,
            1000,
            300
        ],
        "training_time_seconds": [
            2131.61958360672,
            1219.444617509842,
            1007.8205358982086,
            1019.1081867218018,
            988.6859195232391,
            972.7379183769226,
            1009.4003937244415,
            1021.847475528717
        ],
        "num_classes": [
            2,
            3,
            4,
            4,
            4,
            4,
            4,
            4
        ],
        "test_f1_macro": [
            0.7279966044268819,
            0.5982352714051808,
            0.46808403385567743,
            0.46808403385567743,
            0.46808403385567743,
            0.46808403385567743,
            0.46808403385567743,
            0.46808403385567743
        ],
        "test_f1_micro": [
            0.7385637883586894,
            0.6704019965256539,
            0.5781758189959934,
            0.5781758189959934,
            0.5781758189959934,
            0.5781758189959934,
            0.5781758189959934,
            0.5781758189959934
        ],
        "test_f1_weighted": [
            0.7409606127436437,
            0.6733979344171159,
            0.6100344206309297,
            0.6100344206309297,
            0.6100344206309297,
            0.6100344206309297,
            0.6100344206309297,
            0.6100344206309297
        ],
        "cv_class_weights": [
            0.23843058350100604,
            0.646885720771917,
            0.8713517036487163,
            0.8713517036487163,
            0.8713517036487163,
            0.8713517036487163,
            0.8713517036487163,
            0.8713517036487163
        ],
        "total_training_samples": [
            123256,
            130785,
            135776,
            135776,
            135776,
            135776,
            135776,
            135776
        ],
        "imbalance_ratio": [
            1.6261558784676353,
            10.128480509148767,
            15.292785571142284,
            15.292785571142284,
            15.292785571142284,
            15.292785571142284,
            15.292785571142284,
            15.292785571142284
        ],
        "entropy": [
            0.9585943523562671,
            0.7703811923731857,
            0.7018564521079496,
            0.7018564521079496,
            0.7018564521079496,
            0.7018564521079496,
            0.7018564521079496,
            0.7018564521079496
        ],
        "test_precision_macro": [
            0.7253725843681313,
            0.5745780388819645,
            0.46539174500945296,
            0.46539174500945296,
            0.46539174500945296,
            0.46539174500945296,
            0.46539174500945296,
            0.46539174500945296
        ],
        "test_recall_macro": [
            0.7338096133802006,
            0.6610887917157962,
            0.5331431187751796,
            0.5331431187751796,
            0.5331431187751796,
            0.5331431187751796,
            0.5331431187751796,
            0.5331431187751796
        ],
        "classification_reports": [
            {
                "0": {
                    "precision": 0.6388140161725068,
                    "recall": 0.714148746747021,
                    "f1-score": 0.6743840134514648,
                    "support": 14602.0
                },
                "1": {
                    "precision": 0.8119311525637559,
                    "recall": 0.7534704800133801,
                    "f1-score": 0.7816091954022989,
                    "support": 23916.0
                },
                "accuracy": 0.7385637883586894,
                "macro avg": {
                    "precision": 0.7253725843681313,
                    "recall": 0.7338096133802006,
                    "f1-score": 0.7279966044268819,
                    "support": 38518.0
                },
                "weighted avg": {
                    "precision": 0.7463032272928432,
                    "recall": 0.7385637883586894,
                    "f1-score": 0.7409606127436437,
                    "support": 38518.0
                }
            },
            {
                "0": {
                    "precision": 0.5866417561886969,
                    "recall": 0.5125484594980616,
                    "f1-score": 0.5470978982903191,
                    "support": 14703.0
                },
                "1": {
                    "precision": 0.36008724100327155,
                    "recall": 0.7064612751390672,
                    "f1-score": 0.47702976018491766,
                    "support": 2337.0
                },
                "2": {
                    "precision": 0.7770051194539249,
                    "recall": 0.7642566405102598,
                    "f1-score": 0.7705781557403059,
                    "support": 23831.0
                },
                "accuracy": 0.6704019965256539,
                "macro avg": {
                    "precision": 0.5745780388819645,
                    "recall": 0.6610887917157962,
                    "f1-score": 0.5982352714051808,
                    "support": 40871.0
                },
                "weighted avg": {
                    "precision": 0.6846841678738848,
                    "recall": 0.6704019965256539,
                    "f1-score": 0.6733979344171159,
                    "support": 40871.0
                }
            },
            {
                "0": {
                    "precision": 0.5369209476512252,
                    "recall": 0.451681391685501,
                    "f1-score": 0.49062639488171406,
                    "support": 14601.0
                },
                "1": {
                    "precision": 0.09439953810623557,
                    "recall": 0.41923076923076924,
                    "f1-score": 0.1540999057492931,
                    "support": 1560.0
                },
                "2": {
                    "precision": 0.43664169787765295,
                    "recall": 0.5978632478632478,
                    "f1-score": 0.5046897546897547,
                    "support": 2340.0
                },
                "3": {
                    "precision": 0.793604796402698,
                    "recall": 0.6637970663212002,
                    "f1-score": 0.722920080101948,
                    "support": 23929.0
                },
                "accuracy": 0.5781758189959934,
                "macro avg": {
                    "precision": 0.46539174500945296,
                    "recall": 0.5331431187751796,
                    "f1-score": 0.46808403385567743,
                    "support": 42430.0
                },
                "weighted avg": {
                    "precision": 0.6598811402841182,
                    "recall": 0.5781758189959934,
                    "f1-score": 0.6100344206309297,
                    "support": 42430.0
                }
            },
            {
                "0": {
                    "precision": 0.5369209476512252,
                    "recall": 0.451681391685501,
                    "f1-score": 0.49062639488171406,
                    "support": 14601.0
                },
                "1": {
                    "precision": 0.09439953810623557,
                    "recall": 0.41923076923076924,
                    "f1-score": 0.1540999057492931,
                    "support": 1560.0
                },
                "2": {
                    "precision": 0.43664169787765295,
                    "recall": 0.5978632478632478,
                    "f1-score": 0.5046897546897547,
                    "support": 2340.0
                },
                "3": {
                    "precision": 0.793604796402698,
                    "recall": 0.6637970663212002,
                    "f1-score": 0.722920080101948,