{
    "AdvancedTabularClassifier": {
        "filter_sizes": [
            12000,
            8000,
            6000,
            4500,
            3500,
            1500,
            1000,
            300
        ],
        "training_time_seconds": [
            111.30749464035034,
            168.89250087738037,
            80.05266380310059,
            41.05349326133728,
            42.50909900665283,
            47.165851354599,
            49.53158926963806,
            50.4261212348938
        ],
        "num_classes": [
            2,
            2,
            2,
            3,
            3,
            3,
            3,
            4
        ],
        "test_f1_macro": [
            0.9998753216175595,
            0.999781806379861,
            0.9996571040337054,
            0.8746171151298743,
            0.8688352381255253,
            0.8728259736332591,
            0.864031856044547,
            0.7659616485839865
        ],
        "test_f1_micro": [
            0.9999033629686896,
            0.9998308851952068,
            0.9997342481638964,
            0.9816557136778403,
            0.9800009455817692,
            0.9811829227932486,
            0.9789608056356673,
            0.9765731793542305
        ],
        "test_f1_weighted": [
            0.9999033601117002,
            0.9998308776950058,
            0.9997342285173497,
            0.9824121679032333,
            0.9815091550111966,
            0.9819691579988883,
            0.9808231641811492,
            0.9784222791663424
        ],
        "cv_class_weights": [
            0.4684796231144397,
            0.4684796231144397,
            0.4684796231144397,
            0.868137442372907,
            0.868137442372907,
            0.868137442372907,
            0.868137442372907,
            1.1507869570454237
        ],
        "imbalance_ratio": [
            2.7576668841669267,
            2.7576668841669267,
            2.7576668841669267,
            33.36020583190395,
            33.36020583190395,
            33.36020583190395,
            33.36020583190395,
            235.11352657004832
        ],
        "total_training_samples": [
            132454,
            132454,
            132454,
            135364,
            135364,
            135364,
            135364,
            135776
        ],
        "entropy": [
            0.8353147657472386,
            0.8353147657472386,
            0.8353147657472386,
            0.6101074544235189,
            0.6101074544235189,
            0.6101074544235189,
            0.6101074544235189,
            0.49648888022639837
        ],
        "test_precision_macro": [
            0.9999048831318054,
            0.9998261474955905,
            0.999731011253582,
            0.8571657601688574,
            0.8419243014584697,
            0.8550925161458305,
            0.8343908021497123,
            0.7257485128901678
        ],
        "test_recall_macro": [
            0.9998457696221155,
            0.9997374866803639,
            0.9995832563024792,
            0.8957830596669605,
            0.9069669791161287,
            0.8944322375215056,
            0.9084501520072558,
            0.8658167034825489
        ],
        "classification_reports": [
            {
                "0": {
                    "precision": 0.9999016780283168,
                    "recall": 0.9999672238610292,
                    "f1-score": 0.9999344498705385,
                    "support": 30510.0
                },
                "1": {
                    "precision": 0.9999080882352941,
                    "recall": 0.9997243153832016,
                    "f1-score": 0.9998161933645805,
                    "support": 10882.0
                },
                "accuracy": 0.9999033629686896,
                "macro avg": {
                    "precision": 0.9999048831318054,
                    "recall": 0.9998457696221155,
                    "f1-score": 0.9998753216175595,
                    "support": 41392.0
                },
                "weighted avg": {
                    "precision": 0.9999033632784212,
                    "recall": 0.9999033629686896,
                    "f1-score": 0.9999033601117002,
                    "support": 41392.0
                }
            },
            {
                "0": {
                    "precision": 0.9998361354176908,
                    "recall": 0.9999344477220583,
                    "f1-score": 0.9998852891532701,
                    "support": 30510.0
                },
                "1": {
                    "precision": 0.9998161595734902,
                    "recall": 0.9995405256386694,
                    "f1-score": 0.9996783236064519,
                    "support": 10882.0
                },
                "accuracy": 0.9998308851952068,
                "macro avg": {
                    "precision": 0.9998261474955905,
                    "recall": 0.9997374866803639,
                    "f1-score": 0.999781806379861,
                    "support": 41392.0
                },
                "weighted avg": {
                    "precision": 0.999830883747402,
                    "recall": 0.9998308851952068,
                    "f1-score": 0.9998308776950058,
                    "support": 41392.0
                }
            },
            {
                "0": {
                    "precision": 0.9997378338522038,
                    "recall": 0.9999016715830875,
                    "f1-score": 0.9998197460057353,
                    "support": 30510.0
                },
                "1": {
                    "precision": 0.99972418865496,
                    "recall": 0.999264841021871,
                    "f1-score": 0.9994944620616756,
                    "support": 10882.0
                },
                "accuracy": 0.9997342481638964,
                "macro avg": {
                    "precision": 0.999731011253582,
                    "recall": 0.9995832563024792,
                    "f1-score": 0.9996571040337054,
                    "support": 41392.0
                },
                "weighted avg": {
                    "precision": 0.9997342465156073,
                    "recall": 0.9997342481638964,
                    "f1-score": 0.9997342285173497,
                    "support": 41392.0
                }
            },
            {
                "0": {
                    "precision": 0.5849403122130394,
                    "recall": 0.7046460176991151,
                    "f1-score": 0.6392373306573006,
                    "support": 904.0
                },
                "1": {
                    "precision": 0.990839038264378,
                    "recall": 0.9836173216454906,
                    "f1-score": 0.9872149729800975,
                    "support": 30459.0
                },
                "2": {
                    "precision": 0.9957179300291545,
                    "recall": 0.9990858396562757,
                    "f1-score": 0.9973990417522245,
                    "support": 10939.0
                },
                "accuracy": 0.9816557136778403,
                "macro avg": {
                    "precision": 0.8571657601688574,
                    "recall": 0.8957830596669605,
                    "f1-score": 0.8746171151298743,
                    "support": 42302.0
                },
                "weighted avg": {
                    "precision": 0.9834265695552031,
                    "recall": 0.9816557136778403,
                    "f1-score": 0.9824121679032333,
                    "support": 42302.0
                }
            },
            {
                "0": {
                    "precision": 0.5350877192982456,
                    "recall": 0.7422566371681416,
                    "f1-score": 0.6218721037998146,
                    "support": 904.0
                },
                "1": {
                    "precision": 0.9916002656042496,