{
    "AdvancedTabularClassifier": {
        "filter_sizes": [
            12000,
            8000,
            6000,
            4500,
            3500,
            1500,
            1000,
            300
        ],
        "training_time_seconds": [
            59.29821538925171,
            166.20233631134033,
            80.72364854812622,
            55.48139667510986,
            50.35560727119446,
            46.054967164993286,
            43.63070368766785,
            45.721349477767944
        ],
        "num_classes": [
            2,
            2,
            2,
            3,
            3,
            3,
            3,
            4
        ],
        "test_f1_macro": [
            0.9997506432351189,
            0.9998441381971388,
            0.9998129934831446,
            0.8726645825452662,
            0.8661310782614957,
            0.8655199300969847,
            0.8706860591881728,
            0.7489116520855419
        ],
        "test_f1_micro": [
            0.9998067259373792,
            0.999879203710862,
            0.9998550444530344,
            0.9856507966526405,
            0.9857926339180181,
            0.9845870171623091,
            0.9854616802988039,
            0.9806033466886637
        ],
        "test_f1_weighted": [
            0.9998067202234003,
            0.9998791947806135,
            0.9998550444530344,
            0.9846523612834269,
            0.9843354453047188,
            0.98365435555399,
            0.9843002354296664,
            0.979047538556663
        ],
        "cv_class_weights": [
            0.46924970178326064,
            0.46924970178326064,
            0.46924970178326064,
            0.8674889912212567,
            0.8674889912212567,
            0.8674889912212567,
            0.8674889912212567,
            1.14975278331686
        ],
        "imbalance_ratio": [
            2.7576668841669267,
            2.7576668841669267,
            2.7576668841669267,
            33.36020583190395,
            33.36020583190395,
            33.36020583190395,
            33.36020583190395,
            235.11352657004832
        ],
        "total_training_samples": [
            132454,
            132454,
            132454,
            135364,
            135364,
            135364,
            135364,
            135776
        ],
        "entropy": [
            0.8347497012095557,
            0.8347497012095557,
            0.8347497012095557,
            0.6100634177702903,
            0.6100634177702903,
            0.6100634177702903,
            0.6100634177702903,
            0.49706853731609674
        ],
        "test_precision_macro": [
            0.9997801973765384,
            0.9999180730788138,
            0.9998129934831446,
            0.9080479464858108,
            0.9212983631518367,
            0.8944705504474482,
            0.9135709941349276,
            0.785484295698368
        ],
        "test_recall_macro": [
            0.9997210986108784,
            0.9997702628193347,
            0.9998129934831446,
            0.8467680749221566,
            0.8313121592980838,
            0.8434718915325342,
            0.8409231404103982,
            0.7380917420424719
        ],
        "classification_reports": [
            {
                "0": {
                    "precision": 0.9998361300471945,
                    "recall": 0.9999016715830875,
                    "f1-score": 0.999868899741077,
                    "support": 30510.0
                },
                "1": {
                    "precision": 0.9997242647058824,
                    "recall": 0.9995405256386694,
                    "f1-score": 0.9996323867291609,
                    "support": 10882.0
                },
                "accuracy": 0.9998067259373792,
                "macro avg": {
                    "precision": 0.9997801973765384,
                    "recall": 0.9997210986108784,
                    "f1-score": 0.9997506432351189,
                    "support": 41392.0
                },
                "weighted avg": {
                    "precision": 0.999806720532212,
                    "recall": 0.9998067259373792,
                    "f1-score": 0.9998067202234003,
                    "support": 41392.0
                }
            },
            {
                "0": {
                    "precision": 0.9998361461576274,
                    "recall": 1.0,
                    "f1-score": 0.9999180663662434,
                    "support": 30510.0
                },
                "1": {
                    "precision": 1.0,
                    "recall": 0.9995405256386694,
                    "f1-score": 0.9997702100280343,
                    "support": 10882.0
                },
                "accuracy": 0.999879203710862,
                "macro avg": {
                    "precision": 0.9999180730788138,
                    "recall": 0.9997702628193347,
                    "f1-score": 0.9998441381971388,
                    "support": 41392.0
                },
                "weighted avg": {
                    "precision": 0.9998792235037981,
                    "recall": 0.999879203710862,
                    "f1-score": 0.9998791947806135,
                    "support": 41392.0
                }
            },
            {
                "0": {
                    "precision": 0.9999016715830875,
                    "recall": 0.9999016715830875,
                    "f1-score": 0.9999016715830875,
                    "support": 30510.0
                },
                "1": {
                    "precision": 0.9997243153832016,
                    "recall": 0.9997243153832016,
                    "f1-score": 0.9997243153832016,
                    "support": 10882.0
                },
                "accuracy": 0.9998550444530344,
                "macro avg": {
                    "precision": 0.9998129934831446,
                    "recall": 0.9998129934831446,
                    "f1-score": 0.9998129934831446,
                    "support": 41392.0
                },
                "weighted avg": {
                    "precision": 0.9998550444530344,
                    "recall": 0.9998550444530344,
                    "f1-score": 0.9998550444530344,
                    "support": 41392.0
                }
            },
            {
                "0": {
                    "precision": 0.7388059701492538,
                    "recall": 0.547566371681416,
                    "f1-score": 0.6289707750952986,
                    "support": 904.0
                },
                "1": {
                    "precision": 0.9862522804274173,
                    "recall": 0.9939262615318953,
                    "f1-score": 0.9900744011119287,
                    "support": 30459.0
                },
                "2": {
                    "precision": 0.9990855888807608,
                    "recall": 0.9988115915531585,
                    "f1-score": 0.9989485714285714,
                    "support": 10939.0
                },
                "accuracy": 0.9856507966526405,
                "macro avg": {
                    "precision": 0.9080479464858108,
                    "recall": 0.8467680749221566,
                    "f1-score": 0.8726645825452662,
                    "support": 42302.0
                },
                "weighted avg": {
                    "precision": 0.984282919562202,
                    "recall": 0.9856507966526405,
                    "f1-score": 0.9846523612834269,
                    "support": 42302.0
                }
            },
            {
                "0": {
                    "precision": 0.7793103448275862,
                    "recall": 0.5,
                    "f1-score": 0.6091644204851752,
                    "support": 904.0
                },
                "1": {
                    "precision": 0.9846763197194988,
                    "recall": 0.9957647985817,