{
    "TabNet": {
        "filter_sizes": [
            12000,
            8000,
            6000,
            4500,
            3500,
            1500,
            1000,
            300
        ],
        "training_time_seconds": [
            1045.6386363506317,
            939.2787683010101,
            989.7887043952942,
            887.2148790359497,
            921.0937705039978,
            861.573216676712,
            836.2339653968811,
            1394.7549459934235
        ],
        "num_classes": [
            2,
            2,
            2,
            3,
            3,
            3,
            3,
            4
        ],
        "test_f1_macro": [
            0.9999381152880606,
            0.9999381152880606,
            0.9999381152880606,
            0.8761814856138438,
            0.8761814856138438,
            0.8761814856138438,
            0.8761814856138438,
            0.7815816996850609
        ],
        "test_f1_micro": [
            0.9999516814843448,
            0.9999516814843448,
            0.9999516814843448,
            0.9838778308354215,
            0.9838778308354215,
            0.9838778308354215,
            0.9838778308354215,
            0.9793306622672637
        ],
        "test_f1_weighted": [
            0.9999516814843448,
            0.9999516814843448,
            0.9999516814843448,
            0.9839850758313314,
            0.9839850758313314,
            0.9839850758313314,
            0.9839850758313314,
            0.9803225923304089
        ],
        "cv_class_weights": [
            0.46924970178326064,
            0.46924970178326064,
            0.46924970178326064,
            0.8674889912212567,
            0.8674889912212567,
            0.8674889912212567,
            0.8674889912212567,
            1.14975278331686
        ],
        "total_training_samples": [
            132454,
            132454,
            132454,
            135364,
            135364,
            135364,
            135364,
            135776
        ],
        "imbalance_ratio": [
            2.7682503556187767,
            2.7682503556187767,
            2.7682503556187767,
            33.59778852798894,
            33.59778852798894,
            33.59778852798894,
            33.59778852798894,
            236.52311435523114
        ],
        "entropy": [
            0.8347497012095557,
            0.8347497012095557,
            0.8347497012095557,
            0.6100634177702903,
            0.6100634177702903,
            0.6100634177702903,
            0.6100634177702903,
            0.49706853731609674
        ],
        "test_precision_macro": [
            0.9999381152880606,
            0.9999381152880606,
            0.9999381152880606,
            0.8734250294750613,
            0.8734250294750613,
            0.8734250294750613,
            0.8734250294750613,
            0.7478964495706766
        ],
        "test_recall_macro": [
            0.9999381152880606,
            0.9999381152880606,
            0.9999381152880606,
            0.8790189711712065,
            0.8790189711712065,
            0.8790189711712065,
            0.8790189711712065,
            0.8356093056590311
        ],
        "classification_reports": [
            {
                "0": {
                    "precision": 0.9999670901072862,
                    "recall": 0.9999670901072862,
                    "f1-score": 0.9999670901072862,
                    "support": 30386.0
                },
                "1": {
                    "precision": 0.9999091404688352,
                    "recall": 0.9999091404688352,
                    "f1-score": 0.9999091404688352,
                    "support": 11006.0
                },
                "accuracy": 0.9999516814843448,
                "macro avg": {
                    "precision": 0.9999381152880606,
                    "recall": 0.9999381152880606,
                    "f1-score": 0.9999381152880606,
                    "support": 41392.0
                },
                "weighted avg": {
                    "precision": 0.9999516814843448,
                    "recall": 0.9999516814843448,
                    "f1-score": 0.9999516814843448,
                    "support": 41392.0
                }
            },
            {
                "0": {
                    "precision": 0.9999670901072862,
                    "recall": 0.9999670901072862,
                    "f1-score": 0.9999670901072862,
                    "support": 30386.0
                },
                "1": {
                    "precision": 0.9999091404688352,
                    "recall": 0.9999091404688352,
                    "f1-score": 0.9999091404688352,
                    "support": 11006.0
                },
                "accuracy": 0.9999516814843448,
                "macro avg": {
                    "precision": 0.9999381152880606,
                    "recall": 0.9999381152880606,
                    "f1-score": 0.9999381152880606,
                    "support": 41392.0
                },
                "weighted avg": {
                    "precision": 0.9999516814843448,
                    "recall": 0.9999516814843448,
                    "f1-score": 0.9999516814843448,
                    "support": 41392.0
                }
            },
            {
                "0": {
                    "precision": 0.9999670901072862,
                    "recall": 0.9999670901072862,
                    "f1-score": 0.9999670901072862,
                    "support": 30386.0
                },
                "1": {
                    "precision": 0.9999091404688352,
                    "recall": 0.9999091404688352,
                    "f1-score": 0.9999091404688352,
                    "support": 11006.0
                },
                "accuracy": 0.9999516814843448,
                "macro avg": {
                    "precision": 0.9999381152880606,
                    "recall": 0.9999381152880606,
                    "f1-score": 0.9999381152880606,
                    "support": 41392.0
                },
                "weighted avg": {
                    "precision": 0.9999516814843448,
                    "recall": 0.9999516814843448,
                    "f1-score": 0.9999516814843448,
                    "support": 41392.0
                }
            },
            {
                "0": {
                    "precision": 0.6311389759665622,
                    "recall": 0.6487647690655209,
                    "f1-score": 0.6398305084745762,
                    "support": 931.0
                },
                "1": {
                    "precision": 0.9892278892574469,
                    "recall": 0.9883839212469238,
                    "f1-score": 0.9888057251657804,
                    "support": 30475.0
                },
                "2": {
                    "precision": 0.9999082232011748,
                    "recall": 0.9999082232011748,
                    "f1-score": 0.9999082232011748,
                    "support": 10896.0
                },
                "accuracy": 0.9838778308354215,
                "macro avg": {
                    "precision": 0.8734250294750613,
                    "recall": 0.8790189711712065,
                    "f1-score": 0.8761814856138438,
                    "support": 42302.0
                },
                "weighted avg": {
                    "precision": 0.9840979223617219,
                    "recall": 0.9838778308354215,
                    "f1-score": 0.9839850758313314,
                    "support": 42302.0
                }
            },
            {
                "0": {
                    "precision": 0.6311389759665622,
                    "recall": 0.6487647690655209,
                    "f1-score": 0.6398305084745762,
                    "support": 931.0
                },
                "1": {
                    "precision": 0.9892278892574469,