{
    "TabNet": {
        "filter_sizes": [
            12000,
            8000,
            6000,
            4500,
            3500,
            1500,
            1000,
            300
        ],
        "training_time_seconds": [
            1986.6630501747131,
            1349.8444249629974,
            801.1913073062897,
            800.4508783817291,
            810.0109388828278,
            814.7261936664581,
            769.0789897441864,
            823.8845341205597
        ],
        "num_classes": [
            2,
            3,
            4,
            4,
            4,
            4,
            4,
            4
        ],
        "test_f1_macro": [
            0.7211848539935881,
            0.6091997028988332,
            0.4599095227026889,
            0.4599095227026889,
            0.4599095227026889,
            0.4599095227026889,
            0.4599095227026889,
            0.4599095227026889
        ],
        "test_f1_micro": [
            0.7277376810841685,
            0.6733869981160235,
            0.5831722837614896,
            0.5831722837614896,
            0.5831722837614896,
            0.5831722837614896,
            0.5831722837614896,
            0.5831722837614896
        ],
        "test_f1_weighted": [
            0.731447435692773,
            0.6799462719200577,
            0.6131833955337956,
            0.6131833955337956,
            0.6131833955337956,
            0.6131833955337956,
            0.6131833955337956,
            0.6131833955337956
        ],
        "cv_class_weights": [
            0.23885246965664958,
            0.6457632615350283,
            0.8707902075821371,
            0.8707902075821371,
            0.8707902075821371,
            0.8707902075821371,
            0.8707902075821371,
            0.8707902075821371
        ],
        "total_training_samples": [
            123256,
            130785,
            135776,
            135776,
            135776,
            135776,
            135776,
            135776
        ],
        "imbalance_ratio": [
            1.6276114948409652,
            10.063571616987602,
            15.223109159848333,
            15.223109159848333,
            15.223109159848333,
            15.223109159848333,
            15.223109159848333,
            15.223109159848333
        ],
        "entropy": [
            0.9584462469130828,
            0.7711844157599113,
            0.7023144887866911,
            0.7023144887866911,
            0.7023144887866911,
            0.7023144887866911,
            0.7023144887866911,
            0.7023144887866911
        ],
        "test_precision_macro": [
            0.720729322639604,
            0.5820477123403784,
            0.4562827563698222,
            0.4562827563698222,
            0.4562827563698222,
            0.4562827563698222,
            0.4562827563698222,
            0.4562827563698222
        ],
        "test_recall_macro": [
            0.7331955402505217,
            0.6752533096495116,
            0.5200141010202974,
            0.5200141010202974,
            0.5200141010202974,
            0.5200141010202974,
            0.5200141010202974,
            0.5200141010202974
        ],
        "classification_reports": [
            {
                "0": {
                    "precision": 0.61536322171543,
                    "recall": 0.7559275708916979,
                    "f1-score": 0.6784411124398246,
                    "support": 14635.0
                },
                "1": {
                    "precision": 0.826095423563778,
                    "recall": 0.7104635096093456,
                    "f1-score": 0.7639285955473516,
                    "support": 23883.0
                },
                "accuracy": 0.7277376810841685,
                "macro avg": {
                    "precision": 0.720729322639604,
                    "recall": 0.7331955402505217,
                    "f1-score": 0.7211848539935881,
                    "support": 38518.0
                },
                "weighted avg": {
                    "precision": 0.746027253512099,
                    "recall": 0.7277376810841685,
                    "f1-score": 0.731447435692773,
                    "support": 38518.0
                }
            },
            {
                "0": {
                    "precision": 0.5771321070234113,
                    "recall": 0.5656241464080852,
                    "f1-score": 0.571320182094082,
                    "support": 14644.0
                },
                "1": {
                    "precision": 0.3720304796055581,
                    "recall": 0.7258417140358548,
                    "f1-score": 0.49192472958956884,
                    "support": 2287.0
                },
                "2": {
                    "precision": 0.7969805503921658,
                    "recall": 0.7342940685045948,
                    "f1-score": 0.7643541970128487,
                    "support": 23940.0
                },
                "accuracy": 0.6733869981160235,
                "macro avg": {
                    "precision": 0.5820477123403784,
                    "recall": 0.6752533096495116,
                    "f1-score": 0.6091997028988332,
                    "support": 40871.0
                },
                "weighted avg": {
                    "precision": 0.6944305414229452,
                    "recall": 0.6733869981160235,
                    "f1-score": 0.6799462719200577,
                    "support": 40871.0
                }
            },
            {
                "0": {
                    "precision": 0.5344496074347059,
                    "recall": 0.4566050650239562,
                    "f1-score": 0.49247010187509227,
                    "support": 14610.0
                },
                "1": {
                    "precision": 0.09505999688327879,
                    "recall": 0.3979125896934116,
                    "f1-score": 0.15345911949685534,
                    "support": 1533.0
                },
                "2": {
                    "precision": 0.399624765478424,
                    "recall": 0.5501506672406371,
                    "f1-score": 0.4629596087665278,
                    "support": 2323.0
                },
                "3": {
                    "precision": 0.79599665568288,
                    "recall": 0.6753880821231848,
                    "f1-score": 0.7307492606722803,
                    "support": 23964.0
                },
                "accuracy": 0.5831722837614896,
                "macro avg": {
                    "precision": 0.4562827563698222,
                    "recall": 0.5200141010202974,
                    "f1-score": 0.4599095227026889,
                    "support": 42430.0
                },
                "weighted avg": {
                    "precision": 0.6589118059588507,
                    "recall": 0.5831722837614896,
                    "f1-score": 0.6131833955337956,
                    "support": 42430.0
                }
            },
            {
                "0": {
                    "precision": 0.5344496074347059,
                    "recall": 0.4566050650239562,
                    "f1-score": 0.49247010187509227,
                    "support": 14610.0
                },
                "1": {
                    "precision": 0.09505999688327879,
                    "recall": 0.3979125896934116,
                    "f1-score": 0.15345911949685534,
                    "support": 1533.0
                },
                "2": {
                    "precision": 0.399624765478424,
                    "recall": 0.5501506672406371,
                    "f1-score": 0.4629596087665278,
                    "support": 2323.0
                },
                "3": {
                    "precision": 0.79599665568288,
                    "recall": 0.6753880821231848,
                    "f1-score": 0.7307492606722803,