{
    "TabNet": {
        "filter_sizes": [
            12000,
            8000,
            6000,
            4500,
            3500,
            1500,
            1000,
            300
        ],
        "training_time_seconds": [
            937.9483580589294,
            942.8651223182678,
            951.7251932621002,
            2054.83514380455,
            2024.1681232452393,
            2095.9270746707916,
            1898.505874156952,
            611.5036869049072
        ],
        "num_classes": [
            2,
            2,
            2,
            3,
            3,
            3,
            3,
            4
        ],
        "test_f1_macro": [
            0.999752518506255,
            0.999752518506255,
            0.999752518506255,
            0.8182843575331233,
            0.8182843575331233,
            0.8182843575331233,
            0.8182843575331233,
            0.7221931157174892
        ],
        "test_f1_micro": [
            0.9998067259373792,
            0.9998067259373792,
            0.9998067259373792,
            0.959221786203962,
            0.959221786203962,
            0.959221786203962,
            0.959221786203962,
            0.9612302616073533
        ],
        "test_f1_weighted": [
            0.9998067483232685,
            0.9998067483232685,
            0.9998067483232685,
            0.9677253927830036,
            0.9677253927830036,
            0.9677253927830036,
            0.9677253927830036,
            0.9674187559644849
        ],
        "cv_class_weights": [
            0.46924970178326064,
            0.46924970178326064,
            0.46924970178326064,
            0.8674889912212567,
            0.8674889912212567,
            0.8674889912212567,
            0.8674889912212567,
            1.14975278331686
        ],
        "total_training_samples": [
            132454,
            132454,
            132454,
            135364,
            135364,
            135364,
            135364,
            135776
        ],
        "imbalance_ratio": [
            2.7682503556187767,
            2.7682503556187767,
            2.7682503556187767,
            33.59778852798894,
            33.59778852798894,
            33.59778852798894,
            33.59778852798894,
            236.52311435523114
        ],
        "entropy": [
            0.8347497012095557,
            0.8347497012095557,
            0.8347497012095557,
            0.6100634177702903,
            0.6100634177702903,
            0.6100634177702903,
            0.6100634177702903,
            0.49706853731609674
        ],
        "test_precision_macro": [
            0.9996368258579988,
            0.9996368258579988,
            0.9996368258579988,
            0.7770793255191147,
            0.7770793255191147,
            0.7770793255191147,
            0.7770793255191147,
            0.6670575530191885
        ],
        "test_recall_macro": [
            0.999868360429145,
            0.999868360429145,
            0.999868360429145,
            0.9383798094091652,
            0.9383798094091652,
            0.9383798094091652,
            0.9383798094091652,
            0.8452889601127433
        ],
        "classification_reports": [
            {
                "0": {
                    "precision": 1.0,
                    "recall": 0.99973672085829,
                    "f1-score": 0.9998683430978869,
                    "support": 30386.0
                },
                "1": {
                    "precision": 0.9992736517159978,
                    "recall": 1.0,
                    "f1-score": 0.9996366939146231,
                    "support": 11006.0
                },
                "accuracy": 0.9998067259373792,
                "macro avg": {
                    "precision": 0.9996368258579988,
                    "recall": 0.999868360429145,
                    "f1-score": 0.999752518506255,
                    "support": 41392.0
                },
                "weighted avg": {
                    "precision": 0.9998068663216629,
                    "recall": 0.9998067259373792,
                    "f1-score": 0.9998067483232685,
                    "support": 41392.0
                }
            },
            {
                "0": {
                    "precision": 1.0,
                    "recall": 0.99973672085829,
                    "f1-score": 0.9998683430978869,
                    "support": 30386.0
                },
                "1": {
                    "precision": 0.9992736517159978,
                    "recall": 1.0,
                    "f1-score": 0.9996366939146231,
                    "support": 11006.0
                },
                "accuracy": 0.9998067259373792,
                "macro avg": {
                    "precision": 0.9996368258579988,
                    "recall": 0.999868360429145,
                    "f1-score": 0.999752518506255,
                    "support": 41392.0
                },
                "weighted avg": {
                    "precision": 0.9998068663216629,
                    "recall": 0.9998067259373792,
                    "f1-score": 0.9998067483232685,
                    "support": 41392.0
                }
            },
            {
                "0": {
                    "precision": 1.0,
                    "recall": 0.99973672085829,
                    "f1-score": 0.9998683430978869,
                    "support": 30386.0
                },
                "1": {
                    "precision": 0.9992736517159978,
                    "recall": 1.0,
                    "f1-score": 0.9996366939146231,
                    "support": 11006.0
                },
                "accuracy": 0.9998067259373792,
                "macro avg": {
                    "precision": 0.9996368258579988,
                    "recall": 0.999868360429145,
                    "f1-score": 0.999752518506255,
                    "support": 41392.0
                },
                "weighted avg": {
                    "precision": 0.9998068663216629,
                    "recall": 0.9998067259373792,
                    "f1-score": 0.9998067483232685,
                    "support": 41392.0
                }
            },
            {
                "0": {
                    "precision": 0.33554817275747506,
                    "recall": 0.8678839957035446,
                    "f1-score": 0.4839772386942198,
                    "support": 931.0
                },
                "1": {
                    "precision": 0.9956898037998689,
                    "recall": 0.9475307629204266,
                    "f1-score": 0.971013518057704,
                    "support": 30475.0
                },
                "2": {
                    "precision": 1.0,
                    "recall": 0.9997246696035242,
                    "f1-score": 0.999862315847446,
                    "support": 10896.0
                },
                "accuracy": 0.959221786203962,
                "macro avg": {
                    "precision": 0.7770793255191147,
                    "recall": 0.9383798094091652,
                    "f1-score": 0.8182843575331233,
                    "support": 42302.0
                },
                "weighted avg": {
                    "precision": 0.9822713375168601,
                    "recall": 0.959221786203962,
                    "f1-score": 0.9677253927830036,
                    "support": 42302.0
                }
            },
            {
                "0": {
                    "precision": 0.33554817275747506,
                    "recall": 0.8678839957035446,
                    "f1-score": 0.4839772386942198,
                    "support": 931.0
                },
                "1": {
                    "precision": 0.9956898037998689,
                    "recall": 0.9475307629204266,
                    "f1-score": 0.971013518057704,
                    "support": 30475.0
                },