{
    "TabNet": {
        "filter_sizes": [
            12000,
            8000,
            6000,
            4500,
            3500,
            1500,
            1000,
            300
        ],
        "training_time_seconds": [
            860.625396490097,
            819.7422897815704,
            797.1370952129364,
            876.3204984664917,
            1761.44872713089,
            1420.4677512645721,
            1535.777363538742,
            1491.274756193161
        ],
        "num_classes": [
            2,
            2,
            2,
            2,
            4,
            5,
            5,
            5
        ],
        "test_f1_macro": [
            0.8722420233244127,
            0.8722420233244127,
            0.8722420233244127,
            0.8722420233244127,
            0.6549210433746123,
            0.5523668596534171,
            0.5523668596534171,
            0.5523668596534171
        ],
        "test_f1_micro": [
            0.9465660153937241,
            0.9465660153937241,
            0.9465660153937241,
            0.9465660153937241,
            0.9242280285035629,
            0.9084138581192552,
            0.9084138581192552,
            0.9084138581192552
        ],
        "test_f1_weighted": [
            0.9511719009233446,
            0.9511719009233446,
            0.9511719009233446,
            0.9511719009233446,
            0.9283867018469485,
            0.9172806664107447,
            0.9172806664107447,
            0.9172806664107447
        ],
        "cv_class_weights": [
            0.8074841574540913,
            0.8074841574540913,
            0.8074841574540913,
            0.8074841574540913,
            1.4380572822310065,
            1.667052044340106,
            1.667052044340106,
            1.667052044340106
        ],
        "total_training_samples": [
            129714,
            129714,
            129714,
            129714,
            134718,
            135776,
            135776,
            135776
        ],
        "imbalance_ratio": [
            9.38875540605478,
            9.38875540605478,
            9.38875540605478,
            9.38875540605478,
            47.3830303030303,
            109.24674115456239,
            109.24674115456239,
            109.24674115456239
        ],
        "entropy": [
            0.45701998121808746,
            0.45701998121808746,
            0.45701998121808746,
            0.45701998121808746,
            0.35256504209622447,
            0.32911821758806126,
            0.32911821758806126,
            0.32911821758806126
        ],
        "test_precision_macro": [
            0.8212473323962927,
            0.8212473323962927,
            0.8212473323962927,
            0.8212473323962927,
            0.6225871126264205,
            0.5105937597962275,
            0.5105937597962275,
            0.5105937597962275
        ],
        "test_recall_macro": [
            0.9559525400067607,
            0.9559525400067607,
            0.9559525400067607,
            0.9559525400067607,
            0.6955546431468835,
            0.6234751644752412,
            0.6234751644752412,
            0.6234751644752412
        ],
        "classification_reports": [
            {
                "0": {
                    "precision": 0.6460898213976071,
                    "recall": 0.9675408984679305,
                    "f1-score": 0.7747972551466001,
                    "support": 3851.0
                },
                "1": {
                    "precision": 0.9964048433949783,
                    "recall": 0.9443641815455909,
                    "f1-score": 0.9696867915022253,
                    "support": 36685.0
                },
                "accuracy": 0.9465660153937241,
                "macro avg": {
                    "precision": 0.8212473323962927,
                    "recall": 0.9559525400067607,
                    "f1-score": 0.8722420233244127,
                    "support": 40536.0
                },
                "weighted avg": {
                    "precision": 0.9631242249394849,
                    "recall": 0.9465660153937241,
                    "f1-score": 0.9511719009233446,
                    "support": 40536.0
                }
            },
            {
                "0": {
                    "precision": 0.6460898213976071,
                    "recall": 0.9675408984679305,
                    "f1-score": 0.7747972551466001,
                    "support": 3851.0
                },
                "1": {
                    "precision": 0.9964048433949783,
                    "recall": 0.9443641815455909,
                    "f1-score": 0.9696867915022253,
                    "support": 36685.0
                },
                "accuracy": 0.9465660153937241,
                "macro avg": {
                    "precision": 0.8212473323962927,
                    "recall": 0.9559525400067607,
                    "f1-score": 0.8722420233244127,
                    "support": 40536.0
                },
                "weighted avg": {
                    "precision": 0.9631242249394849,
                    "recall": 0.9465660153937241,
                    "f1-score": 0.9511719009233446,
                    "support": 40536.0
                }
            },
            {
                "0": {
                    "precision": 0.6460898213976071,
                    "recall": 0.9675408984679305,
                    "f1-score": 0.7747972551466001,
                    "support": 3851.0
                },
                "1": {
                    "precision": 0.9964048433949783,
                    "recall": 0.9443641815455909,
                    "f1-score": 0.9696867915022253,
                    "support": 36685.0
                },
                "accuracy": 0.9465660153937241,
                "macro avg": {
                    "precision": 0.8212473323962927,
                    "recall": 0.9559525400067607,
                    "f1-score": 0.8722420233244127,
                    "support": 40536.0
                },
                "weighted avg": {
                    "precision": 0.9631242249394849,
                    "recall": 0.9465660153937241,
                    "f1-score": 0.9511719009233446,
                    "support": 40536.0
                }
            },
            {
                "0": {
                    "precision": 0.6460898213976071,
                    "recall": 0.9675408984679305,
                    "f1-score": 0.7747972551466001,
                    "support": 3851.0
                },
                "1": {
                    "precision": 0.9964048433949783,
                    "recall": 0.9443641815455909,
                    "f1-score": 0.9696867915022253,
                    "support": 36685.0
                },
                "accuracy": 0.9465660153937241,
                "macro avg": {
                    "precision": 0.8212473323962927,
                    "recall": 0.9559525400067607,
                    "f1-score": 0.8722420233244127,
                    "support": 40536.0
                },
                "weighted avg": {
                    "precision": 0.9631242249394849,
                    "recall": 0.9465660153937241,
                    "f1-score": 0.9511719009233446,
                    "support": 40536.0
                }
            },
            {
                "0": {
                    "precision": 0.7018006148440931,
                    "recall": 0.8182283666154634,
                    "f1-score": 0.7555555555555555,
                    "support": 3906.0
                },
                "1": {
                    "precision": 0.9816173370435956,
                    "recall": 0.9534248819241584,
                    "f1-score": 0.9673157355344432,
                    "support": 36629.0
                },
                "2": {
                    "precision": 0.3631937682570594,