{
    "AdvancedTabularClassifier": {
        "filter_sizes": [
            12000,
            8000,
            6000,
            4500,
            3500,
            1500,
            1000,
            300
        ],
        "training_time_seconds": [
            49.12475109100342,
            49.06620001792908,
            51.278446674346924,
            49.962615728378296,
            49.398417472839355,
            51.66924858093262,
            47.86335611343384,
            50.170045614242554
        ],
        "num_classes": [
            2,
            2,
            2,
            2,
            4,
            5,
            5,
            5
        ],
        "test_f1_macro": [
            0.8873623783176233,
            0.8910239028486163,
            0.8914740160712173,
            0.8851979380536872,
            0.6904037759400965,
            0.5628212818880984,
            0.571237189744639,
            0.5714201903851637
        ],
        "test_f1_micro": [
            0.960800276297612,
            0.9606275902901125,
            0.9618857312018946,
            0.9602575488454707,
            0.9369596199524941,
            0.9278812161206693,
            0.9298609474428471,
            0.9305679943436248
        ],
        "test_f1_weighted": [
            0.9604569932206837,
            0.961018622242031,
            0.9617283070738576,
            0.959801837140691,
            0.9361516837543853,
            0.9274668468922358,
            0.9283986062609632,
            0.9281254377019849
        ],
        "cv_class_weights": [
            0.8074379018455988,
            0.8074379018455988,
            0.8074379018455988,
            0.8074379018455988,
            1.4379981650608282,
            1.6659268061773693,
            1.6659268061773693,
            1.6659268061773693
        ],
        "imbalance_ratio": [
            9.474321705426357,
            9.474321705426357,
            9.474321705426357,
            9.474321705426357,
            47.042502004811546,
            110.57964184731385,
            110.57964184731385,
            110.57964184731385
        ],
        "total_training_samples": [
            129714,
            129714,
            129714,
            129714,
            134718,
            135776,
            135776,
            135776
        ],
        "entropy": [
            0.4570947011903302,
            0.4570947011903302,
            0.4570947011903302,
            0.4570947011903302,
            0.3528971703870615,
            0.3295992223609546,
            0.3295992223609546,
            0.3295992223609546
        ],
        "test_precision_macro": [
            0.8943050694875689,
            0.8834565045575384,
            0.8947431092592383,
            0.8943028413890314,
            0.701150853076852,
            0.5817563782792136,
            0.6043735280453829,
            0.5908911935906477
        ],
        "test_recall_macro": [
            0.8807301088875086,
            0.8989994885408701,
            0.8882748202442559,
            0.87662180588198,
            0.6822782805093933,
            0.5756110047657785,
            0.5719780592506769,
            0.5673179747576986
        ],
        "classification_reports": [
            {
                "0": {
                    "precision": 0.8123366440146367,
                    "recall": 0.7811007790902237,
                    "f1-score": 0.7964125560538117,
                    "support": 3979.0
                },
                "1": {
                    "precision": 0.9762734949605012,
                    "recall": 0.9803594386847936,
                    "f1-score": 0.978312200581435,
                    "support": 36557.0
                },
                "accuracy": 0.960800276297612,
                "macro avg": {
                    "precision": 0.8943050694875689,
                    "recall": 0.8807301088875086,
                    "f1-score": 0.8873623783176233,
                    "support": 40536.0
                },
                "weighted avg": {
                    "precision": 0.9601815093202408,
                    "recall": 0.960800276297612,
                    "f1-score": 0.9604569932206837,
                    "support": 40536.0
                }
            },
            {
                "0": {
                    "precision": 0.7863494352319154,
                    "recall": 0.8223171651168635,
                    "f1-score": 0.803931203931204,
                    "support": 3979.0
                },
                "1": {
                    "precision": 0.9805635738831615,
                    "recall": 0.9756818119648768,
                    "f1-score": 0.9781166017660287,
                    "support": 36557.0
                },
                "accuracy": 0.9606275902901125,
                "macro avg": {
                    "precision": 0.8834565045575384,
                    "recall": 0.8989994885408701,
                    "f1-score": 0.8910239028486163,
                    "support": 40536.0
                },
                "weighted avg": {
                    "precision": 0.961499579959407,
                    "recall": 0.9606275902901125,
                    "f1-score": 0.961018622242031,
                    "support": 40536.0
                }
            },
            {
                "0": {
                    "precision": 0.8115719406041987,
                    "recall": 0.7966825835637095,
                    "f1-score": 0.8040583386176284,
                    "support": 3979.0
                },
                "1": {
                    "precision": 0.9779142779142779,
                    "recall": 0.9798670569248024,
                    "f1-score": 0.9788896935248064,
                    "support": 36557.0
                },
                "accuracy": 0.9618857312018946,
                "macro avg": {
                    "precision": 0.8947431092592383,
                    "recall": 0.8882748202442559,
                    "f1-score": 0.8914740160712173,
                    "support": 40536.0
                },
                "weighted avg": {
                    "precision": 0.9615861705490518,
                    "recall": 0.9618857312018946,
                    "f1-score": 0.9617283070738576,
                    "support": 40536.0
                }
            },
            {
                "0": {
                    "precision": 0.8132275132275132,
                    "recall": 0.7725559185725056,
                    "f1-score": 0.792370150792628,
                    "support": 3979.0
                },
                "1": {
                    "precision": 0.9753781695505496,
                    "recall": 0.9806876931914544,
                    "f1-score": 0.9780257253147464,
                    "support": 36557.0
                },
                "accuracy": 0.9602575488454707,
                "macro avg": {
                    "precision": 0.8943028413890314,
                    "recall": 0.87662180588198,
                    "f1-score": 0.8851979380536872,
                    "support": 40536.0
                },
                "weighted avg": {
                    "precision": 0.9594615161681399,
                    "recall": 0.9602575488454707,
                    "f1-score": 0.959801837140691,
                    "support": 40536.0
                }
            },
            {
                "0": {
                    "precision": 0.7096069868995634,
                    "recall": 0.737891019172553,
                    "f1-score": 0.7234726688102894,
                    "support": 3964.0
                },
                "1": {
                    "precision": 0.976444225829371,
                    "recall": 0.9772453779673996,
                    "f1-score": 0.976844637633615,
                    "support": 36564.0
                },
                "2": {
                    "precision": 0.40965732087227413,