{
    "TabPFNClassifier": {
        "filter_sizes": [
            12000,
            8000,
            6000,
            4500,
            3500,
            1500,
            1000,
            300
        ],
        "training_time_seconds": [
            40.23955178260803,
            38.77731966972351,
            37.91885948181152,
            37.86375546455383,
            38.525468826293945,
            40.33107900619507,
            38.784051179885864,
            40.224318981170654
        ],
        "num_classes": [
            2,
            2,
            2,
            2,
            4,
            5,
            5,
            5
        ],
        "test_f1_macro": [
            0.9287792575321316,
            0.9287792575321316,
            0.9287792575321316,
            0.9287792575321316,
            0.757933951205202,
            0.6686631298164598,
            0.6686631298164598,
            0.6686631298164598
        ],
        "test_f1_micro": [
            0.9746398263272154,
            0.9746398263272154,
            0.9746398263272154,
            0.9746398263272154,
            0.9536579572446556,
            0.9484091444732501,
            0.9484091444732501,
            0.9484091444732501
        ],
        "test_f1_weighted": [
            0.9749359010765687,
            0.9749359010765687,
            0.9749359010765687,
            0.9749359010765687,
            0.9534775894977879,
            0.9477141499909792,
            0.9477141499909792,
            0.9477141499909792
        ],
        "cv_class_weights": [
            0.8080700618283301,
            0.8080700618283301,
            0.8080700618283301,
            0.8080700618283301,
            1.436942292305175,
            1.6658859875023757,
            1.6658859875023757,
            1.6658859875023757
        ],
        "imbalance_ratio": [
            9.420469151670952,
            9.420469151670952,
            9.420469151670952,
            9.420469151670952,
            47.3730800323363,
            110.00187617260788,
            110.00187617260788,
            110.00187617260788
        ],
        "total_training_samples": [
            129714,
            129714,
            129714,
            129714,
            134718,
            135776,
            135776,
            135776
        ],
        "entropy": [
            0.4560727597780627,
            0.4560727597780627,
            0.4560727597780627,
            0.4560727597780627,
            0.3531964859699337,
            0.3297505353237655,
            0.3297505353237655,
            0.3297505353237655
        ],
        "test_precision_macro": [
            0.9190635694523028,
            0.9190635694523028,
            0.9190635694523028,
            0.9190635694523028,
            0.7735197633315779,
            0.6976659168921004,
            0.6976659168921004,
            0.6976659168921004
        ],
        "test_recall_macro": [
            0.93910290993,
            0.93910290993,
            0.93910290993,
            0.93910290993,
            0.7557378165154962,
            0.6602649024432052,
            0.6602649024432052,
            0.6602649024432052
        ],
        "classification_reports": [
            {
                "0": {
                    "precision": 0.8493550742273059,
                    "recall": 0.8951013080276994,
                    "f1-score": 0.8716283716283716,
                    "support": 3899.0
                },
                "1": {
                    "precision": 0.9887720646772998,
                    "recall": 0.9831045118323006,
                    "f1-score": 0.9859301434358918,
                    "support": 36637.0
                },
                "accuracy": 0.9746398263272154,
                "macro avg": {
                    "precision": 0.9190635694523028,
                    "recall": 0.93910290993,
                    "f1-score": 0.9287792575321316,
                    "support": 40536.0
                },
                "weighted avg": {
                    "precision": 0.9753620872309675,
                    "recall": 0.9746398263272154,
                    "f1-score": 0.9749359010765687,
                    "support": 40536.0
                }
            },
            {
                "0": {
                    "precision": 0.8493550742273059,
                    "recall": 0.8951013080276994,
                    "f1-score": 0.8716283716283716,
                    "support": 3899.0
                },
                "1": {
                    "precision": 0.9887720646772998,
                    "recall": 0.9831045118323006,
                    "f1-score": 0.9859301434358918,
                    "support": 36637.0
                },
                "accuracy": 0.9746398263272154,
                "macro avg": {
                    "precision": 0.9190635694523028,
                    "recall": 0.93910290993,
                    "f1-score": 0.9287792575321316,
                    "support": 40536.0
                },
                "weighted avg": {
                    "precision": 0.9753620872309675,
                    "recall": 0.9746398263272154,
                    "f1-score": 0.9749359010765687,
                    "support": 40536.0
                }
            },
            {
                "0": {
                    "precision": 0.8493550742273059,
                    "recall": 0.8951013080276994,
                    "f1-score": 0.8716283716283716,
                    "support": 3899.0
                },
                "1": {
                    "precision": 0.9887720646772998,
                    "recall": 0.9831045118323006,
                    "f1-score": 0.9859301434358918,
                    "support": 36637.0
                },
                "accuracy": 0.9746398263272154,
                "macro avg": {
                    "precision": 0.9190635694523028,
                    "recall": 0.93910290993,
                    "f1-score": 0.9287792575321316,
                    "support": 40536.0
                },
                "weighted avg": {
                    "precision": 0.9753620872309675,
                    "recall": 0.9746398263272154,
                    "f1-score": 0.9749359010765687,
                    "support": 40536.0
                }
            },
            {
                "0": {
                    "precision": 0.8493550742273059,
                    "recall": 0.8951013080276994,
                    "f1-score": 0.8716283716283716,
                    "support": 3899.0
                },
                "1": {
                    "precision": 0.9887720646772998,
                    "recall": 0.9831045118323006,
                    "f1-score": 0.9859301434358918,
                    "support": 36637.0
                },
                "accuracy": 0.9746398263272154,
                "macro avg": {
                    "precision": 0.9190635694523028,
                    "recall": 0.93910290993,
                    "f1-score": 0.9287792575321316,
                    "support": 40536.0
                },
                "weighted avg": {
                    "precision": 0.9753620872309675,
                    "recall": 0.9746398263272154,
                    "f1-score": 0.9749359010765687,
                    "support": 40536.0
                }
            },
            {
                "0": {
                    "precision": 0.7535996284254528,
                    "recall": 0.8577848268569918,
                    "f1-score": 0.8023241438991222,
                    "support": 3783.0
                },
                "1": {
                    "precision": 0.987695012085256,
                    "recall": 0.9793295024374302,
                    "f1-score": 0.9834944685273566,
                    "support": 36719.0
                },
                "2": {
                    "precision": 0.6554934823091247,
                    "recall": 0.4345679012345679,