{
    "TabNet": {
        "filter_sizes": [
            12000,
            8000,
            6000,
            4500,
            3500,
            1500,
            1000,
            300
        ],
        "training_time_seconds": [
            2366.3032195568085,
            2011.8140461444855,
            2610.606677055359,
            2708.159909725189,
            2652.901116847992,
            2612.481579065323,
            2594.2992992401123,
            2550.054502725601
        ],
        "num_classes": [
            2,
            3,
            4,
            4,
            4,
            4,
            4,
            4
        ],
        "test_f1_macro": [
            0.70576390750662,
            0.6305960695302697,
            0.4750773238582517,
            0.4750773238582517,
            0.4750773238582517,
            0.4750773238582517,
            0.4750773238582517,
            0.4750773238582517
        ],
        "test_f1_micro": [
            0.7402513110753414,
            0.7127792322184434,
            0.6896535470186189,
            0.6896535470186189,
            0.6896535470186189,
            0.6896535470186189,
            0.6896535470186189,
            0.6896535470186189
        ],
        "test_f1_weighted": [
            0.730122417921352,
            0.7013672243778545,
            0.6676943002843334,
            0.6676943002843334,
            0.6676943002843334,
            0.6676943002843334,
            0.6676943002843334,
            0.6676943002843334
        ],
        "cv_class_weights": [
            0.23843058350100604,
            0.646885720771917,
            0.8713517036487163,
            0.8713517036487163,
            0.8713517036487163,
            0.8713517036487163,
            0.8713517036487163,
            0.8713517036487163
        ],
        "total_training_samples": [
            123256,
            130785,
            135776,
            135776,
            135776,
            135776,
            135776,
            135776
        ],
        "imbalance_ratio": [
            1.6261558784676353,
            10.128480509148767,
            15.292785571142284,
            15.292785571142284,
            15.292785571142284,
            15.292785571142284,
            15.292785571142284,
            15.292785571142284
        ],
        "entropy": [
            0.9585943523562671,
            0.7703811923731857,
            0.7018564521079496,
            0.7018564521079496,
            0.7018564521079496,
            0.7018564521079496,
            0.7018564521079496,
            0.7018564521079496
        ],
        "test_precision_macro": [
            0.732264667078415,
            0.7314381875048835,
            0.6993424360565352,
            0.6993424360565352,
            0.6993424360565352,
            0.6993424360565352,
            0.6993424360565352,
            0.6993424360565352
        ],
        "test_recall_macro": [
            0.6982962145347368,
            0.5889510308338924,
            0.4532058296133382,
            0.4532058296133382,
            0.4532058296133382,
            0.4532058296133382,
            0.4532058296133382,
            0.4532058296133382
        ],
        "classification_reports": [
            {
                "0": {
                    "precision": 0.7142324540963743,
                    "recall": 0.5247911245034926,
                    "f1-score": 0.6050294106036083,
                    "support": 14602.0
                },
                "1": {
                    "precision": 0.7502968800604556,
                    "recall": 0.8718013045659809,
                    "f1-score": 0.8064984044096316,
                    "support": 23916.0
                },
                "accuracy": 0.7402513110753414,
                "macro avg": {
                    "precision": 0.732264667078415,
                    "recall": 0.6982962145347368,
                    "f1-score": 0.70576390750662,
                    "support": 38518.0
                },
                "weighted avg": {
                    "precision": 0.7366250189065142,
                    "recall": 0.7402513110753414,
                    "f1-score": 0.730122417921352,
                    "support": 38518.0
                }
            },
            {
                "0": {
                    "precision": 0.6391033623910336,
                    "recall": 0.5235666190573353,
                    "f1-score": 0.5755944369672499,
                    "support": 14703.0
                },
                "1": {
                    "precision": 0.8144424131627057,
                    "recall": 0.38125802310654683,
                    "f1-score": 0.5193821043427572,
                    "support": 2337.0
                },
                "2": {
                    "precision": 0.7407687869609115,
                    "recall": 0.8620284503377953,
                    "f1-score": 0.7968116672808021,
                    "support": 23831.0
                },
                "accuracy": 0.7127792322184434,
                "macro avg": {
                    "precision": 0.7314381875048835,
                    "recall": 0.5889510308338924,
                    "f1-score": 0.6305960695302697,
                    "support": 40871.0
                },
                "weighted avg": {
                    "precision": 0.7084081529412565,
                    "recall": 0.7127792322184434,
                    "f1-score": 0.7013672243778545,
                    "support": 40871.0
                }
            },
            {
                "0": {
                    "precision": 0.6007409743023806,
                    "recall": 0.5219505513321006,
                    "f1-score": 0.5585810092718144,
                    "support": 14601.0
                },
                "1": {
                    "precision": 0.7647058823529411,
                    "recall": 0.016666666666666666,
                    "f1-score": 0.03262233375156838,
                    "support": 1560.0
                },
                "2": {
                    "precision": 0.7032163742690059,
                    "recall": 0.4111111111111111,
                    "f1-score": 0.5188781014023732,
                    "support": 2340.0
                },
                "3": {
                    "precision": 0.7287065133018136,
                    "recall": 0.8630949893434744,
                    "f1-score": 0.7902278510072507,
                    "support": 23929.0
                },
                "accuracy": 0.6896535470186189,
                "macro avg": {
                    "precision": 0.6993424360565352,
                    "recall": 0.4532058296133382,
                    "f1-score": 0.4750773238582517,
                    "support": 42430.0
                },
                "weighted avg": {
                    "precision": 0.6845888431498518,
                    "recall": 0.6896535470186189,
                    "f1-score": 0.6676943002843334,
                    "support": 42430.0
                }
            },
            {
                "0": {
                    "precision": 0.6007409743023806,
                    "recall": 0.5219505513321006,
                    "f1-score": 0.5585810092718144,
                    "support": 14601.0
                },
                "1": {
                    "precision": 0.7647058823529411,
                    "recall": 0.016666666666666666,
                    "f1-score": 0.03262233375156838,
                    "support": 1560.0
                },
                "2": {
                    "precision": 0.7032163742690059,
                    "recall": 0.4111111111111111,
                    "f1-score": 0.5188781014023732,
                    "support": 2340.0
                },
                "3": {
                    "precision": 0.7287065133018136,
                    "recall": 0.8630949893434744,
                    "f1-score": 0.7902278510072507,