{
    "AdvancedTabularClassifier": {
        "filter_sizes": [
            12000,
            8000,
            6000,
            4500,
            3500,
            1500,
            1000,
            300
        ],
        "training_time_seconds": [
            47.8318190574646,
            43.09542489051819,
            44.52880358695984,
            44.25984716415405,
            58.77522540092468,
            43.129149198532104,
            63.381694078445435,
            50.89289450645447
        ],
        "num_classes": [
            2,
            2,
            2,
            2,
            4,
            5,
            5,
            5
        ],
        "test_f1_macro": [
            0.8479226571464045,
            0.8805041680534119,
            0.8635252656121448,
            0.845939727546333,
            0.5951299536959886,
            0.41923051416547585,
            0.48614646506143694,
            0.4947766585185005
        ],
        "test_f1_micro": [
            0.9321097296230512,
            0.9508831655812118,
            0.9416567988948096,
            0.9318136964673377,
            0.8752731591448931,
            0.7835493754419043,
            0.8498939429648833,
            0.864176290360594
        ],
        "test_f1_weighted": [
            0.9388592104336788,
            0.9542065365467953,
            0.9465147048636415,
            0.9383796614449745,
            0.8943173063414104,
            0.8279430723264846,
            0.8759627355341492,
            0.8860102947788432
        ],
        "cv_class_weights": [
            0.8071449496584794,
            0.8071449496584794,
            0.8071449496584794,
            0.8071449496584794,
            1.4400464779189588,
            1.6659026502804735,
            1.6659026502804735,
            1.6659026502804735
        ],
        "imbalance_ratio": [
            9.474321705426357,
            9.474321705426357,
            9.474321705426357,
            9.474321705426357,
            47.042502004811546,
            110.57964184731385,
            110.57964184731385,
            110.57964184731385
        ],
        "total_training_samples": [
            129714,
            129714,
            129714,
            129714,
            134718,
            135776,
            135776,
            135776
        ],
        "entropy": [
            0.45756772180444555,
            0.45756772180444555,
            0.45756772180444555,
            0.45756772180444555,
            0.3507774987566557,
            0.3297267262445294,
            0.3297267262445294,
            0.3297267262445294
        ],
        "test_precision_macro": [
            0.7955062820696762,
            0.8375069177860675,
            0.8152480241471067,
            0.7949825737430696,
            0.5362343639446796,
            0.3724612626557322,
            0.432227483605486,
            0.4448895158315895
        ],
        "test_recall_macro": [
            0.9436590820245989,
            0.9435411357557808,
            0.9420092745166356,
            0.9369999731129393,
            0.7649684794323643,
            0.6004474169304255,
            0.6209497210269211,
            0.621017977399225
        ],
        "classification_reports": [
            {
                "0": {
                    "precision": 0.5959043301547601,
                    "recall": 0.9580296556923851,
                    "f1-score": 0.7347725520431766,
                    "support": 3979.0
                },
                "1": {
                    "precision": 0.9951082339845924,
                    "recall": 0.9292885083568126,
                    "f1-score": 0.9610727622496322,
                    "support": 36557.0
                },
                "accuracy": 0.9321097296230512,
                "macro avg": {
                    "precision": 0.7955062820696762,
                    "recall": 0.9436590820245989,
                    "f1-score": 0.8479226571464045,
                    "support": 40536.0
                },
                "weighted avg": {
                    "precision": 0.955922514294961,
                    "recall": 0.9321097296230512,
                    "f1-score": 0.9388592104336788,
                    "support": 40536.0
                }
            },
            {
                "0": {
                    "precision": 0.6824522760646109,
                    "recall": 0.9344056295551646,
                    "f1-score": 0.7887981330221704,
                    "support": 3979.0
                },
                "1": {
                    "precision": 0.9925615595075239,
                    "recall": 0.9526766419563969,
                    "f1-score": 0.9722102030846534,
                    "support": 36557.0
                },
                "accuracy": 0.9508831655812118,
                "macro avg": {
                    "precision": 0.8375069177860675,
                    "recall": 0.9435411357557808,
                    "f1-score": 0.8805041680534119,
                    "support": 40536.0
                },
                "weighted avg": {
                    "precision": 0.9621213375117831,
                    "recall": 0.9508831655812118,
                    "f1-score": 0.9542065365467953,
                    "support": 40536.0
                }
            },
            {
                "0": {
                    "precision": 0.6371049949031601,
                    "recall": 0.9424478512188992,
                    "f1-score": 0.7602635580334516,
                    "support": 3979.0
                },
                "1": {
                    "precision": 0.9933910533910534,
                    "recall": 0.9415706978143721,
                    "f1-score": 0.966786973190838,
                    "support": 36557.0
                },
                "accuracy": 0.9416567988948096,
                "macro avg": {
                    "precision": 0.8152480241471067,
                    "recall": 0.9420092745166356,
                    "f1-score": 0.8635252656121448,
                    "support": 40536.0
                },
                "weighted avg": {
                    "precision": 0.9584181348316659,
                    "recall": 0.9416567988948096,
                    "f1-score": 0.9465147048636415,
                    "support": 40536.0
                }
            },
            {
                "0": {
                    "precision": 0.5965358334657556,
                    "recall": 0.9434531289268661,
                    "f1-score": 0.7309190031152648,
                    "support": 3979.0
                },
                "1": {
                    "precision": 0.9934293140203837,
                    "recall": 0.9305468172990125,
                    "f1-score": 0.9609604519774011,
                    "support": 36557.0
                },
                "accuracy": 0.9318136964673377,
                "macro avg": {
                    "precision": 0.7949825737430696,
                    "recall": 0.9369999731129393,
                    "f1-score": 0.845939727546333,
                    "support": 40536.0
                },
                "weighted avg": {
                    "precision": 0.9544703846951699,
                    "recall": 0.9318136964673377,
                    "f1-score": 0.9383796614449745,
                    "support": 40536.0
                }
            },
            {
                "0": {
                    "precision": 0.564018691588785,
                    "recall": 0.6089808274470232,
                    "f1-score": 0.5856380397865114,
                    "support": 3964.0
                },
                "1": {
                    "precision": 0.9911691876249291,
                    "recall": 0.9086259709003391,
                    "f1-score": 0.9481043905083972,
                    "support": 36564.0
                },
                "2": {
                    "precision": 0.2357197258187357,