{
    "TabNet": {
        "filter_sizes": [
            12000,
            8000,
            6000,
            4500,
            3500,
            1500,
            1000,
            300
        ],
        "training_time_seconds": [
            510.2970266342163,
            471.6620373725891,
            498.5096004009247,
            622.9348328113556,
            611.555023431778,
            646.7826583385468,
            599.8387644290924,
            1145.6470882892609
        ],
        "num_classes": [
            2,
            2,
            2,
            3,
            3,
            3,
            3,
            4
        ],
        "test_f1_macro": [
            0.9990425318994329,
            0.9990425318994329,
            0.9990425318994329,
            0.7972281407502951,
            0.7972281407502951,
            0.7972281407502951,
            0.7972281407502951,
            0.7380097326290914
        ],
        "test_f1_micro": [
            0.9992510630073445,
            0.9992510630073445,
            0.9992510630073445,
            0.951373457519739,
            0.951373457519739,
            0.951373457519739,
            0.951373457519739,
            0.9466179589912798
        ],
        "test_f1_weighted": [
            0.9992512681163702,
            0.9992512681163702,
            0.9992512681163702,
            0.9626233087031756,
            0.9626233087031756,
            0.9626233087031756,
            0.9626233087031756,
            0.9581273462202302
        ],
        "cv_class_weights": [
            0.46950639467286753,
            0.46950639467286753,
            0.46950639467286753,
            0.8678956080446022,
            0.8678956080446022,
            0.8678956080446022,
            0.8678956080446022,
            1.1512245540045383
        ],
        "total_training_samples": [
            132454,
            132454,
            132454,
            135364,
            135364,
            135364,
            135364,
            135776
        ],
        "imbalance_ratio": [
            2.7700737198645147,
            2.7700737198645147,
            2.7700737198645147,
            33.16979202182066,
            33.16979202182066,
            33.16979202182066,
            33.16979202182066,
            235.6634382566586
        ],
        "entropy": [
            0.8345611026067205,
            0.8345611026067205,
            0.8345611026067205,
            0.6103408231525391,
            0.6103408231525391,
            0.6103408231525391,
            0.6103408231525391,
            0.4962529234249985
        ],
        "test_precision_macro": [
            0.9987696080034791,
            0.9987696080034791,
            0.9987696080034791,
            0.7595828068051058,
            0.7595828068051058,
            0.7595828068051058,
            0.7595828068051058,
            0.6801638932343775
        ],
        "test_recall_macro": [
            0.9993162934630366,
            0.9993162934630366,
            0.9993162934630366,
            0.9311741453152301,
            0.9311741453152301,
            0.9311741453152301,
            0.9311741453152301,
            0.8892668415639711
        ],
        "classification_reports": [
            {
                "0": {
                    "precision": 0.9998022738507167,
                    "recall": 0.9991766565669872,
                    "f1-score": 0.9994893673096246,
                    "support": 30364.0
                },
                "1": {
                    "precision": 0.9977369421562415,
                    "recall": 0.999455930359086,
                    "f1-score": 0.9985956964892412,
                    "support": 11028.0
                },
                "accuracy": 0.9992510630073445,
                "macro avg": {
                    "precision": 0.9987696080034791,
                    "recall": 0.9993162934630366,
                    "f1-score": 0.9990425318994329,
                    "support": 41392.0
                },
                "weighted avg": {
                    "precision": 0.9992520110480817,
                    "recall": 0.9992510630073445,
                    "f1-score": 0.9992512681163702,
                    "support": 41392.0
                }
            },
            {
                "0": {
                    "precision": 0.9998022738507167,
                    "recall": 0.9991766565669872,
                    "f1-score": 0.9994893673096246,
                    "support": 30364.0
                },
                "1": {
                    "precision": 0.9977369421562415,
                    "recall": 0.999455930359086,
                    "f1-score": 0.9985956964892412,
                    "support": 11028.0
                },
                "accuracy": 0.9992510630073445,
                "macro avg": {
                    "precision": 0.9987696080034791,
                    "recall": 0.9993162934630366,
                    "f1-score": 0.9990425318994329,
                    "support": 41392.0
                },
                "weighted avg": {
                    "precision": 0.9992520110480817,
                    "recall": 0.9992510630073445,
                    "f1-score": 0.9992512681163702,
                    "support": 41392.0
                }
            },
            {
                "0": {
                    "precision": 0.9998022738507167,
                    "recall": 0.9991766565669872,
                    "f1-score": 0.9994893673096246,
                    "support": 30364.0
                },
                "1": {
                    "precision": 0.9977369421562415,
                    "recall": 0.999455930359086,
                    "f1-score": 0.9985956964892412,
                    "support": 11028.0
                },
                "accuracy": 0.9992510630073445,
                "macro avg": {
                    "precision": 0.9987696080034791,
                    "recall": 0.9993162934630366,
                    "f1-score": 0.9990425318994329,
                    "support": 41392.0
                },
                "weighted avg": {
                    "precision": 0.9992520110480817,
                    "recall": 0.9992510630073445,
                    "f1-score": 0.9992512681163702,
                    "support": 41392.0
                }
            },
            {
                "0": {
                    "precision": 0.28522984174830446,
                    "recall": 0.8582766439909297,
                    "f1-score": 0.4281674208144796,
                    "support": 882.0
                },
                "1": {
                    "precision": 0.9949720670391061,
                    "recall": 0.937152629328773,
                    "f1-score": 0.9651972157772621,
                    "support": 30407.0
                },
                "2": {
                    "precision": 0.998546511627907,
                    "recall": 0.9980931626259875,
                    "f1-score": 0.9983197856591436,
                    "support": 11013.0
                },
                "accuracy": 0.951373457519739,
                "macro avg": {
                    "precision": 0.7595828068051058,
                    "recall": 0.9311741453152301,
                    "f1-score": 0.7972281407502951,
                    "support": 42302.0
                },
                "weighted avg": {
                    "precision": 0.9811044654020672,
                    "recall": 0.951373457519739,
                    "f1-score": 0.9626233087031756,
                    "support": 42302.0
                }
            },
            {
                "0": {
                    "precision": 0.28522984174830446,
                    "recall": 0.8582766439909297,
                    "f1-score": 0.4281674208144796,
                    "support": 882.0
                },
                "1": {
                    "precision": 0.9949720670391061,
                    "recall": 0.937152629328773,