{
    "TabNet": {
        "filter_sizes": [
            12000,
            8000,
            6000,
            4500,
            3500,
            1500,
            1000,
            300
        ],
        "training_time_seconds": [
            1039.8198976516724,
            1038.043226480484,
            1079.5053369998932,
            1146.477917432785,
            864.1410200595856,
            1218.4495689868927,
            1248.5372459888458,
            1209.730439901352
        ],
        "num_classes": [
            2,
            2,
            2,
            2,
            4,
            5,
            5,
            5
        ],
        "test_f1_macro": [
            0.8773445724251796,
            0.8773445724251796,
            0.8773445724251796,
            0.8773445724251796,
            0.6499482201780455,
            0.5532959974962836,
            0.5532959974962836,
            0.5532959974962836
        ],
        "test_f1_micro": [
            0.9491809749358595,
            0.9491809749358595,
            0.9491809749358595,
            0.9491809749358595,
            0.9204038004750594,
            0.91133631864247,
            0.91133631864247,
            0.91133631864247
        ],
        "test_f1_weighted": [
            0.953390844698106,
            0.953390844698106,
            0.953390844698106,
            0.953390844698106,
            0.9278228875500195,
            0.9212870511377282,
            0.9212870511377282,
            0.9212870511377282
        ],
        "cv_class_weights": [
            0.8074379018455988,
            0.8074379018455988,
            0.8074379018455988,
            0.8074379018455988,
            1.4379981650608282,
            1.6659268061773693,
            1.6659268061773693,
            1.6659268061773693
        ],
        "total_training_samples": [
            129714,
            129714,
            129714,
            129714,
            134718,
            135776,
            135776,
            135776
        ],
        "imbalance_ratio": [
            9.386259908719673,
            9.386259908719673,
            9.386259908719673,
            9.386259908719673,
            47.24939564867043,
            111.25521821631878,
            111.25521821631878,
            111.25521821631878
        ],
        "entropy": [
            0.4570947011903302,
            0.4570947011903302,
            0.4570947011903302,
            0.4570947011903302,
            0.3528971703870615,
            0.3295992223609546,
            0.3295992223609546,
            0.3295992223609546
        ],
        "test_precision_macro": [
            0.8271566185370481,
            0.8271566185370481,
            0.8271566185370481,
            0.8271566185370481,
            0.5996398849221242,
            0.5068026943881125,
            0.5068026943881125,
            0.5068026943881125
        ],
        "test_recall_macro": [
            0.9578520125429196,
            0.9578520125429196,
            0.9578520125429196,
            0.9578520125429196,
            0.730308680993688,
            0.6388680913371516,
            0.6388680913371516,
            0.6388680913371516
        ],
        "classification_reports": [
            {
                "0": {
                    "precision": 0.6577832686198376,
                    "recall": 0.9685550935550935,
                    "f1-score": 0.7834769812907294,
                    "support": 3848.0
                },
                "1": {
                    "precision": 0.9965299684542587,
                    "recall": 0.9471489315307458,
                    "f1-score": 0.9712121635596299,
                    "support": 36688.0
                },
                "accuracy": 0.9491809749358595,
                "macro avg": {
                    "precision": 0.8271566185370481,
                    "recall": 0.9578520125429196,
                    "f1-score": 0.8773445724251796,
                    "support": 40536.0
                },
                "weighted avg": {
                    "precision": 0.9643734334985932,
                    "recall": 0.9491809749358595,
                    "f1-score": 0.953390844698106,
                    "support": 40536.0
                }
            },
            {
                "0": {
                    "precision": 0.6577832686198376,
                    "recall": 0.9685550935550935,
                    "f1-score": 0.7834769812907294,
                    "support": 3848.0
                },
                "1": {
                    "precision": 0.9965299684542587,
                    "recall": 0.9471489315307458,
                    "f1-score": 0.9712121635596299,
                    "support": 36688.0
                },
                "accuracy": 0.9491809749358595,
                "macro avg": {
                    "precision": 0.8271566185370481,
                    "recall": 0.9578520125429196,
                    "f1-score": 0.8773445724251796,
                    "support": 40536.0
                },
                "weighted avg": {
                    "precision": 0.9643734334985932,
                    "recall": 0.9491809749358595,
                    "f1-score": 0.953390844698106,
                    "support": 40536.0
                }
            },
            {
                "0": {
                    "precision": 0.6577832686198376,
                    "recall": 0.9685550935550935,
                    "f1-score": 0.7834769812907294,
                    "support": 3848.0
                },
                "1": {
                    "precision": 0.9965299684542587,
                    "recall": 0.9471489315307458,
                    "f1-score": 0.9712121635596299,
                    "support": 36688.0
                },
                "accuracy": 0.9491809749358595,
                "macro avg": {
                    "precision": 0.8271566185370481,
                    "recall": 0.9578520125429196,
                    "f1-score": 0.8773445724251796,
                    "support": 40536.0
                },
                "weighted avg": {
                    "precision": 0.9643734334985932,
                    "recall": 0.9491809749358595,
                    "f1-score": 0.953390844698106,
                    "support": 40536.0
                }
            },
            {
                "0": {
                    "precision": 0.6577832686198376,
                    "recall": 0.9685550935550935,
                    "f1-score": 0.7834769812907294,
                    "support": 3848.0
                },
                "1": {
                    "precision": 0.9965299684542587,
                    "recall": 0.9471489315307458,
                    "f1-score": 0.9712121635596299,
                    "support": 36688.0
                },
                "accuracy": 0.9491809749358595,
                "macro avg": {
                    "precision": 0.8271566185370481,
                    "recall": 0.9578520125429196,
                    "f1-score": 0.8773445724251796,
                    "support": 40536.0
                },
                "weighted avg": {
                    "precision": 0.9643734334985932,
                    "recall": 0.9491809749358595,
                    "f1-score": 0.953390844698106,
                    "support": 40536.0
                }
            },
            {
                "0": {
                    "precision": 0.6900610287707062,
                    "recall": 0.8005056890012642,
                    "f1-score": 0.7411916188692497,
                    "support": 3955.0
                },
                "1": {
                    "precision": 0.9896439575487846,
                    "recall": 0.9470365011329821,
                    "f1-score": 0.9678715419706756,
                    "support": 36629.0
                },
                "2": {
                    "precision": 0.3160250671441361,
                    "recall": 0.47831978319783197,