{
    "TabNet": {
        "filter_sizes": [
            12000,
            8000,
            6000,
            4500,
            3500,
            1500,
            1000,
            300
        ],
        "training_time_seconds": [
            2498.8893678188324,
            1353.1679241657257,
            1538.6831438541412,
            1565.7811181545258,
            1529.967782497406,
            1866.9183509349823,
            1786.0007195472717,
            1437.1944217681885
        ],
        "num_classes": [
            2,
            3,
            4,
            4,
            4,
            4,
            4,
            4
        ],
        "test_f1_macro": [
            0.7054002245027458,
            0.6208067026735408,
            0.4844436957545416,
            0.4844436957545416,
            0.4844436957545416,
            0.4844436957545416,
            0.4844436957545416,
            0.4844436957545416
        ],
        "test_f1_micro": [
            0.7388753310140713,
            0.702870005627462,
            0.683337261371671,
            0.683337261371671,
            0.683337261371671,
            0.683337261371671,
            0.683337261371671,
            0.683337261371671
        ],
        "test_f1_weighted": [
            0.7286554201845199,
            0.6901025519395297,
            0.6638362841002529,
            0.6638362841002529,
            0.6638362841002529,
            0.6638362841002529,
            0.6638362841002529,
            0.6638362841002529
        ],
        "cv_class_weights": [
            0.24032907120140196,
            0.6458671146562117,
            0.8710055356793707,
            0.8710055356793707,
            0.8710055356793707,
            0.8710055356793707,
            0.8710055356793707,
            0.8710055356793707
        ],
        "total_training_samples": [
            123256,
            130785,
            135776,
            135776,
            135776,
            135776,
            135776,
            135776
        ],
        "imbalance_ratio": [
            1.632718884166008,
            10.112717146267073,
            15.303188289552837,
            15.303188289552837,
            15.303188289552837,
            15.303188289552837,
            15.303188289552837,
            15.303188289552837
        ],
        "entropy": [
            0.9579257329734095,
            0.770805321463002,
            0.7022221884797288,
            0.7022221884797288,
            0.7022221884797288,
            0.7022221884797288,
            0.7022221884797288,
            0.7022221884797288
        ],
        "test_precision_macro": [
            0.7323372297005081,
            0.6786619548749896,
            0.5718405266864798,
            0.5718405266864798,
            0.5718405266864798,
            0.5718405266864798,
            0.5718405266864798,
            0.5718405266864798
        ],
        "test_recall_macro": [
            0.69822677779926,
            0.591005688671989,
            0.46616137323517215,
            0.46616137323517215,
            0.46616137323517215,
            0.46616137323517215,
            0.46616137323517215,
            0.46616137323517215
        ],
        "classification_reports": [
            {
                "0": {
                    "precision": 0.7174779786740844,
                    "recall": 0.5246457386941488,
                    "f1-score": 0.6060938356700869,
                    "support": 14749.0
                },
                "1": {
                    "precision": 0.7471964807269318,
                    "recall": 0.8718078169043713,
                    "f1-score": 0.8047066133354045,
                    "support": 23769.0
                },
                "accuracy": 0.7388753310140713,
                "macro avg": {
                    "precision": 0.7323372297005081,
                    "recall": 0.69822677779926,
                    "f1-score": 0.7054002245027458,
                    "support": 38518.0
                },
                "weighted avg": {
                    "precision": 0.7358169130760297,
                    "recall": 0.7388753310140713,
                    "f1-score": 0.7286554201845199,
                    "support": 38518.0
                }
            },
            {
                "0": {
                    "precision": 0.6257657817632958,
                    "recall": 0.48476511451956805,
                    "f1-score": 0.5463142392062631,
                    "support": 14539.0
                },
                "1": {
                    "precision": 0.6750169262017603,
                    "recall": 0.42625053441641725,
                    "f1-score": 0.5225366876310272,
                    "support": 2339.0
                },
                "2": {
                    "precision": 0.7352031566599125,
                    "recall": 0.8620014170799817,
                    "f1-score": 0.7935691811833321,
                    "support": 23993.0
                },
                "accuracy": 0.702870005627462,
                "macro avg": {
                    "precision": 0.6786619548749896,
                    "recall": 0.591005688671989,
                    "f1-score": 0.6208067026735408,
                    "support": 40871.0
                },
                "weighted avg": {
                    "precision": 0.692828720344101,
                    "recall": 0.702870005627462,
                    "f1-score": 0.6901025519395297,
                    "support": 40871.0
                }
            },
            {
                "0": {
                    "precision": 0.5965436485504321,
                    "recall": 0.5039225049457671,
                    "f1-score": 0.5463353302270542,
                    "support": 14659.0
                },
                "1": {
                    "precision": 0.35609756097560974,
                    "recall": 0.04670505438259757,
                    "f1-score": 0.08257918552036199,
                    "support": 1563.0
                },
                "2": {
                    "precision": 0.6060254924681344,
                    "recall": 0.4575678040244969,
                    "f1-score": 0.5214356929212363,
                    "support": 2286.0
                },
                "3": {
                    "precision": 0.7286954047517428,
                    "recall": 0.8564501295878271,
                    "f1-score": 0.7874245743495139,
                    "support": 23922.0
                },
                "accuracy": 0.683337261371671,
                "macro avg": {
                    "precision": 0.5718405266864798,
                    "recall": 0.46616137323517215,
                    "f1-score": 0.4844436957545416,
                    "support": 42430.0
                },
                "weighted avg": {
                    "precision": 0.6627042088182655,
                    "recall": 0.683337261371671,
                    "f1-score": 0.6638362841002529,
                    "support": 42430.0
                }
            },
            {
                "0": {
                    "precision": 0.5965436485504321,
                    "recall": 0.5039225049457671,
                    "f1-score": 0.5463353302270542,
                    "support": 14659.0
                },
                "1": {
                    "precision": 0.35609756097560974,
                    "recall": 0.04670505438259757,
                    "f1-score": 0.08257918552036199,
                    "support": 1563.0
                },
                "2": {
                    "precision": 0.6060254924681344,
                    "recall": 0.4575678040244969,
                    "f1-score": 0.5214356929212363,
                    "support": 2286.0
                },
                "3": {
                    "precision": 0.7286954047517428,
                    "recall": 0.8564501295878271,
                    "f1-score": 0.7874245743495139,