{
    "AdvancedTabularClassifier": {
        "filter_sizes": [
            12000,
            8000,
            6000,
            4500,
            3500,
            1500,
            1000,
            300
        ],
        "training_time_seconds": [
            45.24000883102417,
            49.58947944641113,
            44.78190231323242,
            47.573556900024414,
            46.224130392074585,
            64.35073947906494,
            44.09529256820679,
            43.3685028553009
        ],
        "num_classes": [
            2,
            2,
            2,
            2,
            4,
            5,
            5,
            5
        ],
        "test_f1_macro": [
            0.8557447039026636,
            0.875202475205765,
            0.8607552392477578,
            0.865752448959361,
            0.5972519124391766,
            0.47574909078245164,
            0.49715853513678676,
            0.4497656126155974
        ],
        "test_f1_micro": [
            0.9367229129662522,
            0.9478981645944345,
            0.9396585750937438,
            0.9429149398065917,
            0.8810451306413302,
            0.841810040065991,
            0.8637284939901013,
            0.7969125618666039
        ],
        "test_f1_weighted": [
            0.9426074379210889,
            0.951751708152435,
            0.9449956821654525,
            0.947549911761036,
            0.8990876488058687,
            0.8694767383306526,
            0.8827266862952626,
            0.833916339386369
        ],
        "cv_class_weights": [
            0.807545831598748,
            0.807545831598748,
            0.807545831598748,
            0.807545831598748,
            1.4370262327110204,
            1.665491954571874,
            1.665491954571874,
            1.665491954571874
        ],
        "imbalance_ratio": [
            9.474321705426357,
            9.474321705426357,
            9.474321705426357,
            9.474321705426357,
            47.042502004811546,
            110.57964184731385,
            110.57964184731385,
            110.57964184731385
        ],
        "total_training_samples": [
            129714,
            129714,
            129714,
            129714,
            134718,
            135776,
            135776,
            135776
        ],
        "entropy": [
            0.4569203407890926,
            0.4569203407890926,
            0.4569203407890926,
            0.4569203407890926,
            0.35334986052434914,
            0.3300115206588394,
            0.3300115206588394,
            0.3300115206588394
        ],
        "test_precision_macro": [
            0.8045396352095238,
            0.8296869392401394,
            0.810651808810599,
            0.8180885380609948,
            0.5373876512592154,
            0.42066620260129345,
            0.44570557961081325,
            0.3932556851763277
        ],
        "test_recall_macro": [
            0.9448729424137113,
            0.9446857470109904,
            0.9451567483672847,
            0.942146903131365,
            0.7580297031449746,
            0.6295239011244481,
            0.6093631646353029,
            0.6154972203127588
        ],
        "classification_reports": [
            {
                "0": {
                    "precision": 0.6142903330100227,
                    "recall": 0.9550138225684845,
                    "f1-score": 0.7476635514018691,
                    "support": 3979.0
                },
                "1": {
                    "precision": 0.9947889374090247,
                    "recall": 0.9347320622589381,
                    "f1-score": 0.9638258564034581,
                    "support": 36557.0
                },
                "accuracy": 0.9367229129662522,
                "macro avg": {
                    "precision": 0.8045396352095238,
                    "recall": 0.9448729424137113,
                    "f1-score": 0.8557447039026636,
                    "support": 40536.0
                },
                "weighted avg": {
                    "precision": 0.9574393235619844,
                    "recall": 0.9367229129662522,
                    "f1-score": 0.9426074379210889,
                    "support": 40536.0
                }
            },
            {
                "0": {
                    "precision": 0.6661327638369817,
                    "recall": 0.9406886152299573,
                    "f1-score": 0.7799541571160659,
                    "support": 3979.0
                },
                "1": {
                    "precision": 0.993241114643297,
                    "recall": 0.9486828787920234,
                    "f1-score": 0.9704507932954641,
                    "support": 36557.0
                },
                "accuracy": 0.9478981645944345,
                "macro avg": {
                    "precision": 0.8296869392401394,
                    "recall": 0.9446857470109904,
                    "f1-score": 0.875202475205765,
                    "support": 40536.0
                },
                "weighted avg": {
                    "precision": 0.961132269965521,
                    "recall": 0.9478981645944345,
                    "f1-score": 0.951751708152435,
                    "support": 40536.0
                }
            },
            {
                "0": {
                    "precision": 0.6268409730266424,
                    "recall": 0.951997989444584,
                    "f1-score": 0.7559369387347835,
                    "support": 3979.0
                },
                "1": {
                    "precision": 0.9944626445945555,
                    "recall": 0.9383155072899855,
                    "f1-score": 0.9655735397607319,
                    "support": 36557.0
                },
                "accuracy": 0.9396585750937438,
                "macro avg": {
                    "precision": 0.810651808810599,
                    "recall": 0.9451567483672847,
                    "f1-score": 0.8607552392477578,
                    "support": 40536.0
                },
                "weighted avg": {
                    "precision": 0.9583770261031226,
                    "recall": 0.9396585750937438,
                    "f1-score": 0.9449956821654525,
                    "support": 40536.0
                }
            },
            {
                "0": {
                    "precision": 0.6429184549356223,
                    "recall": 0.9411912540839407,
                    "f1-score": 0.7639738882088943,
                    "support": 3979.0
                },
                "1": {
                    "precision": 0.9932586211863674,
                    "recall": 0.9431025521787892,
                    "f1-score": 0.9675310097098276,
                    "support": 36557.0
                },
                "accuracy": 0.9429149398065917,
                "macro avg": {
                    "precision": 0.8180885380609948,
                    "recall": 0.942146903131365,
                    "f1-score": 0.865752448959361,
                    "support": 40536.0
                },
                "weighted avg": {
                    "precision": 0.9588693493906374,
                    "recall": 0.9429149398065917,
                    "f1-score": 0.947549911761036,
                    "support": 40536.0
                }
            },
            {
                "0": {
                    "precision": 0.6056557559563571,
                    "recall": 0.686175580221998,
                    "f1-score": 0.6434062684801892,
                    "support": 3964.0
                },
                "1": {
                    "precision": 0.9909391672379363,
                    "recall": 0.9092823542282026,
                    "f1-score": 0.9483562718391214,
                    "support": 36564.0
                },
                "2": {
                    "precision": 0.2644584647739222,