{
    "AdvancedTabularClassifier": {
        "filter_sizes": [
            12000,
            8000,
            6000,
            4500,
            3500,
            1500,
            1000,
            300
        ],
        "training_time_seconds": [
            50.92451286315918,
            42.51529932022095,
            43.231563329696655,
            47.34269976615906,
            48.127004623413086,
            44.45315504074097,
            51.39273452758789,
            60.17368936538696
        ],
        "num_classes": [
            2,
            2,
            2,
            2,
            4,
            5,
            5,
            5
        ],
        "test_f1_macro": [
            0.8752693558506568,
            0.8627020624303233,
            0.865838567416249,
            0.8620114584337386,
            0.6327477316010951,
            0.4700538030131233,
            0.4606607989313639,
            0.4675867645401489
        ],
        "test_f1_micro": [
            0.9477008091572923,
            0.9409413854351687,
            0.9424955595026643,
            0.9406700217090981,
            0.8972684085510689,
            0.8389582842328541,
            0.8325241574357766,
            0.8375913268913504
        ],
        "test_f1_weighted": [
            0.9516588633230935,
            0.9459988161836518,
            0.9473415042718097,
            0.9457408710912999,
            0.9094811985250939,
            0.8689576089044043,
            0.8642027201188603,
            0.8676622781167885
        ],
        "cv_class_weights": [
            0.8090568481428373,
            0.8090568481428373,
            0.8090568481428373,
            0.8090568481428373,
            1.4376786915038213,
            1.6655763850201348,
            1.6655763850201348,
            1.6655763850201348
        ],
        "imbalance_ratio": [
            9.474321705426357,
            9.474321705426357,
            9.474321705426357,
            9.474321705426357,
            47.042502004811546,
            110.57964184731385,
            110.57964184731385,
            110.57964184731385
        ],
        "total_training_samples": [
            129714,
            129714,
            129714,
            129714,
            134718,
            135776,
            135776,
            135776
        ],
        "entropy": [
            0.45447421152509504,
            0.45447421152509504,
            0.45447421152509504,
            0.45447421152509504,
            0.35273475043494235,
            0.3300334265939074,
            0.3300334265939074,
            0.3300334265939074
        ],
        "test_precision_macro": [
            0.8289125747080797,
            0.8135107759634834,
            0.8167964735646246,
            0.8129893998156895,
            0.5696431887058774,
            0.4242533324058379,
            0.413879371213001,
            0.41842916961825977
        ],
        "test_recall_macro": [
            0.9468159776898031,
            0.9439642649445052,
            0.9460577398907247,
            0.9429179554232058,
            0.7583769106224485,
            0.6137003318125676,
            0.6019651394027734,
            0.6276935107775634
        ],
        "classification_reports": [
            {
                "0": {
                    "precision": 0.6640197635433209,
                    "recall": 0.9457150037697915,
                    "f1-score": 0.7802197802197802,
                    "support": 3979.0
                },
                "1": {
                    "precision": 0.9938053858728383,
                    "recall": 0.9479169516098148,
                    "f1-score": 0.9703189314815334,
                    "support": 36557.0
                },
                "accuracy": 0.9477008091572923,
                "macro avg": {
                    "precision": 0.8289125747080797,
                    "recall": 0.9468159776898031,
                    "f1-score": 0.8752693558506568,
                    "support": 40536.0
                },
                "weighted avg": {
                    "precision": 0.9614337411311481,
                    "recall": 0.9477008091572923,
                    "f1-score": 0.9516588633230935,
                    "support": 40536.0
                }
            },
            {
                "0": {
                    "precision": 0.633036763471546,
                    "recall": 0.9477255591857251,
                    "f1-score": 0.7590579710144928,
                    "support": 3979.0
                },
                "1": {
                    "precision": 0.9939847884554209,
                    "recall": 0.9402029707032853,
                    "f1-score": 0.9663461538461539,
                    "support": 36557.0
                },
                "accuracy": 0.9409413854351687,
                "macro avg": {
                    "precision": 0.8135107759634834,
                    "recall": 0.9439642649445052,
                    "f1-score": 0.8627020624303233,
                    "support": 40536.0
                },
                "weighted avg": {
                    "precision": 0.9585542528472989,
                    "recall": 0.9409413854351687,
                    "f1-score": 0.9459988161836518,
                    "support": 40536.0
                }
            },
            {
                "0": {
                    "precision": 0.6392832995267073,
                    "recall": 0.9504900728826339,
                    "f1-score": 0.7644264780192016,
                    "support": 3979.0
                },
                "1": {
                    "precision": 0.9943096476025419,
                    "recall": 0.9416254068988156,
                    "f1-score": 0.9672506568132965,
                    "support": 36557.0
                },
                "accuracy": 0.9424955595026643,
                "macro avg": {
                    "precision": 0.8167964735646246,
                    "recall": 0.9460577398907247,
                    "f1-score": 0.865838567416249,
                    "support": 40536.0
                },
                "weighted avg": {
                    "precision": 0.9594603817895917,
                    "recall": 0.9424955595026643,
                    "f1-score": 0.9473415042718097,
                    "support": 40536.0
                }
            },
            {
                "0": {
                    "precision": 0.6322244623655914,
                    "recall": 0.9457150037697915,
                    "f1-score": 0.7578290202396536,
                    "support": 3979.0
                },
                "1": {
                    "precision": 0.9937543372657877,
                    "recall": 0.9401209070766201,
                    "f1-score": 0.9661938966278236,
                    "support": 36557.0
                },
                "accuracy": 0.9406700217090981,
                "macro avg": {
                    "precision": 0.8129893998156895,
                    "recall": 0.9429179554232058,
                    "f1-score": 0.8620114584337386,
                    "support": 40536.0
                },
                "weighted avg": {
                    "precision": 0.9582666874673893,
                    "recall": 0.9406700217090981,
                    "f1-score": 0.9457408710912999,
                    "support": 40536.0
                }
            },
            {
                "0": {
                    "precision": 0.592608326253186,
                    "recall": 0.7038345105953582,
                    "f1-score": 0.643450184501845,
                    "support": 3964.0
                },
                "1": {
                    "precision": 0.9903553892915595,
                    "recall": 0.9267585603325675,
                    "f1-score": 0.9575021192427239,
                    "support": 36564.0
                },
                "2": {
                    "precision": 0.30242424242424243,