{
    "TabPFNClassifier": {
        "filter_sizes": [
            12000,
            8000,
            6000,
            4500,
            3500,
            1500,
            1000,
            300
        ],
        "training_time_seconds": [
            38.460182189941406,
            36.48805499076843,
            36.244406938552856,
            37.68745040893555,
            38.50103139877319,
            37.93289494514465,
            38.286574363708496,
            38.43675684928894
        ],
        "num_classes": [
            2,
            2,
            2,
            2,
            4,
            5,
            5,
            5
        ],
        "test_f1_macro": [
            0.9249596309167236,
            0.9249596309167236,
            0.9249596309167236,
            0.9249596309167236,
            0.7569302587745469,
            0.6709577428265858,
            0.6709577428265858,
            0.6709577428265858
        ],
        "test_f1_micro": [
            0.9733570159857904,
            0.9733570159857904,
            0.9733570159857904,
            0.9733570159857904,
            0.9542992874109264,
            0.9483855762432242,
            0.9483855762432242,
            0.9483855762432242
        ],
        "test_f1_weighted": [
            0.9736959790562502,
            0.9736959790562502,
            0.9736959790562502,
            0.9736959790562502,
            0.9543337897677576,
            0.9476683647061154,
            0.9476683647061154,
            0.9476683647061154
        ],
        "cv_class_weights": [
            0.8077925281773748,
            0.8077925281773748,
            0.8077925281773748,
            0.8077925281773748,
            1.4368235608183133,
            1.6648409183442676,
            1.6648409183442676,
            1.6648409183442676
        ],
        "imbalance_ratio": [
            9.405422749879673,
            9.405422749879673,
            9.405422749879673,
            9.405422749879673,
            47.2953995157385,
            109.1266294227188,
            109.1266294227188,
            109.1266294227188
        ],
        "total_training_samples": [
            129714,
            129714,
            129714,
            129714,
            134718,
            135776,
            135776,
            135776
        ],
        "entropy": [
            0.4565216212797996,
            0.4565216212797996,
            0.4565216212797996,
            0.4565216212797996,
            0.35362736276598183,
            0.3304862772178301,
            0.3304862772178301,
            0.3304862772178301
        ],
        "test_precision_macro": [
            0.914494378457452,
            0.914494378457452,
            0.914494378457452,
            0.914494378457452,
            0.7632228092838893,
            0.7000484485748093,
            0.7000484485748093,
            0.7000484485748093
        ],
        "test_recall_macro": [
            0.9361405669578076,
            0.9361405669578076,
            0.9361405669578076,
            0.9361405669578076,
            0.7571308870031557,
            0.6629390874243288,
            0.6629390874243288,
            0.6629390874243288
        ],
        "classification_reports": [
            {
                "0": {
                    "precision": 0.8406820950060901,
                    "recall": 0.8901212277534176,
                    "f1-score": 0.864695565021298,
                    "support": 3877.0
                },
                "1": {
                    "precision": 0.9883066619088139,
                    "recall": 0.9821599061621975,
                    "f1-score": 0.9852236968121494,
                    "support": 36659.0
                },
                "accuracy": 0.9733570159857904,
                "macro avg": {
                    "precision": 0.914494378457452,
                    "recall": 0.9361405669578076,
                    "f1-score": 0.9249596309167236,
                    "support": 40536.0
                },
                "weighted avg": {
                    "precision": 0.9741873495474103,
                    "recall": 0.9733570159857904,
                    "f1-score": 0.9736959790562502,
                    "support": 40536.0
                }
            },
            {
                "0": {
                    "precision": 0.8406820950060901,
                    "recall": 0.8901212277534176,
                    "f1-score": 0.864695565021298,
                    "support": 3877.0
                },
                "1": {
                    "precision": 0.9883066619088139,
                    "recall": 0.9821599061621975,
                    "f1-score": 0.9852236968121494,
                    "support": 36659.0
                },
                "accuracy": 0.9733570159857904,
                "macro avg": {
                    "precision": 0.914494378457452,
                    "recall": 0.9361405669578076,
                    "f1-score": 0.9249596309167236,
                    "support": 40536.0
                },
                "weighted avg": {
                    "precision": 0.9741873495474103,
                    "recall": 0.9733570159857904,
                    "f1-score": 0.9736959790562502,
                    "support": 40536.0
                }
            },
            {
                "0": {
                    "precision": 0.8406820950060901,
                    "recall": 0.8901212277534176,
                    "f1-score": 0.864695565021298,
                    "support": 3877.0
                },
                "1": {
                    "precision": 0.9883066619088139,
                    "recall": 0.9821599061621975,
                    "f1-score": 0.9852236968121494,
                    "support": 36659.0
                },
                "accuracy": 0.9733570159857904,
                "macro avg": {
                    "precision": 0.914494378457452,
                    "recall": 0.9361405669578076,
                    "f1-score": 0.9249596309167236,
                    "support": 40536.0
                },
                "weighted avg": {
                    "precision": 0.9741873495474103,
                    "recall": 0.9733570159857904,
                    "f1-score": 0.9736959790562502,
                    "support": 40536.0
                }
            },
            {
                "0": {
                    "precision": 0.8406820950060901,
                    "recall": 0.8901212277534176,
                    "f1-score": 0.864695565021298,
                    "support": 3877.0
                },
                "1": {
                    "precision": 0.9883066619088139,
                    "recall": 0.9821599061621975,
                    "f1-score": 0.9852236968121494,
                    "support": 36659.0
                },
                "accuracy": 0.9733570159857904,
                "macro avg": {
                    "precision": 0.914494378457452,
                    "recall": 0.9361405669578076,
                    "f1-score": 0.9249596309167236,
                    "support": 40536.0
                },
                "weighted avg": {
                    "precision": 0.9741873495474103,
                    "recall": 0.9733570159857904,
                    "f1-score": 0.9736959790562502,
                    "support": 40536.0
                }
            },
            {
                "0": {
                    "precision": 0.7617709065354884,
                    "recall": 0.8475371383893667,
                    "f1-score": 0.8023686158401184,
                    "support": 3837.0
                },
                "1": {
                    "precision": 0.9881135390359065,
                    "recall": 0.9802026033440444,
                    "f1-score": 0.9841421736158579,
                    "support": 36722.0
                },
                "2": {
                    "precision": 0.5933682373472949,