{
    "AdvancedTabularClassifier": {
        "filter_sizes": [
            12000,
            8000,
            6000,
            4500,
            3500,
            1500,
            1000,
            300
        ],
        "training_time_seconds": [
            34.70089840888977,
            36.39201092720032,
            34.32688522338867,
            48.94725561141968,
            40.311893463134766,
            36.527772188186646,
            40.4634325504303,
            37.39763379096985
        ],
        "num_classes": [
            2,
            3,
            4,
            4,
            4,
            4,
            4,
            4
        ],
        "test_f1_macro": [
            0.714578789809944,
            0.6368969735612701,
            0.49989661812950736,
            0.4983904752223733,
            0.5002589068040657,
            0.48701850520531986,
            0.4883476914831694,
            0.49311653609545164
        ],
        "test_f1_micro": [
            0.7341762292953944,
            0.702698735044408,
            0.6733679000707047,
            0.6819703040301673,
            0.6930238039123262,
            0.6850813103935894,
            0.6870374734857412,
            0.6812868253594155
        ],
        "test_f1_weighted": [
            0.7327219062819591,
            0.6964493924419207,
            0.6608328505503752,
            0.6724016649311468,
            0.6765254592776212,
            0.6680170155251824,
            0.6645752903408517,
            0.671140368897348
        ],
        "cv_class_weights": [
            0.23963133640552997,
            0.6470003075774955,
            0.870741182472719,
            0.870741182472719,
            0.870741182472719,
            0.870741182472719,
            0.870741182472719,
            0.870741182472719
        ],
        "imbalance_ratio": [
            1.6254845993268863,
            10.114982116836668,
            15.160732046946489,
            15.160732046946489,
            15.160732046946489,
            15.160732046946489,
            15.160732046946489,
            15.160732046946489
        ],
        "total_training_samples": [
            123256,
            130785,
            135776,
            135776,
            135776,
            135776,
            135776,
            135776
        ],
        "entropy": [
            0.958172105996803,
            0.7702014474177927,
            0.7023176061534577,
            0.7023176061534577,
            0.7023176061534577,
            0.7023176061534577,
            0.7023176061534577,
            0.7023176061534577
        ],
        "test_precision_macro": [
            0.717247113683857,
            0.6327850294967493,
            0.5151767294874335,
            0.6052478546853692,
            0.6293139099976448,
            0.6019057943759647,
            0.6117324159686132,
            0.5796656995257199
        ],
        "test_recall_macro": [
            0.7125424424887234,
            0.6490039274975992,
            0.4989266009096859,
            0.47812412769819934,
            0.470150598555824,
            0.4577175553705498,
            0.46745631208417204,
            0.4651042931838749
        ],
        "classification_reports": [
            {
                "0": {
                    "precision": 0.657103627691863,
                    "recall": 0.6233632686638788,
                    "f1-score": 0.6397889182058047,
                    "support": 14587.0
                },
                "1": {
                    "precision": 0.7773905996758509,
                    "recall": 0.8017216163135682,
                    "f1-score": 0.7893686614140832,
                    "support": 23931.0
                },
                "accuracy": 0.7341762292953944,
                "macro avg": {
                    "precision": 0.717247113683857,
                    "recall": 0.7125424424887234,
                    "f1-score": 0.714578789809944,
                    "support": 38518.0
                },
                "weighted avg": {
                    "precision": 0.731837194506049,
                    "recall": 0.7341762292953944,
                    "f1-score": 0.7327219062819591,
                    "support": 38518.0
                }
            },
            {
                "0": {
                    "precision": 0.6343697478991597,
                    "recall": 0.5145174482006543,
                    "f1-score": 0.568192081890712,
                    "support": 14672.0
                },
                "1": {
                    "precision": 0.5099601593625498,
                    "recall": 0.6045513095749249,
                    "f1-score": 0.5532416502946955,
                    "support": 2329.0
                },
                "2": {
                    "precision": 0.7540251812285387,
                    "recall": 0.8279430247172183,
                    "f1-score": 0.7892571884984025,
                    "support": 23870.0
                },
                "accuracy": 0.702698735044408,
                "macro avg": {
                    "precision": 0.6327850294967493,
                    "recall": 0.6490039274975992,
                    "f1-score": 0.6368969735612701,
                    "support": 40871.0
                },
                "weighted avg": {
                    "precision": 0.6971630551798847,
                    "recall": 0.702698735044408,
                    "f1-score": 0.6964493924419207,
                    "support": 40871.0
                }
            },
            {
                "0": {
                    "precision": 0.6055216802168022,
                    "recall": 0.49039780521262005,
                    "f1-score": 0.5419129907533727,
                    "support": 14580.0
                },
                "1": {
                    "precision": 0.21681997371879105,
                    "recall": 0.10905485789821547,
                    "f1-score": 0.14511873350923482,
                    "support": 1513.0
                },
                "2": {
                    "precision": 0.5074509803921569,
                    "recall": 0.5663019693654266,
                    "f1-score": 0.535263702171665,
                    "support": 2285.0
                },
                "3": {
                    "precision": 0.7309142836219839,
                    "recall": 0.8299517711624813,
                    "f1-score": 0.7772910460837568,
                    "support": 24052.0
                },
                "accuracy": 0.6733679000707047,
                "macro avg": {
                    "precision": 0.5151767294874335,
                    "recall": 0.4989266009096859,
                    "f1-score": 0.49989661812950736,
                    "support": 42430.0
                },
                "weighted avg": {
                    "precision": 0.65746006499339,
                    "recall": 0.6733679000707047,
                    "f1-score": 0.6608328505503752,
                    "support": 42430.0
                }
            },
            {
                "0": {
                    "precision": 0.5700080790504009,
                    "recall": 0.6290809327846365,
                    "f1-score": 0.5980894004108115,
                    "support": 14580.0
                },
                "1": {
                    "precision": 0.43529411764705883,
                    "recall": 0.048909451421017845,
                    "f1-score": 0.08793820558526441,
                    "support": 1513.0
                },
                "2": {
                    "precision": 0.6570713391739674,
                    "recall": 0.45951859956236324,
                    "f1-score": 0.5408189544166881,
                    "support": 2285.0
                },
                "3": {
                    "precision": 0.75861788287005,
                    "recall": 0.7749875270247797,
                    "f1-score": 0.7667153404767291,