{
    "AdvancedTabularClassifier": {
        "filter_sizes": [
            12000,
            8000,
            6000,
            4500,
            3500,
            1500,
            1000,
            300
        ],
        "training_time_seconds": [
            43.637134075164795,
            50.43349480628967,
            48.50254845619202,
            43.26245641708374,
            64.80801296234131,
            51.10819220542908,
            48.28774929046631,
            47.46421003341675
        ],
        "num_classes": [
            2,
            2,
            2,
            2,
            4,
            5,
            5,
            5
        ],
        "test_f1_macro": [
            0.8802017131454669,
            0.8884650058907801,
            0.8937025905339412,
            0.8903663464493933,
            0.6834974420954052,
            0.5578729295098919,
            0.5671189175381246,
            0.5728356787248492
        ],
        "test_f1_micro": [
            0.9594434576672587,
            0.9595668048154726,
            0.9624531280836787,
            0.9611703177422538,
            0.9380760095011876,
            0.9296959698326656,
            0.9294367193023804,
            0.9300966297431063
        ],
        "test_f1_weighted": [
            0.9585060553267013,
            0.960034738792638,
            0.9624067320153937,
            0.9611746647444205,
            0.9364390356099658,
            0.9270608656111555,
            0.9266147033309861,
            0.9282673584012676
        ],
        "cv_class_weights": [
            0.8071449496584794,
            0.8071449496584794,
            0.8071449496584794,
            0.8071449496584794,
            1.4400464779189588,
            1.6659026502804735,
            1.6659026502804735,
            1.6659026502804735
        ],
        "imbalance_ratio": [
            9.474321705426357,
            9.474321705426357,
            9.474321705426357,
            9.474321705426357,
            47.042502004811546,
            110.57964184731385,
            110.57964184731385,
            110.57964184731385
        ],
        "total_training_samples": [
            129714,
            129714,
            129714,
            129714,
            134718,
            135776,
            135776,
            135776
        ],
        "entropy": [
            0.45756772180444555,
            0.45756772180444555,
            0.45756772180444555,
            0.45756772180444555,
            0.3507774987566557,
            0.3297267262445294,
            0.3297267262445294,
            0.3297267262445294
        ],
        "test_precision_macro": [
            0.8988868054149362,
            0.8797424798322392,
            0.8946787329825312,
            0.890278968720627,
            0.6944598901453538,
            0.5875495075772139,
            0.5857707352270825,
            0.5941682998161542
        ],
        "test_recall_macro": [
            0.8636284223882031,
            0.8977394712287929,
            0.8927327478480502,
            0.8904537755568954,
            0.6801753778592032,
            0.5525585780697954,
            0.5600051399256929,
            0.566514244714122
        ],
        "classification_reports": [
            {
                "0": {
                    "precision": 0.8252995263304541,
                    "recall": 0.7444081427494346,
                    "f1-score": 0.78276955602537,
                    "support": 3979.0
                },
                "1": {
                    "precision": 0.9724740844994181,
                    "recall": 0.9828487020269716,
                    "f1-score": 0.9776338702655638,
                    "support": 36557.0
                },
                "accuracy": 0.9594434576672587,
                "macro avg": {
                    "precision": 0.8988868054149362,
                    "recall": 0.8636284223882031,
                    "f1-score": 0.8802017131454669,
                    "support": 40536.0
                },
                "weighted avg": {
                    "precision": 0.9580274798281553,
                    "recall": 0.9594434576672587,
                    "f1-score": 0.9585060553267013,
                    "support": 40536.0
                }
            },
            {
                "0": {
                    "precision": 0.7791030534351145,
                    "recall": 0.8208092485549133,
                    "f1-score": 0.799412556602619,
                    "support": 3979.0
                },
                "1": {
                    "precision": 0.9803819062293638,
                    "recall": 0.9746696939026726,
                    "f1-score": 0.9775174551789413,
                    "support": 36557.0
                },
                "accuracy": 0.9595668048154726,
                "macro avg": {
                    "precision": 0.8797424798322392,
                    "recall": 0.8977394712287929,
                    "f1-score": 0.8884650058907801,
                    "support": 40536.0
                },
                "weighted avg": {
                    "precision": 0.960624442363459,
                    "recall": 0.9595668048154726,
                    "f1-score": 0.960034738792638,
                    "support": 40536.0
                }
            },
            {
                "0": {
                    "precision": 0.8104624715693708,
                    "recall": 0.8059814023624026,
                    "f1-score": 0.8082157258064516,
                    "support": 3979.0
                },
                "1": {
                    "precision": 0.9788949943956915,
                    "recall": 0.979484093333698,
                    "f1-score": 0.9791894552614308,
                    "support": 36557.0
                },
                "accuracy": 0.9624531280836787,
                "macro avg": {
                    "precision": 0.8946787329825312,
                    "recall": 0.8927327478480502,
                    "f1-score": 0.8937025905339412,
                    "support": 40536.0
                },
                "weighted avg": {
                    "precision": 0.9623617151297074,
                    "recall": 0.9624531280836787,
                    "f1-score": 0.9624067320153937,
                    "support": 40536.0
                }
            },
            {
                "0": {
                    "precision": 0.8020597839738759,
                    "recall": 0.8024629303845188,
                    "f1-score": 0.8022613065326634,
                    "support": 3979.0
                },
                "1": {
                    "precision": 0.9784981534673779,
                    "recall": 0.9784446207292721,
                    "f1-score": 0.9784713863661232,
                    "support": 36557.0
                },
                "accuracy": 0.9611703177422538,
                "macro avg": {
                    "precision": 0.890278968720627,
                    "recall": 0.8904537755568954,
                    "f1-score": 0.8903663464493933,
                    "support": 40536.0
                },
                "weighted avg": {
                    "precision": 0.9611790230101388,
                    "recall": 0.9611703177422538,
                    "f1-score": 0.9611746647444205,
                    "support": 40536.0
                }
            },
            {
                "0": {
                    "precision": 0.7254756609834445,
                    "recall": 0.7406659939455096,
                    "f1-score": 0.7329921358132567,
                    "support": 3964.0
                },
                "1": {
                    "precision": 0.9753836927186981,
                    "recall": 0.9785581446231266,
                    "f1-score": 0.976968340000273,
                    "support": 36564.0
                },
                "2": {
                    "precision": 0.40671641791044777,