{
    "TabNet": {
        "filter_sizes": [
            12000,
            8000,
            6000,
            4500,
            3500,
            1500,
            1000,
            300
        ],
        "training_time_seconds": [
            506.05255222320557,
            493.7914571762085,
            513.7711951732635,
            1528.2736718654633,
            1455.0640478134155,
            1471.928456068039,
            1428.7247514724731,
            821.4110488891602
        ],
        "num_classes": [
            2,
            2,
            2,
            3,
            3,
            3,
            3,
            4
        ],
        "test_f1_macro": [
            0.9990425318994329,
            0.9990425318994329,
            0.9990425318994329,
            0.811187505764582,
            0.811187505764582,
            0.811187505764582,
            0.811187505764582,
            0.7052454718931865
        ],
        "test_f1_micro": [
            0.9992510630073445,
            0.9992510630073445,
            0.9992510630073445,
            0.9582525648905489,
            0.9582525648905489,
            0.9582525648905489,
            0.9582525648905489,
            0.9386283290124912
        ],
        "test_f1_weighted": [
            0.9992512681163702,
            0.9992512681163702,
            0.9992512681163702,
            0.9673494912839045,
            0.9673494912839045,
            0.9673494912839045,
            0.9673494912839045,
            0.9522713544339575
        ],
        "cv_class_weights": [
            0.46950639467286753,
            0.46950639467286753,
            0.46950639467286753,
            0.8678956080446022,
            0.8678956080446022,
            0.8678956080446022,
            0.8678956080446022,
            1.1512245540045383
        ],
        "total_training_samples": [
            132454,
            132454,
            132454,
            135364,
            135364,
            135364,
            135364,
            135776
        ],
        "imbalance_ratio": [
            2.7700737198645147,
            2.7700737198645147,
            2.7700737198645147,
            33.16979202182066,
            33.16979202182066,
            33.16979202182066,
            33.16979202182066,
            235.6634382566586
        ],
        "entropy": [
            0.8345611026067205,
            0.8345611026067205,
            0.8345611026067205,
            0.6103408231525391,
            0.6103408231525391,
            0.6103408231525391,
            0.6103408231525391,
            0.4962529234249985
        ],
        "test_precision_macro": [
            0.9987696080034791,
            0.9987696080034791,
            0.9987696080034791,
            0.7708258303829559,
            0.7708258303829559,
            0.7708258303829559,
            0.7708258303829559,
            0.6461630714659894
        ],
        "test_recall_macro": [
            0.9993162934630366,
            0.9993162934630366,
            0.9993162934630366,
            0.9361602493036297,
            0.9361602493036297,
            0.9361602493036297,
            0.9361602493036297,
            0.8891099709327651
        ],
        "classification_reports": [
            {
                "0": {
                    "precision": 0.9998022738507167,
                    "recall": 0.9991766565669872,
                    "f1-score": 0.9994893673096246,
                    "support": 30364.0
                },
                "1": {
                    "precision": 0.9977369421562415,
                    "recall": 0.999455930359086,
                    "f1-score": 0.9985956964892412,
                    "support": 11028.0
                },
                "accuracy": 0.9992510630073445,
                "macro avg": {
                    "precision": 0.9987696080034791,
                    "recall": 0.9993162934630366,
                    "f1-score": 0.9990425318994329,
                    "support": 41392.0
                },
                "weighted avg": {
                    "precision": 0.9992520110480817,
                    "recall": 0.9992510630073445,
                    "f1-score": 0.9992512681163702,
                    "support": 41392.0
                }
            },
            {
                "0": {
                    "precision": 0.9998022738507167,
                    "recall": 0.9991766565669872,
                    "f1-score": 0.9994893673096246,
                    "support": 30364.0
                },
                "1": {
                    "precision": 0.9977369421562415,
                    "recall": 0.999455930359086,
                    "f1-score": 0.9985956964892412,
                    "support": 11028.0
                },
                "accuracy": 0.9992510630073445,
                "macro avg": {
                    "precision": 0.9987696080034791,
                    "recall": 0.9993162934630366,
                    "f1-score": 0.9990425318994329,
                    "support": 41392.0
                },
                "weighted avg": {
                    "precision": 0.9992520110480817,
                    "recall": 0.9992510630073445,
                    "f1-score": 0.9992512681163702,
                    "support": 41392.0
                }
            },
            {
                "0": {
                    "precision": 0.9998022738507167,
                    "recall": 0.9991766565669872,
                    "f1-score": 0.9994893673096246,
                    "support": 30364.0
                },
                "1": {
                    "precision": 0.9977369421562415,
                    "recall": 0.999455930359086,
                    "f1-score": 0.9985956964892412,
                    "support": 11028.0
                },
                "accuracy": 0.9992510630073445,
                "macro avg": {
                    "precision": 0.9987696080034791,
                    "recall": 0.9993162934630366,
                    "f1-score": 0.9990425318994329,
                    "support": 41392.0
                },
                "weighted avg": {
                    "precision": 0.9992520110480817,
                    "recall": 0.9992510630073445,
                    "f1-score": 0.9992512681163702,
                    "support": 41392.0
                }
            },
            {
                "0": {
                    "precision": 0.31695127030403997,
                    "recall": 0.86281179138322,
                    "f1-score": 0.4636003655193421,
                    "support": 882.0
                },
                "1": {
                    "precision": 0.9957078573901004,
                    "recall": 0.9460321636465288,
                    "f1-score": 0.9702345818506839,
                    "support": 30407.0
                },
                "2": {
                    "precision": 0.9998183634547271,
                    "recall": 0.9996367928811405,
                    "f1-score": 0.9997275699237196,
                    "support": 11013.0
                },
                "accuracy": 0.9582525648905489,
                "macro avg": {
                    "precision": 0.7708258303829559,
                    "recall": 0.9361602493036297,
                    "f1-score": 0.811187505764582,
                    "support": 42302.0
                },
                "weighted avg": {
                    "precision": 0.9826258682047149,
                    "recall": 0.9582525648905489,
                    "f1-score": 0.9673494912839045,
                    "support": 42302.0
                }
            },
            {
                "0": {
                    "precision": 0.31695127030403997,
                    "recall": 0.86281179138322,
                    "f1-score": 0.4636003655193421,
                    "support": 882.0
                },
                "1": {
                    "precision": 0.9957078573901004,
                    "recall": 0.9460321636465288,