{
    "TabNet": {
        "filter_sizes": [
            12000,
            8000,
            6000,
            4500,
            3500,
            1500,
            1000,
            300
        ],
        "training_time_seconds": [
            1578.3163905143738,
            1239.737750530243,
            2196.6753084659576,
            2339.95920753479,
            2298.6428751945496,
            2287.841159105301,
            2254.2643191814423,
            2287.062544822693
        ],
        "num_classes": [
            2,
            3,
            4,
            4,
            4,
            4,
            4,
            4
        ],
        "test_f1_macro": [
            0.7035129496580509,
            0.6124766227131831,
            0.4666400549873291,
            0.4666400549873291,
            0.4666400549873291,
            0.4666400549873291,
            0.4666400549873291,
            0.4666400549873291
        ],
        "test_f1_micro": [
            0.7384859026948439,
            0.7010104964400186,
            0.6885694084374263,
            0.6885694084374263,
            0.6885694084374263,
            0.6885694084374263,
            0.6885694084374263,
            0.6885694084374263
        ],
        "test_f1_weighted": [
            0.727972074421556,
            0.6856881890392666,
            0.6676683672486474,
            0.6676683672486474,
            0.6676683672486474,
            0.6676683672486474,
            0.6676683672486474,
            0.6676683672486474
        ],
        "cv_class_weights": [
            0.23882001687544618,
            0.6477941551903034,
            0.8709981495043372,
            0.8709981495043372,
            0.8709981495043372,
            0.8709981495043372,
            0.8709981495043372,
            0.8709981495043372
        ],
        "total_training_samples": [
            123256,
            130785,
            135776,
            135776,
            135776,
            135776,
            135776,
            135776
        ],
        "imbalance_ratio": [
            1.6274994670645917,
            10.261891964525665,
            15.18225228810187,
            15.18225228810187,
            15.18225228810187,
            15.18225228810187,
            15.18225228810187,
            15.18225228810187
        ],
        "entropy": [
            0.9584576493068419,
            0.7691722663966778,
            0.7022390148141749,
            0.7022390148141749,
            0.7022390148141749,
            0.7022390148141749,
            0.7022390148141749,
            0.7022390148141749
        ],
        "test_precision_macro": [
            0.7309142194380154,
            0.7120873491400269,
            0.7126393438875788,
            0.7126393438875788,
            0.7126393438875788,
            0.7126393438875788,
            0.7126393438875788,
            0.7126393438875788
        ],
        "test_recall_macro": [
            0.6961546277443538,
            0.5731659936991247,
            0.44380957966898793,
            0.44380957966898793,
            0.44380957966898793,
            0.44380957966898793,
            0.44380957966898793,
            0.44380957966898793
        ],
        "classification_reports": [
            {
                "0": {
                    "precision": 0.713963963963964,
                    "recall": 0.5199207271236247,
                    "f1-score": 0.6016845268693899,
                    "support": 14633.0
                },
                "1": {
                    "precision": 0.7478644749120666,
                    "recall": 0.8723885283650827,
                    "f1-score": 0.8053413724467119,
                    "support": 23885.0
                },
                "accuracy": 0.7384859026948439,
                "macro avg": {
                    "precision": 0.7309142194380154,
                    "recall": 0.6961546277443538,
                    "f1-score": 0.7035129496580509,
                    "support": 38518.0
                },
                "weighted avg": {
                    "precision": 0.7349856604174515,
                    "recall": 0.7384859026948439,
                    "f1-score": 0.727972074421556,
                    "support": 38518.0
                }
            },
            {
                "0": {
                    "precision": 0.6292736011607871,
                    "recall": 0.4768416712479384,
                    "f1-score": 0.5425544391883967,
                    "support": 14552.0
                },
                "1": {
                    "precision": 0.7816780821917808,
                    "recall": 0.37083671811535335,
                    "f1-score": 0.503030303030303,
                    "support": 2462.0
                },
                "2": {
                    "precision": 0.7253103640675129,
                    "recall": 0.8718195917340822,
                    "f1-score": 0.7918451259208498,
                    "support": 23857.0
                },
                "accuracy": 0.7010104964400186,
                "macro avg": {
                    "precision": 0.7120873491400269,
                    "recall": 0.5731659936991247,
                    "f1-score": 0.6124766227131831,
                    "support": 40871.0
                },
                "weighted avg": {
                    "precision": 0.6945122516700496,
                    "recall": 0.7010104964400186,
                    "f1-score": 0.6856881890392666,
                    "support": 40871.0
                }
            },
            {
                "0": {
                    "precision": 0.5928152713061776,
                    "recall": 0.5390555593521492,
                    "f1-score": 0.5646587207845664,
                    "support": 14633.0
                },
                "1": {
                    "precision": 0.8148148148148148,
                    "recall": 0.01453104359313078,
                    "f1-score": 0.02855288773523686,
                    "support": 1514.0
                },
                "2": {
                    "precision": 0.709703947368421,
                    "recall": 0.36754684838160134,
                    "f1-score": 0.48428731762065097,
                    "support": 2348.0
                },
                "3": {
                    "precision": 0.7332233420609017,
                    "recall": 0.8541048673490704,
                    "f1-score": 0.7890612938088621,
                    "support": 23935.0
                },
                "accuracy": 0.6885694084374263,
                "macro avg": {
                    "precision": 0.7126393438875788,
                    "recall": 0.44380957966898793,
                    "f1-score": 0.4666400549873291,
                    "support": 42430.0
                },
                "weighted avg": {
                    "precision": 0.6864101120740433,
                    "recall": 0.6885694084374263,
                    "f1-score": 0.6676683672486474,
                    "support": 42430.0
                }
            },
            {
                "0": {
                    "precision": 0.5928152713061776,
                    "recall": 0.5390555593521492,
                    "f1-score": 0.5646587207845664,
                    "support": 14633.0
                },
                "1": {
                    "precision": 0.8148148148148148,
                    "recall": 0.01453104359313078,
                    "f1-score": 0.02855288773523686,
                    "support": 1514.0
                },
                "2": {
                    "precision": 0.709703947368421,
                    "recall": 0.36754684838160134,
                    "f1-score": 0.48428731762065097,
                    "support": 2348.0
                },
                "3": {
                    "precision": 0.7332233420609017,
                    "recall": 0.8541048673490704,
                    "f1-score": 0.7890612938088621,