{
    "TabPFNClassifier": {
        "filter_sizes": [
            12000,
            8000,
            6000,
            4500,
            3500,
            1500,
            1000,
            300
        ],
        "training_time_seconds": [
            42.15921211242676,
            42.99498677253723,
            49.704439878463745,
            44.4269802570343,
            42.65599012374878,
            44.352071046829224,
            42.38465428352356,
            41.74407362937927
        ],
        "num_classes": [
            2,
            2,
            2,
            3,
            3,
            3,
            3,
            4
        ],
        "test_f1_macro": [
            1.0,
            1.0,
            1.0,
            0.8901831628845142,
            0.8901831628845142,
            0.8901831628845142,
            0.8901831628845142,
            0.8504322134361667
        ],
        "test_f1_micro": [
            1.0,
            1.0,
            1.0,
            0.9882275069736656,
            0.9882275069736656,
            0.9882275069736656,
            0.9882275069736656,
            0.985222719773745
        ],
        "test_f1_weighted": [
            1.0,
            1.0,
            1.0,
            0.9874354658333369,
            0.9874354658333369,
            0.9874354658333369,
            0.9874354658333369,
            0.9847164782322817
        ],
        "cv_class_weights": [
            0.46950639467286753,
            0.46950639467286753,
            0.46950639467286753,
            0.8678956080446022,
            0.8678956080446022,
            0.8678956080446022,
            0.8678956080446022,
            1.1512245540045383
        ],
        "imbalance_ratio": [
            2.7700737198645147,
            2.7700737198645147,
            2.7700737198645147,
            33.16979202182066,
            33.16979202182066,
            33.16979202182066,
            33.16979202182066,
            235.6634382566586
        ],
        "total_training_samples": [
            132454,
            132454,
            132454,
            135364,
            135364,
            135364,
            135364,
            135776
        ],
        "entropy": [
            0.8345611026067205,
            0.8345611026067205,
            0.8345611026067205,
            0.6103408231525391,
            0.6103408231525391,
            0.6103408231525391,
            0.6103408231525391,
            0.4962529234249985
        ],
        "test_precision_macro": [
            1.0,
            1.0,
            1.0,
            0.925266380468546,
            0.925266380468546,
            0.925266380468546,
            0.925266380468546,
            0.8690549886206973
        ],
        "test_recall_macro": [
            1.0,
            1.0,
            1.0,
            0.8639006349261037,
            0.8639006349261037,
            0.8639006349261037,
            0.8639006349261037,
            0.8340507484735016
        ],
        "classification_reports": [
            {
                "0": {
                    "precision": 1.0,
                    "recall": 1.0,
                    "f1-score": 1.0,
                    "support": 30364.0
                },
                "1": {
                    "precision": 1.0,
                    "recall": 1.0,
                    "f1-score": 1.0,
                    "support": 11028.0
                },
                "accuracy": 1.0,
                "macro avg": {
                    "precision": 1.0,
                    "recall": 1.0,
                    "f1-score": 1.0,
                    "support": 41392.0
                },
                "weighted avg": {
                    "precision": 1.0,
                    "recall": 1.0,
                    "f1-score": 1.0,
                    "support": 41392.0
                }
            },
            {
                "0": {
                    "precision": 1.0,
                    "recall": 1.0,
                    "f1-score": 1.0,
                    "support": 30364.0
                },
                "1": {
                    "precision": 1.0,
                    "recall": 1.0,
                    "f1-score": 1.0,
                    "support": 11028.0
                },
                "accuracy": 1.0,
                "macro avg": {
                    "precision": 1.0,
                    "recall": 1.0,
                    "f1-score": 1.0,
                    "support": 41392.0
                },
                "weighted avg": {
                    "precision": 1.0,
                    "recall": 1.0,
                    "f1-score": 1.0,
                    "support": 41392.0
                }
            },
            {
                "0": {
                    "precision": 1.0,
                    "recall": 1.0,
                    "f1-score": 1.0,
                    "support": 30364.0
                },
                "1": {
                    "precision": 1.0,
                    "recall": 1.0,
                    "f1-score": 1.0,
                    "support": 11028.0
                },
                "accuracy": 1.0,
                "macro avg": {
                    "precision": 1.0,
                    "recall": 1.0,
                    "f1-score": 1.0,
                    "support": 41392.0
                },
                "weighted avg": {
                    "precision": 1.0,
                    "recall": 1.0,
                    "f1-score": 1.0,
                    "support": 41392.0
                }
            },
            {
                "0": {
                    "precision": 0.7874251497005988,
                    "recall": 0.5963718820861678,
                    "f1-score": 0.6787096774193548,
                    "support": 882.0
                },
                "1": {
                    "precision": 0.988373991705039,
                    "recall": 0.9953300226921432,
                    "f1-score": 0.9918398112341876,
                    "support": 30407.0
                },
                "2": {
                    "precision": 1.0,
                    "recall": 1.0,
                    "f1-score": 1.0,
                    "support": 11013.0
                },
                "accuracy": 0.9882275069736656,
                "macro avg": {
                    "precision": 0.925266380468546,
                    "recall": 0.8639006349261037,
                    "f1-score": 0.8901831628845142,
                    "support": 42302.0
                },
                "weighted avg": {
                    "precision": 0.9872109344194376,
                    "recall": 0.9882275069736656,
                    "f1-score": 0.9874354658333369,
                    "support": 42302.0
                }
            },
            {
                "0": {
                    "precision": 0.7874251497005988,
                    "recall": 0.5963718820861678,
                    "f1-score": 0.6787096774193548,
                    "support": 882.0
                },
                "1": {
                    "precision": 0.988373991705039,
                    "recall": 0.9953300226921432,
                    "f1-score": 0.9918398112341876,
                    "support": 30407.0
                },
                "2": {
                    "precision": 1.0,
                    "recall": 1.0,
                    "f1-score": 1.0,
                    "support": 11013.0
                },
                "accuracy": 0.9882275069736656,
                "macro avg": {
                    "precision": 0.925266380468546,
                    "recall": 0.8639006349261037,
                    "f1-score": 0.8901831628845142,
                    "support": 42302.0
                },
                "weighted avg": {
                    "precision": 0.9872109344194376,
                    "recall": 0.9882275069736656,
                    "f1-score": 0.9874354658333369,