{
    "TabNet": {
        "filter_sizes": [
            12000,
            8000,
            6000,
            4500,
            3500,
            1500,
            1000,
            300
        ],
        "training_time_seconds": [
            1082.1769225597382,
            1104.0491390228271,
            1068.7455625534058,
            1249.7722835540771,
            1229.1956338882446,
            1218.970410823822,
            1121.0634236335754,
            1037.7892820835114
        ],
        "num_classes": [
            2,
            2,
            2,
            3,
            3,
            3,
            3,
            4
        ],
        "test_f1_macro": [
            0.9999066537907293,
            0.9999066537907293,
            0.9999066537907293,
            0.8101012449831236,
            0.8101012449831236,
            0.8101012449831236,
            0.8101012449831236,
            0.7126953894872244
        ],
        "test_f1_micro": [
            0.9999275222265172,
            0.9999275222265172,
            0.9999275222265172,
            0.9586544371424519,
            0.9586544371424519,
            0.9586544371424519,
            0.9586544371424519,
            0.9485505538534056
        ],
        "test_f1_weighted": [
            0.9999275211602234,
            0.9999275211602234,
            0.9999275211602234,
            0.9673962351237669,
            0.9673962351237669,
            0.9673962351237669,
            0.9673962351237669,
            0.9597626583699371
        ],
        "cv_class_weights": [
            0.46810213357090014,
            0.46810213357090014,
            0.46810213357090014,
            0.8690060485112061,
            0.8690060485112061,
            0.8690060485112061,
            0.8690060485112061,
            1.1515808632037638
        ],
        "total_training_samples": [
            132454,
            132454,
            132454,
            135364,
            135364,
            135364,
            135364,
            135776
        ],
        "imbalance_ratio": [
            2.7601203656390165,
            2.7601203656390165,
            2.7601203656390165,
            33.302667578659374,
            33.302667578659374,
            33.302667578659374,
            33.302667578659374,
            235.78208232445522
        ],
        "entropy": [
            0.8355913577544198,
            0.8355913577544198,
            0.8355913577544198,
            0.6095733106763772,
            0.6095733106763772,
            0.6095733106763772,
            0.6095733106763772,
            0.49646414427957425
        ],
        "test_precision_macro": [
            0.9999213642394835,
            0.9999213642394835,
            0.9999213642394835,
            0.7707771320621677,
            0.7707771320621677,
            0.7707771320621677,
            0.7707771320621677,
            0.6564477263581838
        ],
        "test_recall_macro": [
            0.999891945710896,
            0.999891945710896,
            0.999891945710896,
            0.9267769858127689,
            0.9267769858127689,
            0.9267769858127689,
            0.9267769858127689,
            0.865157678979486
        ],
        "classification_reports": [
            {
                "0": {
                    "precision": 0.9999343875073814,
                    "recall": 0.9999671926774056,
                    "f1-score": 0.9999507898233355,
                    "support": 30481.0
                },
                "1": {
                    "precision": 0.9999083409715857,
                    "recall": 0.9998166987443864,
                    "f1-score": 0.999862517758123,
                    "support": 10911.0
                },
                "accuracy": 0.9999275222265172,
                "macro avg": {
                    "precision": 0.9999213642394835,
                    "recall": 0.999891945710896,
                    "f1-score": 0.9999066537907293,
                    "support": 41392.0
                },
                "weighted avg": {
                    "precision": 0.9999275215972523,
                    "recall": 0.9999275222265172,
                    "f1-score": 0.9999275211602234,
                    "support": 41392.0
                }
            },
            {
                "0": {
                    "precision": 0.9999343875073814,
                    "recall": 0.9999671926774056,
                    "f1-score": 0.9999507898233355,
                    "support": 30481.0
                },
                "1": {
                    "precision": 0.9999083409715857,
                    "recall": 0.9998166987443864,
                    "f1-score": 0.999862517758123,
                    "support": 10911.0
                },
                "accuracy": 0.9999275222265172,
                "macro avg": {
                    "precision": 0.9999213642394835,
                    "recall": 0.999891945710896,
                    "f1-score": 0.9999066537907293,
                    "support": 41392.0
                },
                "weighted avg": {
                    "precision": 0.9999275215972523,
                    "recall": 0.9999275222265172,
                    "f1-score": 0.9999275211602234,
                    "support": 41392.0
                }
            },
            {
                "0": {
                    "precision": 0.9999343875073814,
                    "recall": 0.9999671926774056,
                    "f1-score": 0.9999507898233355,
                    "support": 30481.0
                },
                "1": {
                    "precision": 0.9999083409715857,
                    "recall": 0.9998166987443864,
                    "f1-score": 0.999862517758123,
                    "support": 10911.0
                },
                "accuracy": 0.9999275222265172,
                "macro avg": {
                    "precision": 0.9999213642394835,
                    "recall": 0.999891945710896,
                    "f1-score": 0.9999066537907293,
                    "support": 41392.0
                },
                "weighted avg": {
                    "precision": 0.9999275215972523,
                    "recall": 0.9999275222265172,
                    "f1-score": 0.9999275211602234,
                    "support": 41392.0
                }
            },
            {
                "0": {
                    "precision": 0.31767719897523483,
                    "recall": 0.8331466965285554,
                    "f1-score": 0.45996908809891807,
                    "support": 893.0
                },
                "1": {
                    "precision": 0.9948341018618035,
                    "recall": 0.947184260909751,
                    "f1-score": 0.9704246072678695,
                    "support": 30294.0
                },
                "2": {
                    "precision": 0.9998200953494648,
                    "recall": 1.0,
                    "f1-score": 0.9999100395825836,
                    "support": 11115.0
                },
                "accuracy": 0.9586544371424519,
                "macro avg": {
                    "precision": 0.7707771320621677,
                    "recall": 0.9267769858127689,
                    "f1-score": 0.8101012449831236,
                    "support": 42302.0
                },
                "weighted avg": {
                    "precision": 0.9818493305350968,
                    "recall": 0.9586544371424519,
                    "f1-score": 0.9673962351237669,
                    "support": 42302.0
                }
            },
            {
                "0": {
                    "precision": 0.31767719897523483,
                    "recall": 0.8331466965285554,
                    "f1-score": 0.45996908809891807,
                    "support": 893.0
                },
                "1": {
                    "precision": 0.9948341018618035,
                    "recall": 0.947184260909751,