{
    "AdvancedTabularClassifier": {
        "filter_sizes": [
            12000,
            8000,
            6000,
            4500,
            3500,
            1500,
            1000,
            300
        ],
        "training_time_seconds": [
            58.0675482749939,
            49.50030589103699,
            50.14188098907471,
            50.20923185348511,
            52.60218644142151,
            49.33925247192383,
            51.72224760055542,
            56.0568630695343
        ],
        "num_classes": [
            2,
            2,
            2,
            2,
            4,
            5,
            5,
            5
        ],
        "test_f1_macro": [
            0.8945186982486678,
            0.8975320060290675,
            0.8879998376689556,
            0.8937339918932943,
            0.6811068309311017,
            0.5628195485150711,
            0.5661120843587284,
            0.5383390011704513
        ],
        "test_f1_micro": [
            0.9606029208604697,
            0.9616883757647523,
            0.9599861851194,
            0.9613430037497533,
            0.926437054631829,
            0.9139052557152958,
            0.9059391939665331,
            0.9099929295309922
        ],
        "test_f1_weighted": [
            0.9616183337246621,
            0.9626944756549175,
            0.9601633931874668,
            0.9618553041210407,
            0.9312124684616737,
            0.920143198143248,
            0.9146659190575003,
            0.9175316503823298
        ],
        "cv_class_weights": [
            0.8071449496584794,
            0.8071449496584794,
            0.8071449496584794,
            0.8071449496584794,
            1.4400464779189588,
            1.6659026502804735,
            1.6659026502804735,
            1.6659026502804735
        ],
        "imbalance_ratio": [
            9.474321705426357,
            9.474321705426357,
            9.474321705426357,
            9.474321705426357,
            47.042502004811546,
            110.57964184731385,
            110.57964184731385,
            110.57964184731385
        ],
        "total_training_samples": [
            129714,
            129714,
            129714,
            129714,
            134718,
            135776,
            135776,
            135776
        ],
        "entropy": [
            0.45756772180444555,
            0.45756772180444555,
            0.45756772180444555,
            0.45756772180444555,
            0.3507774987566557,
            0.3297267262445294,
            0.3297267262445294,
            0.3297267262445294
        ],
        "test_precision_macro": [
            0.8755088350188018,
            0.8780383084454086,
            0.8846029211250999,
            0.8836540074405657,
            0.6394136747973931,
            0.5276848824790147,
            0.5304729028841578,
            0.5186089743628726
        ],
        "test_recall_macro": [
            0.916343089839432,
            0.9199684157127048,
            0.8914770031793485,
            0.9045473217527946,
            0.7552908023175968,
            0.6211506592997231,
            0.6366404116821733,
            0.6065615484833442
        ],
        "classification_reports": [
            {
                "0": {
                    "precision": 0.7663237924865832,
                    "recall": 0.861271676300578,
                    "f1-score": 0.811028280676843,
                    "support": 3979.0
                },
                "1": {
                    "precision": 0.9846938775510204,
                    "recall": 0.9714145033782859,
                    "f1-score": 0.9780091158204927,
                    "support": 36557.0
                },
                "accuracy": 0.9606029208604697,
                "macro avg": {
                    "precision": 0.8755088350188018,
                    "recall": 0.916343089839432,
                    "f1-score": 0.8945186982486678,
                    "support": 40536.0
                },
                "weighted avg": {
                    "precision": 0.9632587441271159,
                    "recall": 0.9606029208604697,
                    "f1-score": 0.9616183337246621,
                    "support": 40536.0
                }
            },
            {
                "0": {
                    "precision": 0.7706381079875055,
                    "recall": 0.8680573008293541,
                    "f1-score": 0.8164519560335658,
                    "support": 3979.0
                },
                "1": {
                    "precision": 0.9854385089033117,
                    "recall": 0.9718795305960555,
                    "f1-score": 0.9786120560245692,
                    "support": 36557.0
                },
                "accuracy": 0.9616883757647523,
                "macro avg": {
                    "precision": 0.8780383084454086,
                    "recall": 0.9199684157127048,
                    "f1-score": 0.8975320060290675,
                    "support": 40536.0
                },
                "weighted avg": {
                    "precision": 0.9643537744637026,
                    "recall": 0.9616883757647523,
                    "f1-score": 0.9626944756549175,
                    "support": 40536.0
                }
            },
            {
                "0": {
                    "precision": 0.7903424488790343,
                    "recall": 0.8062327217893943,
                    "f1-score": 0.7982085095794974,
                    "support": 3979.0
                },
                "1": {
                    "precision": 0.9788633933711653,
                    "recall": 0.9767212845693027,
                    "f1-score": 0.9777911657584138,
                    "support": 36557.0
                },
                "accuracy": 0.9599861851194,
                "macro avg": {
                    "precision": 0.8846029211250999,
                    "recall": 0.8914770031793485,
                    "f1-score": 0.8879998376689556,
                    "support": 40536.0
                },
                "weighted avg": {
                    "precision": 0.960358241453507,
                    "recall": 0.9599861851194,
                    "f1-score": 0.9601633931874668,
                    "support": 40536.0
                }
            },
            {
                "0": {
                    "precision": 0.7855113636363636,
                    "recall": 0.8338778587584821,
                    "f1-score": 0.8089723271973668,
                    "support": 3979.0
                },
                "1": {
                    "precision": 0.9817966512447676,
                    "recall": 0.9752167847471073,
                    "f1-score": 0.9784956565892218,
                    "support": 36557.0
                },
                "accuracy": 0.9613430037497533,
                "macro avg": {
                    "precision": 0.8836540074405657,
                    "recall": 0.9045473217527946,
                    "f1-score": 0.8937339918932943,
                    "support": 40536.0
                },
                "weighted avg": {
                    "precision": 0.9625293540424329,
                    "recall": 0.9613430037497533,
                    "f1-score": 0.9618553041210407,
                    "support": 40536.0
                }
            },
            {
                "0": {
                    "precision": 0.72680690399137,
                    "recall": 0.6798688193743693,
                    "f1-score": 0.7025547445255474,
                    "support": 3964.0
                },
                "1": {
                    "precision": 0.9839403418612446,
                    "recall": 0.9634886773875944,
                    "f1-score": 0.9736071191686934,
                    "support": 36564.0
                },
                "2": {
                    "precision": 0.34522111269614836,