{
    "TabNet": {
        "filter_sizes": [
            12000,
            8000,
            6000,
            4500,
            3500,
            1500,
            1000,
            300
        ],
        "training_time_seconds": [
            2369.2685656547546,
            2169.617557287216,
            1881.0337212085724,
            1932.1839001178741,
            1924.4043135643005,
            1880.0972850322723,
            1899.966005563736,
            1911.940761089325
        ],
        "num_classes": [
            2,
            3,
            4,
            4,
            4,
            4,
            4,
            4
        ],
        "test_f1_macro": [
            0.7202971025404125,
            0.6215773414334066,
            0.47090923267894985,
            0.47090923267894985,
            0.47090923267894985,
            0.47090923267894985,
            0.47090923267894985,
            0.47090923267894985
        ],
        "test_f1_micro": [
            0.7439119372760787,
            0.7099899684372782,
            0.6888993636577893,
            0.6888993636577893,
            0.6888993636577893,
            0.6888993636577893,
            0.6888993636577893,
            0.6888993636577893
        ],
        "test_f1_weighted": [
            0.7398101468252088,
            0.6925743028319605,
            0.6658143704600914,
            0.6658143704600914,
            0.6658143704600914,
            0.6658143704600914,
            0.6658143704600914,
            0.6658143704600914
        ],
        "cv_class_weights": [
            0.23885246965664958,
            0.6457632615350283,
            0.8707902075821371,
            0.8707902075821371,
            0.8707902075821371,
            0.8707902075821371,
            0.8707902075821371,
            0.8707902075821371
        ],
        "total_training_samples": [
            123256,
            130785,
            135776,
            135776,
            135776,
            135776,
            135776,
            135776
        ],
        "imbalance_ratio": [
            1.6276114948409652,
            10.063571616987602,
            15.223109159848333,
            15.223109159848333,
            15.223109159848333,
            15.223109159848333,
            15.223109159848333,
            15.223109159848333
        ],
        "entropy": [
            0.9584462469130828,
            0.7711844157599113,
            0.7023144887866911,
            0.7023144887866911,
            0.7023144887866911,
            0.7023144887866911,
            0.7023144887866911,
            0.7023144887866911
        ],
        "test_precision_macro": [
            0.729684936186912,
            0.7203370463649464,
            0.7185730198432139,
            0.7185730198432139,
            0.7185730198432139,
            0.7185730198432139,
            0.7185730198432139,
            0.7185730198432139
        ],
        "test_recall_macro": [
            0.7153876085445072,
            0.582117546771249,
            0.446847041914595,
            0.446847041914595,
            0.446847041914595,
            0.446847041914595,
            0.446847041914595,
            0.446847041914595
        ],
        "classification_reports": [
            {
                "0": {
                    "precision": 0.6879678512331574,
                    "recall": 0.5965835326272634,
                    "f1-score": 0.6390251042962746,
                    "support": 14635.0
                },
                "1": {
                    "precision": 0.7714020211406667,
                    "recall": 0.8341916844617511,
                    "f1-score": 0.8015691007845503,
                    "support": 23883.0
                },
                "accuracy": 0.7439119372760787,
                "macro avg": {
                    "precision": 0.729684936186912,
                    "recall": 0.7153876085445072,
                    "f1-score": 0.7202971025404125,
                    "support": 38518.0
                },
                "weighted avg": {
                    "precision": 0.7397010222155823,
                    "recall": 0.7439119372760787,
                    "f1-score": 0.7398101468252088,
                    "support": 38518.0
                }
            },
            {
                "0": {
                    "precision": 0.6553323029366306,
                    "recall": 0.46326140398798143,
                    "f1-score": 0.5428068490958553,
                    "support": 14644.0
                },
                "1": {
                    "precision": 0.7791304347826087,
                    "recall": 0.39177962396152166,
                    "f1-score": 0.5213849287169042,
                    "support": 2287.0
                },
                "2": {
                    "precision": 0.7265484013756002,
                    "recall": 0.8913116123642439,
                    "f1-score": 0.8005402464874599,
                    "support": 23940.0
                },
                "accuracy": 0.7099899684372782,
                "macro avg": {
                    "precision": 0.7203370463649464,
                    "recall": 0.582117546771249,
                    "f1-score": 0.6215773414334066,
                    "support": 40871.0
                },
                "weighted avg": {
                    "precision": 0.7039741204639893,
                    "recall": 0.7099899684372782,
                    "f1-score": 0.6925743028319605,
                    "support": 40871.0
                }
            },
            {
                "0": {
                    "precision": 0.601273988066441,
                    "recall": 0.510403832991102,
                    "f1-score": 0.5521249814897082,
                    "support": 14610.0
                },
                "1": {
                    "precision": 0.8378378378378378,
                    "recall": 0.020221787345075015,
                    "f1-score": 0.03949044585987261,
                    "support": 1533.0
                },
                "2": {
                    "precision": 0.7095501183898973,
                    "recall": 0.38699956952216963,
                    "f1-score": 0.5008356545961002,
                    "support": 2323.0
                },
                "3": {
                    "precision": 0.7256301350786798,
                    "recall": 0.8697629778000334,
                    "f1-score": 0.7911858487701184,
                    "support": 23964.0
                },
                "accuracy": 0.6888993636577893,
                "macro avg": {
                    "precision": 0.7185730198432139,
                    "recall": 0.446847041914595,
                    "f1-score": 0.47090923267894985,
                    "support": 42430.0
                },
                "weighted avg": {
                    "precision": 0.6859840644143607,
                    "recall": 0.6888993636577893,
                    "f1-score": 0.6658143704600914,
                    "support": 42430.0
                }
            },
            {
                "0": {
                    "precision": 0.601273988066441,
                    "recall": 0.510403832991102,
                    "f1-score": 0.5521249814897082,
                    "support": 14610.0
                },
                "1": {
                    "precision": 0.8378378378378378,
                    "recall": 0.020221787345075015,
                    "f1-score": 0.03949044585987261,
                    "support": 1533.0
                },
                "2": {
                    "precision": 0.7095501183898973,
                    "recall": 0.38699956952216963,
                    "f1-score": 0.5008356545961002,
                    "support": 2323.0
                },
                "3": {
                    "precision": 0.7256301350786798,
                    "recall": 0.8697629778000334,
                    "f1-score": 0.7911858487701184,