{
    "AdvancedTabularClassifier": {
        "filter_sizes": [
            12000,
            8000,
            6000,
            4500,
            3500,
            1500,
            1000,
            300
        ],
        "training_time_seconds": [
            39.21449398994446,
            44.94618201255798,
            45.28438472747803,
            43.41315770149231,
            45.795167207717896,
            45.63098978996277,
            43.1301383972168,
            41.080950021743774
        ],
        "num_classes": [
            2,
            2,
            2,
            2,
            4,
            5,
            5,
            5
        ],
        "test_f1_macro": [
            0.8562033061839824,
            0.8451750902984776,
            0.8666465295559891,
            0.8725518620827699,
            0.6117025692581269,
            0.49023831510192223,
            0.5082058466519771,
            0.4754106864253683
        ],
        "test_f1_micro": [
            0.9368709295441089,
            0.9306048944148412,
            0.9427175843694494,
            0.9460972962305112,
            0.8889311163895487,
            0.856280933301909,
            0.874829130332312,
            0.8552674994107943
        ],
        "test_f1_weighted": [
            0.94276138509529,
            0.937604174636523,
            0.9475925324209259,
            0.9503605573597846,
            0.9028456047810682,
            0.8800583703217769,
            0.8930809414996771,
            0.8793267140509171
        ],
        "cv_class_weights": [
            0.8074379018455988,
            0.8074379018455988,
            0.8074379018455988,
            0.8074379018455988,
            1.4379981650608282,
            1.6659268061773693,
            1.6659268061773693,
            1.6659268061773693
        ],
        "imbalance_ratio": [
            9.474321705426357,
            9.474321705426357,
            9.474321705426357,
            9.474321705426357,
            47.042502004811546,
            110.57964184731385,
            110.57964184731385,
            110.57964184731385
        ],
        "total_training_samples": [
            129714,
            129714,
            129714,
            129714,
            134718,
            135776,
            135776,
            135776
        ],
        "entropy": [
            0.4570947011903302,
            0.4570947011903302,
            0.4570947011903302,
            0.4570947011903302,
            0.3528971703870615,
            0.3295992223609546,
            0.3295992223609546,
            0.3295992223609546
        ],
        "test_precision_macro": [
            0.8048052212466907,
            0.792684442006053,
            0.81712578661993,
            0.8249346710878671,
            0.5528274653120094,
            0.4349633417836459,
            0.4604678545818688,
            0.4322500628467125
        ],
        "test_recall_macro": [
            0.9458508655794564,
            0.942152873832526,
            0.9480845368512673,
            0.9477186741457564,
            0.7573180197157736,
            0.6327514329519323,
            0.6219905159986452,
            0.6130737876354404
        ],
        "classification_reports": [
            {
                "0": {
                    "precision": 0.6145900581020013,
                    "recall": 0.9570243779844182,
                    "f1-score": 0.7485012285012285,
                    "support": 3979.0
                },
                "1": {
                    "precision": 0.9950203843913803,
                    "recall": 0.9346773531744946,
                    "f1-score": 0.9639053838667363,
                    "support": 36557.0
                },
                "accuracy": 0.9368709295441089,
                "macro avg": {
                    "precision": 0.8048052212466907,
                    "recall": 0.9458508655794564,
                    "f1-score": 0.8562033061839824,
                    "support": 40536.0
                },
                "weighted avg": {
                    "precision": 0.9576774727004034,
                    "recall": 0.9368709295441089,
                    "f1-score": 0.94276138509529,
                    "support": 40536.0
                }
            },
            {
                "0": {
                    "precision": 0.590443686006826,
                    "recall": 0.9565217391304348,
                    "f1-score": 0.7301678657074341,
                    "support": 3979.0
                },
                "1": {
                    "precision": 0.9949251980052801,
                    "recall": 0.9277840085346172,
                    "f1-score": 0.9601823148895211,
                    "support": 36557.0
                },
                "accuracy": 0.9306048944148412,
                "macro avg": {
                    "precision": 0.792684442006053,
                    "recall": 0.942152873832526,
                    "f1-score": 0.8451750902984776,
                    "support": 40536.0
                },
                "weighted avg": {
                    "precision": 0.955221430089308,
                    "recall": 0.9306048944148412,
                    "f1-score": 0.937604174636523,
                    "support": 40536.0
                }
            },
            {
                "0": {
                    "precision": 0.6394546372664535,
                    "recall": 0.9547625031414928,
                    "f1-score": 0.7659274193548387,
                    "support": 3979.0
                },
                "1": {
                    "precision": 0.9947969359734066,
                    "recall": 0.9414065705610417,
                    "f1-score": 0.9673656397571396,
                    "support": 36557.0
                },
                "accuracy": 0.9427175843694494,
                "macro avg": {
                    "precision": 0.81712578661993,
                    "recall": 0.9480845368512673,
                    "f1-score": 0.8666465295559891,
                    "support": 40536.0
                },
                "weighted avg": {
                    "precision": 0.9599166565537558,
                    "recall": 0.9427175843694494,
                    "f1-score": 0.9475925324209259,
                    "support": 40536.0
                }
            },
            {
                "0": {
                    "precision": 0.6556210964607911,
                    "recall": 0.9497361146016587,
                    "f1-score": 0.7757364261521092,
                    "support": 3979.0
                },
                "1": {
                    "precision": 0.9942482457149431,
                    "recall": 0.9457012336898541,
                    "f1-score": 0.9693672980134307,
                    "support": 36557.0
                },
                "accuracy": 0.9460972962305112,
                "macro avg": {
                    "precision": 0.8249346710878671,
                    "recall": 0.9477186741457564,
                    "f1-score": 0.8725518620827699,
                    "support": 40536.0
                },
                "weighted avg": {
                    "precision": 0.9610087196915992,
                    "recall": 0.9460972962305112,
                    "f1-score": 0.9503605573597846,
                    "support": 40536.0
                }
            },
            {
                "0": {
                    "precision": 0.5805750181203189,
                    "recall": 0.6062058526740666,
                    "f1-score": 0.5931136616068123,
                    "support": 3964.0
                },
                "1": {
                    "precision": 0.988406389627077,
                    "recall": 0.9256645881194617,
                    "f1-score": 0.9560071744319064,
                    "support": 36564.0
                },
                "2": {
                    "precision": 0.27527818093855827,