{
    "TabPFNClassifier": {
        "filter_sizes": [
            12000,
            8000,
            6000,
            4500,
            3500,
            1500,
            1000,
            300
        ],
        "training_time_seconds": [
            32.332297801971436,
            33.05039024353027,
            43.12763810157776,
            40.50010371208191,
            43.78079438209534,
            42.303399085998535,
            33.24541521072388,
            35.75409460067749
        ],
        "num_classes": [
            2,
            3,
            4,
            4,
            4,
            4,
            4,
            4
        ],
        "test_f1_macro": [
            0.745251171502032,
            0.6598585882023239,
            0.5296056967871916,
            0.5296056967871916,
            0.5296056967871916,
            0.5296056967871916,
            0.5296056967871916,
            0.5296056967871916
        ],
        "test_f1_micro": [
            0.7512851134534503,
            0.7107729196740965,
            0.6588498703747349,
            0.6588498703747349,
            0.6588498703747349,
            0.6588498703747349,
            0.6588498703747349,
            0.6588498703747349
        ],
        "test_f1_weighted": [
            0.7547621623242405,
            0.71658796839118,
            0.6740084913828526,
            0.6740084913828526,
            0.6740084913828526,
            0.6740084913828526,
            0.6740084913828526,
            0.6740084913828526
        ],
        "cv_class_weights": [
            0.2382358668137859,
            0.6465630018997582,
            0.8698170366448914,
            0.8698170366448914,
            0.8698170366448914,
            0.8698170366448914,
            0.8698170366448914,
            0.8698170366448914
        ],
        "imbalance_ratio": [
            1.6254845993268863,
            10.114982116836668,
            15.160732046946489,
            15.160732046946489,
            15.160732046946489,
            15.160732046946489,
            15.160732046946489,
            15.160732046946489
        ],
        "total_training_samples": [
            123256,
            130785,
            135776,
            135776,
            135776,
            135776,
            135776,
            135776
        ],
        "entropy": [
            0.9586626168837868,
            0.7705755314630944,
            0.7029757860095388,
            0.7029757860095388,
            0.7029757860095388,
            0.7029757860095388,
            0.7029757860095388,
            0.7029757860095388
        ],
        "test_precision_macro": [
            0.7444143093707308,
            0.6340761579882911,
            0.5088156058127062,
            0.5088156058127062,
            0.5088156058127062,
            0.5088156058127062,
            0.5088156058127062,
            0.5088156058127062
        ],
        "test_recall_macro": [
            0.758592664680821,
            0.7058731944439045,
            0.5756711232815839,
            0.5756711232815839,
            0.5756711232815839,
            0.5756711232815839,
            0.5756711232815839,
            0.5756711232815839
        ],
        "classification_reports": [
            {
                "0": {
                    "precision": 0.6390601566405599,
                    "recall": 0.7887159799821759,
                    "f1-score": 0.7060447990181037,
                    "support": 14587.0
                },
                "1": {
                    "precision": 0.8497684621009017,
                    "recall": 0.728469349379466,
                    "f1-score": 0.7844575439859605,
                    "support": 23931.0
                },
                "accuracy": 0.7512851134534503,
                "macro avg": {
                    "precision": 0.7444143093707308,
                    "recall": 0.758592664680821,
                    "f1-score": 0.745251171502032,
                    "support": 38518.0
                },
                "weighted avg": {
                    "precision": 0.7699719500351142,
                    "recall": 0.7512851134534503,
                    "f1-score": 0.7547621623242405,
                    "support": 38518.0
                }
            },
            {
                "0": {
                    "precision": 0.6070648442863383,
                    "recall": 0.66296346782988,
                    "f1-score": 0.6337840039094315,
                    "support": 14672.0
                },
                "1": {
                    "precision": 0.4648241206030151,
                    "recall": 0.7148990983254616,
                    "f1-score": 0.5633564540686855,
                    "support": 2329.0
                },
                "2": {
                    "precision": 0.8303395090755196,
                    "recall": 0.739757017176372,
                    "f1-score": 0.782435306628855,
                    "support": 23870.0
                },
                "accuracy": 0.7107729196740965,
                "macro avg": {
                    "precision": 0.6340761579882911,
                    "recall": 0.7058731944439045,
                    "f1-score": 0.6598585882023239,
                    "support": 40871.0
                },
                "weighted avg": {
                    "precision": 0.7293590774359872,
                    "recall": 0.7107729196740965,
                    "f1-score": 0.71658796839118,
                    "support": 40871.0
                }
            },
            {
                "0": {
                    "precision": 0.5838449731389103,
                    "recall": 0.6261316872427983,
                    "f1-score": 0.6042494042891183,
                    "support": 14580.0
                },
                "1": {
                    "precision": 0.1476072094468614,
                    "recall": 0.3139458030403173,
                    "f1-score": 0.20080321285140562,
                    "support": 1513.0
                },
                "2": {
                    "precision": 0.4791139240506329,
                    "recall": 0.662582056892779,
                    "f1-score": 0.5561065197428834,
                    "support": 2285.0
                },
                "3": {
                    "precision": 0.8246963166144201,
                    "recall": 0.7000249459504407,
                    "f1-score": 0.7572636502653594,
                    "support": 24052.0
                },
                "accuracy": 0.6588498703747349,
                "macro avg": {
                    "precision": 0.5088156058127062,
                    "recall": 0.5756711232815839,
                    "f1-score": 0.5296056967871916,
                    "support": 42430.0
                },
                "weighted avg": {
                    "precision": 0.6991788955909531,
                    "recall": 0.6588498703747349,
                    "f1-score": 0.6740084913828526,
                    "support": 42430.0
                }
            },
            {
                "0": {
                    "precision": 0.5838449731389103,
                    "recall": 0.6261316872427983,
                    "f1-score": 0.6042494042891183,
                    "support": 14580.0
                },
                "1": {
                    "precision": 0.1476072094468614,
                    "recall": 0.3139458030403173,
                    "f1-score": 0.20080321285140562,
                    "support": 1513.0
                },
                "2": {
                    "precision": 0.4791139240506329,
                    "recall": 0.662582056892779,
                    "f1-score": 0.5561065197428834,
                    "support": 2285.0
                },
                "3": {
                    "precision": 0.8246963166144201,
                    "recall": 0.7000249459504407,
                    "f1-score": 0.7572636502653594,