{
    "AdvancedTabularClassifier": {
        "filter_sizes": [
            12000,
            8000,
            6000,
            4500,
            3500,
            1500,
            1000,
            300
        ],
        "training_time_seconds": [
            131.92390847206116,
            173.7624547481537,
            153.23649311065674,
            53.837594747543335,
            52.52442955970764,
            49.85759258270264,
            56.42947030067444,
            51.37228870391846
        ],
        "num_classes": [
            2,
            2,
            2,
            3,
            3,
            3,
            3,
            4
        ],
        "test_f1_macro": [
            0.9997506432351189,
            0.9998441474141864,
            0.9997194321605114,
            0.8669933610006121,
            0.8771059796249494,
            0.8643023148911441,
            0.8793163933042231,
            0.7736131986734884
        ],
        "test_f1_micro": [
            0.9998067259373792,
            0.999879203710862,
            0.9997825666795516,
            0.9840433076450286,
            0.9858399130064772,
            0.9858871920949364,
            0.9851780057680488,
            0.9824888050907377
        ],
        "test_f1_weighted": [
            0.9998067202234003,
            0.9998791983535755,
            0.9997825441717015,
            0.9834906477636378,
            0.9851183319368051,
            0.9843186935796863,
            0.9847820146001782,
            0.9805227825808986
        ],
        "cv_class_weights": [
            0.46950639467286753,
            0.46950639467286753,
            0.46950639467286753,
            0.8678956080446022,
            0.8678956080446022,
            0.8678956080446022,
            0.8678956080446022,
            1.1512245540045383
        ],
        "imbalance_ratio": [
            2.7576668841669267,
            2.7576668841669267,
            2.7576668841669267,
            33.36020583190395,
            33.36020583190395,
            33.36020583190395,
            33.36020583190395,
            235.11352657004832
        ],
        "total_training_samples": [
            132454,
            132454,
            132454,
            135364,
            135364,
            135364,
            135364,
            135776
        ],
        "entropy": [
            0.8345611026067205,
            0.8345611026067205,
            0.8345611026067205,
            0.6103408231525391,
            0.6103408231525391,
            0.6103408231525391,
            0.6103408231525391,
            0.4962529234249985
        ],
        "test_precision_macro": [
            0.9997801973765384,
            0.9998884940604489,
            0.9998229485054306,
            0.8829361366215197,
            0.9017607704442648,
            0.9239431134744103,
            0.8922921157877314,
            0.8370444405583213
        ],
        "test_recall_macro": [
            0.9997210986108784,
            0.9997998221859823,
            0.99961603244145,
            0.8533226391405734,
            0.8574267565155838,
            0.8280123951471863,
            0.8678016631702644,
            0.7345229961451896
        ],
        "classification_reports": [
            {
                "0": {
                    "precision": 0.9998361300471945,
                    "recall": 0.9999016715830875,
                    "f1-score": 0.999868899741077,
                    "support": 30510.0
                },
                "1": {
                    "precision": 0.9997242647058824,
                    "recall": 0.9995405256386694,
                    "f1-score": 0.9996323867291609,
                    "support": 10882.0
                },
                "accuracy": 0.9998067259373792,
                "macro avg": {
                    "precision": 0.9997801973765384,
                    "recall": 0.9997210986108784,
                    "f1-score": 0.9997506432351189,
                    "support": 41392.0
                },
                "weighted avg": {
                    "precision": 0.999806720532212,
                    "recall": 0.9998067259373792,
                    "f1-score": 0.9998067202234003,
                    "support": 41392.0
                }
            },
            {
                "0": {
                    "precision": 0.9998689083341527,
                    "recall": 0.9999672238610292,
                    "f1-score": 0.9999180636809072,
                    "support": 30510.0
                },
                "1": {
                    "precision": 0.9999080797867451,
                    "recall": 0.9996324205109355,
                    "f1-score": 0.9997702311474657,
                    "support": 10882.0
                },
                "accuracy": 0.999879203710862,
                "macro avg": {
                    "precision": 0.9998884940604489,
                    "recall": 0.9997998221859823,
                    "f1-score": 0.9998441474141864,
                    "support": 41392.0
                },
                "weighted avg": {
                    "precision": 0.9998792065499216,
                    "recall": 0.999879203710862,
                    "f1-score": 0.9998791983535755,
                    "support": 41392.0
                }
            },
            {
                "0": {
                    "precision": 0.9997378510338499,
                    "recall": 0.9999672238610292,
                    "f1-score": 0.9998525242925262,
                    "support": 30510.0
                },
                "1": {
                    "precision": 0.9999080459770114,
                    "recall": 0.999264841021871,
                    "f1-score": 0.9995863400284966,
                    "support": 10882.0
                },
                "accuracy": 0.9997825666795516,
                "macro avg": {
                    "precision": 0.9998229485054306,
                    "recall": 0.99961603244145,
                    "f1-score": 0.9997194321605114,
                    "support": 41392.0
                },
                "weighted avg": {
                    "precision": 0.9997825954620362,
                    "recall": 0.9997825666795516,
                    "f1-score": 0.9997825441717015,
                    "support": 41392.0
                }
            },
            {
                "0": {
                    "precision": 0.6623876765083441,
                    "recall": 0.5707964601769911,
                    "f1-score": 0.6131907308377896,
                    "support": 904.0
                },
                "1": {
                    "precision": 0.986603933869176,
                    "recall": 0.9913654420696674,
                    "f1-score": 0.988978956849259,
                    "support": 30459.0
                },
                "2": {
                    "precision": 0.9998167994870386,
                    "recall": 0.9978060151750617,
                    "f1-score": 0.9988103953147877,
                    "support": 10939.0
                },
                "accuracy": 0.9840433076450286,
                "macro avg": {
                    "precision": 0.8829361366215197,
                    "recall": 0.8533226391405734,
                    "f1-score": 0.8669933610006121,
                    "support": 42302.0
                },
                "weighted avg": {
                    "precision": 0.9830921386902153,
                    "recall": 0.9840433076450286,
                    "f1-score": 0.9834906477636378,
                    "support": 42302.0
                }
            },
            {
                "0": {
                    "precision": 0.7187928669410151,
                    "recall": 0.5796460176991151,
                    "f1-score": 0.6417636252296387,
                    "support": 904.0
                },
                "1": {
                    "precision": 0.9874942859008685,