{
    "AdvancedTabularClassifier": {
        "filter_sizes": [
            12000,
            8000,
            6000,
            4500,
            3500,
            1500,
            1000,
            300
        ],
        "training_time_seconds": [
            38.97059392929077,
            43.27724289894104,
            52.01578092575073,
            42.20065903663635,
            48.11871647834778,
            44.870644092559814,
            58.48265767097473,
            46.20924925804138
        ],
        "num_classes": [
            2,
            3,
            4,
            4,
            4,
            4,
            4,
            4
        ],
        "test_f1_macro": [
            0.7176374204720927,
            0.638577629617426,
            0.5133776206938481,
            0.497589236201845,
            0.5121800559711521,
            0.5046364891902886,
            0.4905246074378433,
            0.5001622901240249
        ],
        "test_f1_micro": [
            0.7316838880523392,
            0.7028455384013115,
            0.66853641291539,
            0.6679707753947679,
            0.6775159085552676,
            0.6671694555738864,
            0.6700919160971011,
            0.6663917039830308
        ],
        "test_f1_weighted": [
            0.7329150590554733,
            0.688781175039749,
            0.665964128573778,
            0.6625783227199544,
            0.6702649819974529,
            0.6648358848662558,
            0.6505374037770506,
            0.6606272492712953
        ],
        "cv_class_weights": [
            0.24037775037320697,
            0.646728321415141,
            0.8718973997134357,
            0.8718973997134357,
            0.8718973997134357,
            0.8718973997134357,
            0.8718973997134357,
            0.8718973997134357
        ],
        "imbalance_ratio": [
            1.6254845993268863,
            10.114982116836668,
            15.160732046946489,
            15.160732046946489,
            15.160732046946489,
            15.160732046946489,
            15.160732046946489,
            15.160732046946489
        ],
        "total_training_samples": [
            123256,
            130785,
            135776,
            135776,
            135776,
            135776,
            135776,
            135776
        ],
        "entropy": [
            0.9579085163442266,
            0.7704398648724445,
            0.7014782701461418,
            0.7014782701461418,
            0.7014782701461418,
            0.7014782701461418,
            0.7014782701461418,
            0.7014782701461418
        ],
        "test_precision_macro": [
            0.7159436414268217,
            0.6678863367403016,
            0.5292260013670307,
            0.5117570658538879,
            0.5242736017672632,
            0.5205370364676851,
            0.5099202706657948,
            0.534166396626812
        ],
        "test_recall_macro": [
            0.7199454129188635,
            0.6259459238499027,
            0.5021577183502333,
            0.48690181122676135,
            0.5074305559253797,
            0.49219233135379786,
            0.48919855406276563,
            0.48898256918659333
        ],
        "classification_reports": [
            {
                "0": {
                    "precision": 0.6385919165580183,
                    "recall": 0.6715568657023377,
                    "f1-score": 0.6546596718682126,
                    "support": 14587.0
                },
                "1": {
                    "precision": 0.7932953662956251,
                    "recall": 0.7683339601353892,
                    "f1-score": 0.7806151690759727,
                    "support": 23931.0
                },
                "accuracy": 0.7316838880523392,
                "macro avg": {
                    "precision": 0.7159436414268217,
                    "recall": 0.7199454129188635,
                    "f1-score": 0.7176374204720927,
                    "support": 38518.0
                },
                "weighted avg": {
                    "precision": 0.7347082324537209,
                    "recall": 0.7316838880523392,
                    "f1-score": 0.7329150590554733,
                    "support": 38518.0
                }
            },
            {
                "0": {
                    "precision": 0.6504732470542786,
                    "recall": 0.45903762268266085,
                    "f1-score": 0.5382402301606329,
                    "support": 14672.0
                },
                "1": {
                    "precision": 0.6257309941520468,
                    "recall": 0.5513095749248604,
                    "f1-score": 0.5861675416571559,
                    "support": 2329.0
                },
                "2": {
                    "precision": 0.7274547690145793,
                    "recall": 0.8674905739421869,
                    "f1-score": 0.7913251170344894,
                    "support": 23870.0
                },
                "accuracy": 0.7028455384013115,
                "macro avg": {
                    "precision": 0.6678863367403016,
                    "recall": 0.6259459238499027,
                    "f1-score": 0.638577629617426,
                    "support": 40871.0
                },
                "weighted avg": {
                    "precision": 0.6940230555293118,
                    "recall": 0.7028455384013115,
                    "f1-score": 0.688781175039749,
                    "support": 40871.0
                }
            },
            {
                "0": {
                    "precision": 0.586199278297371,
                    "recall": 0.5459533607681756,
                    "f1-score": 0.5653609858304627,
                    "support": 14580.0
                },
                "1": {
                    "precision": 0.17212626563430614,
                    "recall": 0.19101123595505617,
                    "f1-score": 0.18107769423558898,
                    "support": 1513.0
                },
                "2": {
                    "precision": 0.6088642659279778,
                    "recall": 0.48096280087527354,
                    "f1-score": 0.5374083129584352,
                    "support": 2285.0
                },
                "3": {
                    "precision": 0.7497141956084677,
                    "recall": 0.7907034758024281,
                    "f1-score": 0.7696634897509055,
                    "support": 24052.0
                },
                "accuracy": 0.66853641291539,
                "macro avg": {
                    "precision": 0.5292260013670307,
                    "recall": 0.5021577183502333,
                    "f1-score": 0.5133776206938481,
                    "support": 42430.0
                },
                "weighted avg": {
                    "precision": 0.665345114256438,
                    "recall": 0.66853641291539,
                    "f1-score": 0.665964128573778,
                    "support": 42430.0
                }
            },
            {
                "0": {
                    "precision": 0.5850474383301708,
                    "recall": 0.5286694101508916,
                    "f1-score": 0.5554314537921096,
                    "support": 14580.0
                },
                "1": {
                    "precision": 0.1686247408431237,
                    "recall": 0.1612690019828156,
                    "f1-score": 0.16486486486486487,
                    "support": 1513.0
                },
                "2": {
                    "precision": 0.5464625131995776,
                    "recall": 0.45295404814004375,
                    "f1-score": 0.4953338119167265,
                    "support": 2285.0
                },
                "3": {
                    "precision": 0.7468935710426796,
                    "recall": 0.8047147846332945,
                    "f1-score": 0.774726814233679,