{
    "AdvancedTabularClassifier": {
        "filter_sizes": [
            12000,
            8000,
            6000,
            4500,
            3500,
            1500,
            1000,
            300
        ],
        "training_time_seconds": [
            80.12700510025024,
            82.04778671264648,
            111.45616888999939,
            49.68432807922363,
            45.00340437889099,
            46.62350916862488,
            57.833014488220215,
            55.42688846588135
        ],
        "num_classes": [
            2,
            2,
            2,
            3,
            3,
            3,
            3,
            4
        ],
        "test_f1_macro": [
            0.9997506432351189,
            0.9998441381971388,
            0.9997818321790737,
            0.859660640780232,
            0.880800025672519,
            0.8735386879293315,
            0.8649246700707831,
            0.7468368503576925
        ],
        "test_f1_micro": [
            0.9998067259373792,
            0.999879203710862,
            0.9998308851952068,
            0.9774005957165146,
            0.9835941563046664,
            0.9815375159566924,
            0.9786771311049123,
            0.9739806740513788
        ],
        "test_f1_weighted": [
            0.9998067202234003,
            0.9998791947806135,
            0.9998308876944689,
            0.9797514394768092,
            0.98394276968112,
            0.9826180382386461,
            0.9807863057681697,
            0.9766138627375774
        ],
        "cv_class_weights": [
            0.46810213357090014,
            0.46810213357090014,
            0.46810213357090014,
            0.8690060485112061,
            0.8690060485112061,
            0.8690060485112061,
            0.8690060485112061,
            1.1515808632037638
        ],
        "imbalance_ratio": [
            2.7576668841669267,
            2.7576668841669267,
            2.7576668841669267,
            33.36020583190395,
            33.36020583190395,
            33.36020583190395,
            33.36020583190395,
            235.11352657004832
        ],
        "total_training_samples": [
            132454,
            132454,
            132454,
            135364,
            135364,
            135364,
            135364,
            135776
        ],
        "entropy": [
            0.8355913577544198,
            0.8355913577544198,
            0.8355913577544198,
            0.6095733106763772,
            0.6095733106763772,
            0.6095733106763772,
            0.6095733106763772,
            0.49646414427957425
        ],
        "test_precision_macro": [
            0.9997801973765384,
            0.9999180730788138,
            0.9997670613233289,
            0.8265473850837312,
            0.871350648639166,
            0.85150729649814,
            0.8324735007387649,
            0.7032478547651836
        ],
        "test_recall_macro": [
            0.9997210986108784,
            0.9997702628193347,
            0.9997966054136591,
            0.9131532729680534,
            0.8912159807957271,
            0.9023310278365834,
            0.9158909586485285,
            0.8500310117572619
        ],
        "classification_reports": [
            {
                "0": {
                    "precision": 0.9998361300471945,
                    "recall": 0.9999016715830875,
                    "f1-score": 0.999868899741077,
                    "support": 30510.0
                },
                "1": {
                    "precision": 0.9997242647058824,
                    "recall": 0.9995405256386694,
                    "f1-score": 0.9996323867291609,
                    "support": 10882.0
                },
                "accuracy": 0.9998067259373792,
                "macro avg": {
                    "precision": 0.9997801973765384,
                    "recall": 0.9997210986108784,
                    "f1-score": 0.9997506432351189,
                    "support": 41392.0
                },
                "weighted avg": {
                    "precision": 0.999806720532212,
                    "recall": 0.9998067259373792,
                    "f1-score": 0.9998067202234003,
                    "support": 41392.0
                }
            },
            {
                "0": {
                    "precision": 0.9998361461576274,
                    "recall": 1.0,
                    "f1-score": 0.9999180663662434,
                    "support": 30510.0
                },
                "1": {
                    "precision": 1.0,
                    "recall": 0.9995405256386694,
                    "f1-score": 0.9997702100280343,
                    "support": 10882.0
                },
                "accuracy": 0.999879203710862,
                "macro avg": {
                    "precision": 0.9999180730788138,
                    "recall": 0.9997702628193347,
                    "f1-score": 0.9998441381971388,
                    "support": 41392.0
                },
                "weighted avg": {
                    "precision": 0.9998792235037981,
                    "recall": 0.999879203710862,
                    "f1-score": 0.9998791947806135,
                    "support": 41392.0
                }
            },
            {
                "0": {
                    "precision": 0.999901668360156,
                    "recall": 0.9998688954441167,
                    "f1-score": 0.9998852816335896,
                    "support": 30510.0
                },
                "1": {
                    "precision": 0.9996324542865019,
                    "recall": 0.9997243153832016,
                    "f1-score": 0.9996783827245578,
                    "support": 10882.0
                },
                "accuracy": 0.9998308851952068,
                "macro avg": {
                    "precision": 0.9997670613233289,
                    "recall": 0.9997966054136591,
                    "f1-score": 0.9997818321790737,
                    "support": 41392.0
                },
                "weighted avg": {
                    "precision": 0.9998308916992191,
                    "recall": 0.9998308851952068,
                    "f1-score": 0.9998308876944689,
                    "support": 41392.0
                }
            },
            {
                "0": {
                    "precision": 0.4879943502824859,
                    "recall": 0.7643805309734514,
                    "f1-score": 0.5956896551724138,
                    "support": 904.0
                },
                "1": {
                    "precision": 0.9926531975288028,
                    "recall": 0.9759020322400604,
                    "f1-score": 0.9842063439507317,
                    "support": 30459.0
                },
                "2": {
                    "precision": 0.998994607439905,
                    "recall": 0.9991772556906482,
                    "f1-score": 0.9990859232175503,
                    "support": 10939.0
                },
                "accuracy": 0.9774005957165146,
                "macro avg": {
                    "precision": 0.8265473850837312,
                    "recall": 0.9131532729680534,
                    "f1-score": 0.859660640780232,
                    "support": 42302.0
                },
                "weighted avg": {
                    "precision": 0.9835084073322844,
                    "recall": 0.9774005957165146,
                    "f1-score": 0.9797514394768092,
                    "support": 42302.0
                }
            },
            {
                "0": {
                    "precision": 0.6263846928499497,
                    "recall": 0.6880530973451328,
                    "f1-score": 0.6557722720084344,
                    "support": 904.0
                },
                "1": {
                    "precision": 0.9903149295032283,
                    "recall": 0.9869660855576349,