{
    "AdvancedTabularClassifier": {
        "filter_sizes": [
            12000,
            8000,
            6000,
            4500,
            3500,
            1500,
            1000,
            300
        ],
        "training_time_seconds": [
            244.51382875442505,
            281.1425426006317,
            189.4475452899933,
            44.20537877082825,
            54.28209948539734,
            61.51962208747864,
            45.967941999435425,
            51.05824828147888
        ],
        "num_classes": [
            2,
            2,
            2,
            3,
            3,
            3,
            3,
            4
        ],
        "test_f1_macro": [
            0.9998441381971388,
            0.9998441381971388,
            0.9998441474141864,
            0.8677280560066606,
            0.8642379532637111,
            0.8762157396915794,
            0.8694902984362195,
            0.7642865721844786
        ],
        "test_f1_micro": [
            0.999879203710862,
            0.999879203710862,
            0.999879203710862,
            0.9856507966526405,
            0.9855798780199517,
            0.9850125289584417,
            0.9856744361968701,
            0.9818053264199859
        ],
        "test_f1_weighted": [
            0.9998791947806135,
            0.9998791947806135,
            0.9998791983535755,
            0.9841539332099488,
            0.9839634025527827,
            0.9846216789611756,
            0.9844439088091136,
            0.9807066561640687
        ],
        "cv_class_weights": [
            0.4703670708321379,
            0.4703670708321379,
            0.4703670708321379,
            0.8657339053052465,
            0.8657339053052465,
            0.8657339053052465,
            0.8657339053052465,
            1.1498998231951623
        ],
        "imbalance_ratio": [
            2.7576668841669267,
            2.7576668841669267,
            2.7576668841669267,
            33.36020583190395,
            33.36020583190395,
            33.36020583190395,
            33.36020583190395,
            235.11352657004832
        ],
        "total_training_samples": [
            132454,
            132454,
            132454,
            135364,
            135364,
            135364,
            135364,
            135776
        ],
        "entropy": [
            0.8339278524937662,
            0.8339278524937662,
            0.8339278524937662,
            0.6117195444044279,
            0.6117195444044279,
            0.6117195444044279,
            0.6117195444044279,
            0.4965626838342741
        ],
        "test_precision_macro": [
            0.9999180730788138,
            0.9999180730788138,
            0.9998884940604489,
            0.9273126736977831,
            0.9276887776045539,
            0.8883927917391893,
            0.91458294749278,
            0.8161058359646816
        ],
        "test_recall_macro": [
            0.9997702628193347,
            0.9997702628193347,
            0.9997998221859823,
            0.831051213875171,
            0.8263866686183844,
            0.8653572405961052,
            0.8388881566653911,
            0.7291183630577713
        ],
        "classification_reports": [
            {
                "0": {
                    "precision": 0.9998361461576274,
                    "recall": 1.0,
                    "f1-score": 0.9999180663662434,
                    "support": 30510.0
                },
                "1": {
                    "precision": 1.0,
                    "recall": 0.9995405256386694,
                    "f1-score": 0.9997702100280343,
                    "support": 10882.0
                },
                "accuracy": 0.999879203710862,
                "macro avg": {
                    "precision": 0.9999180730788138,
                    "recall": 0.9997702628193347,
                    "f1-score": 0.9998441381971388,
                    "support": 41392.0
                },
                "weighted avg": {
                    "precision": 0.9998792235037981,
                    "recall": 0.999879203710862,
                    "f1-score": 0.9998791947806135,
                    "support": 41392.0
                }
            },
            {
                "0": {
                    "precision": 0.9998361461576274,
                    "recall": 1.0,
                    "f1-score": 0.9999180663662434,
                    "support": 30510.0
                },
                "1": {
                    "precision": 1.0,
                    "recall": 0.9995405256386694,
                    "f1-score": 0.9997702100280343,
                    "support": 10882.0
                },
                "accuracy": 0.999879203710862,
                "macro avg": {
                    "precision": 0.9999180730788138,
                    "recall": 0.9997702628193347,
                    "f1-score": 0.9998441381971388,
                    "support": 41392.0
                },
                "weighted avg": {
                    "precision": 0.9998792235037981,
                    "recall": 0.999879203710862,
                    "f1-score": 0.9998791947806135,
                    "support": 41392.0
                }
            },
            {
                "0": {
                    "precision": 0.9998689083341527,
                    "recall": 0.9999672238610292,
                    "f1-score": 0.9999180636809072,
                    "support": 30510.0
                },
                "1": {
                    "precision": 0.9999080797867451,
                    "recall": 0.9996324205109355,
                    "f1-score": 0.9997702311474657,
                    "support": 10882.0
                },
                "accuracy": 0.999879203710862,
                "macro avg": {
                    "precision": 0.9998884940604489,
                    "recall": 0.9997998221859823,
                    "f1-score": 0.9998441474141864,
                    "support": 41392.0
                },
                "weighted avg": {
                    "precision": 0.9998792065499216,
                    "recall": 0.999879203710862,
                    "f1-score": 0.9998791983535755,
                    "support": 41392.0
                }
            },
            {
                "0": {
                    "precision": 0.7985865724381626,
                    "recall": 0.5,
                    "f1-score": 0.6149659863945578,
                    "support": 904.0
                },
                "1": {
                    "precision": 0.984358774662513,
                    "recall": 0.995896122656686,
                    "f1-score": 0.990093839249286,
                    "support": 30459.0
                },
                "2": {
                    "precision": 0.998992673992674,
                    "recall": 0.9972575189688271,
                    "f1-score": 0.998124342376138,
                    "support": 10939.0
                },
                "accuracy": 0.9856507966526405,
                "macro avg": {
                    "precision": 0.9273126736977831,
                    "recall": 0.831051213875171,
                    "f1-score": 0.8677280560066606,
                    "support": 42302.0
                },
                "weighted avg": {
                    "precision": 0.984173018763544,
                    "recall": 0.9856507966526405,
                    "f1-score": 0.9841539332099488,
                    "support": 42302.0
                }
            },
            {
                "0": {
                    "precision": 0.7996357012750456,
                    "recall": 0.4856194690265487,
                    "f1-score": 0.604267033723331,
                    "support": 904.0
                },
                "1": {
                    "precision": 0.9839802834257547,
                    "recall": 0.9961916018254047,
                    "f1-score": 0.9900482902636387,