{
    "AdvancedTabularClassifier": {
        "filter_sizes": [
            12000,
            8000,
            6000,
            4500,
            3500,
            1500,
            1000,
            300
        ],
        "training_time_seconds": [
            250.07548666000366,
            63.92149043083191,
            353.2648241519928,
            47.08910155296326,
            52.287506103515625,
            44.116267681121826,
            43.81820249557495,
            50.25364923477173
        ],
        "num_classes": [
            2,
            2,
            2,
            3,
            3,
            3,
            3,
            4
        ],
        "test_f1_macro": [
            0.9998129713670996,
            0.99971944875485,
            0.9998130045375162,
            0.7743728822518797,
            0.7785133628034732,
            0.7823119810619126,
            0.77950636688255,
            0.6686360383536538
        ],
        "test_f1_micro": [
            0.9998550444530344,
            0.9997825666795516,
            0.9998550444530344,
            0.9343293461302066,
            0.9379225568531039,
            0.9396718831260933,
            0.9388444990780578,
            0.927362715060099
        ],
        "test_f1_weighted": [
            0.9998550358806861,
            0.9997825506051042,
            0.9998550487371387,
            0.952061668940783,
            0.9540033265861901,
            0.9545364493037203,
            0.954649429560527,
            0.9457400423827321
        ],
        "cv_class_weights": [
            0.4689628097301705,
            0.4689628097301705,
            0.4689628097301705,
            0.8670708603107885,
            0.8670708603107885,
            0.8670708603107885,
            0.8670708603107885,
            1.150705879465884
        ],
        "imbalance_ratio": [
            2.7576668841669267,
            2.7576668841669267,
            2.7576668841669267,
            33.36020583190395,
            33.36020583190395,
            33.36020583190395,
            33.36020583190395,
            235.11352657004832
        ],
        "total_training_samples": [
            132454,
            132454,
            132454,
            135364,
            135364,
            135364,
            135364,
            135776
        ],
        "entropy": [
            0.8349603436254895,
            0.8349603436254895,
            0.8349603436254895,
            0.6104528465987762,
            0.6104528465987762,
            0.6104528465987762,
            0.6104528465987762,
            0.4964203336633599
        ],
        "test_precision_macro": [
            0.9998721060622389,
            0.9997933651953259,
            0.9997834657402687,
            0.7433467860954334,
            0.7458568166254077,
            0.7471723957758813,
            0.7466174590451401,
            0.6147797865859941
        ],
        "test_recall_macro": [
            0.9997538747498493,
            0.9996455918080978,
            0.9998425528497923,
            0.9377030471667922,
            0.9335247091705957,
            0.9352000656589405,
            0.9329562620969493,
            0.9024581622656364
        ],
        "classification_reports": [
            {
                "0": {
                    "precision": 0.9998361407878351,
                    "recall": 0.9999672238610292,
                    "f1-score": 0.9999016780283168,
                    "support": 30510.0
                },
                "1": {
                    "precision": 0.9999080713366427,
                    "recall": 0.9995405256386694,
                    "f1-score": 0.9997242647058824,
                    "support": 10882.0
                },
                "accuracy": 0.9998550444530344,
                "macro avg": {
                    "precision": 0.9998721060622389,
                    "recall": 0.9997538747498493,
                    "f1-score": 0.9998129713670996,
                    "support": 41392.0
                },
                "weighted avg": {
                    "precision": 0.9998550514041891,
                    "recall": 0.9998550444530344,
                    "f1-score": 0.9998550358806861,
                    "support": 41392.0
                }
            },
            {
                "0": {
                    "precision": 0.9997706046206783,
                    "recall": 0.9999344477220583,
                    "f1-score": 0.999852519459238,
                    "support": 30510.0
                },
                "1": {
                    "precision": 0.9998161257699734,
                    "recall": 0.9993567358941371,
                    "f1-score": 0.9995863780504619,
                    "support": 10882.0
                },
                "accuracy": 0.9997825666795516,
                "macro avg": {
                    "precision": 0.9997933651953259,
                    "recall": 0.9996455918080978,
                    "f1-score": 0.99971944875485,
                    "support": 41392.0
                },
                "weighted avg": {
                    "precision": 0.9997825721783375,
                    "recall": 0.9997825666795516,
                    "f1-score": 0.9997825506051042,
                    "support": 41392.0
                }
            },
            {
                "0": {
                    "precision": 0.9999344434246755,
                    "recall": 0.9998688954441167,
                    "f1-score": 0.999901668360156,
                    "support": 30510.0
                },
                "1": {
                    "precision": 0.9996324880558618,
                    "recall": 0.9998162102554677,
                    "f1-score": 0.9997243407148764,
                    "support": 10882.0
                },
                "accuracy": 0.9998550444530344,
                "macro avg": {
                    "precision": 0.9997834657402687,
                    "recall": 0.9998425528497923,
                    "f1-score": 0.9998130045375162,
                    "support": 41392.0
                },
                "weighted avg": {
                    "precision": 0.9998550590430697,
                    "recall": 0.9998550444530344,
                    "f1-score": 0.9998550487371387,
                    "support": 41392.0
                }
            },
            {
                "0": {
                    "precision": 0.23407917383820998,
                    "recall": 0.9026548672566371,
                    "f1-score": 0.371753986332574,
                    "support": 904.0
                },
                "1": {
                    "precision": 0.9962358845671268,
                    "recall": 0.9123740109655603,
                    "f1-score": 0.9524625561229736,
                    "support": 30459.0
                },
                "2": {
                    "precision": 0.9997252998809633,
                    "recall": 0.998080263278179,
                    "f1-score": 0.9989021043000915,
                    "support": 10939.0
                },
                "accuracy": 0.9343293461302066,
                "macro avg": {
                    "precision": 0.7433467860954334,
                    "recall": 0.9377030471667922,
                    "f1-score": 0.7743728822518797,
                    "support": 42302.0
                },
                "weighted avg": {
                    "precision": 0.9808508211568653,
                    "recall": 0.9343293461302066,
                    "f1-score": 0.952061668940783,
                    "support": 42302.0
                }
            },
            {
                "0": {
                    "precision": 0.24397682220189082,
                    "recall": 0.8849557522123894,
                    "f1-score": 0.38250059765718386,
                    "support": 904.0
                },
                "1": {
                    "precision": 0.9955144179423282,