{
    "AdvancedTabularClassifier": {
        "filter_sizes": [
            12000,
            8000,
            6000,
            4500,
            3500,
            1500,
            1000,
            300
        ],
        "training_time_seconds": [
            40.77784466743469,
            39.76363468170166,
            44.71819472312927,
            45.40848660469055,
            49.78962302207947,
            49.68807125091553,
            53.697362422943115,
            49.979244232177734
        ],
        "num_classes": [
            2,
            2,
            2,
            2,
            4,
            5,
            5,
            5
        ],
        "test_f1_macro": [
            0.8614510754022481,
            0.8506593784164909,
            0.8729500677900804,
            0.8737470587536051,
            0.641253706255079,
            0.45825997774343497,
            0.46917803313942247,
            0.5004300771001755
        ],
        "test_f1_micro": [
            0.9405220051312414,
            0.9338365896980462,
            0.9465660153937241,
            0.9476761397276495,
            0.894418052256532,
            0.8296016969125619,
            0.8290831958519915,
            0.8700212114070234
        ],
        "test_f1_weighted": [
            0.9455699647570186,
            0.940231875743296,
            0.9506743464079019,
            0.9513917797301814,
            0.9069598037647869,
            0.861840883926854,
            0.8582008404053582,
            0.8898867205080028
        ],
        "cv_class_weights": [
            0.807545831598748,
            0.807545831598748,
            0.807545831598748,
            0.807545831598748,
            1.4370262327110204,
            1.665491954571874,
            1.665491954571874,
            1.665491954571874
        ],
        "imbalance_ratio": [
            9.474321705426357,
            9.474321705426357,
            9.474321705426357,
            9.474321705426357,
            47.042502004811546,
            110.57964184731385,
            110.57964184731385,
            110.57964184731385
        ],
        "total_training_samples": [
            129714,
            129714,
            129714,
            129714,
            134718,
            135776,
            135776,
            135776
        ],
        "entropy": [
            0.4569203407890926,
            0.4569203407890926,
            0.4569203407890926,
            0.4569203407890926,
            0.35334986052434914,
            0.3300115206588394,
            0.3300115206588394,
            0.3300115206588394
        ],
        "test_precision_macro": [
            0.8127653860110484,
            0.7988274560688122,
            0.8263171454513041,
            0.8298605300275013,
            0.5780899991970184,
            0.4091816587033771,
            0.41326061475500264,
            0.4490606692671631
        ],
        "test_recall_macro": [
            0.9414921024879207,
            0.9433846841361248,
            0.9455149285643933,
            0.9395234416636682,
            0.7519965440085474,
            0.6232244646845636,
            0.6079925792178204,
            0.6181535014763495
        ],
        "classification_reports": [
            {
                "0": {
                    "precision": 0.6321199865183688,
                    "recall": 0.9426991706458909,
                    "f1-score": 0.7567840209825482,
                    "support": 3979.0
                },
                "1": {
                    "precision": 0.9934107855037281,
                    "recall": 0.9402850343299505,
                    "f1-score": 0.966118129821948,
                    "support": 36557.0
                },
                "accuracy": 0.9405220051312414,
                "macro avg": {
                    "precision": 0.8127653860110484,
                    "recall": 0.9414921024879207,
                    "f1-score": 0.8614510754022481,
                    "support": 40536.0
                },
                "weighted avg": {
                    "precision": 0.9579466033159753,
                    "recall": 0.9405220051312414,
                    "f1-score": 0.9455699647570186,
                    "support": 40536.0
                }
            },
            {
                "0": {
                    "precision": 0.6028548770816812,
                    "recall": 0.9552651419954763,
                    "f1-score": 0.7392065344224037,
                    "support": 3979.0
                },
                "1": {
                    "precision": 0.9948000350559434,
                    "recall": 0.9315042262767732,
                    "f1-score": 0.962112222410578,
                    "support": 36557.0
                },
                "accuracy": 0.9338365896980462,
                "macro avg": {
                    "precision": 0.7988274560688122,
                    "recall": 0.9433846841361248,
                    "f1-score": 0.8506593784164909,
                    "support": 40536.0
                },
                "weighted avg": {
                    "precision": 0.9563268313955036,
                    "recall": 0.9338365896980462,
                    "f1-score": 0.940231875743296,
                    "support": 40536.0
                }
            },
            {
                "0": {
                    "precision": 0.6590071917207507,
                    "recall": 0.9442070872078412,
                    "f1-score": 0.7762396694214876,
                    "support": 3979.0
                },
                "1": {
                    "precision": 0.9936270991818573,
                    "recall": 0.9468227699209454,
                    "f1-score": 0.9696604661586733,
                    "support": 36557.0
                },
                "accuracy": 0.9465660153937241,
                "macro avg": {
                    "precision": 0.8263171454513041,
                    "recall": 0.9455149285643933,
                    "f1-score": 0.8729500677900804,
                    "support": 40536.0
                },
                "weighted avg": {
                    "precision": 0.960780922652655,
                    "recall": 0.9465660153937241,
                    "f1-score": 0.9506743464079019,
                    "support": 40536.0
                }
            },
            {
                "0": {
                    "precision": 0.6677500902853015,
                    "recall": 0.9293792410153305,
                    "f1-score": 0.7771356519911737,
                    "support": 3979.0
                },
                "1": {
                    "precision": 0.9919709697697011,
                    "recall": 0.949667642312006,
                    "f1-score": 0.9703584655160367,
                    "support": 36557.0
                },
                "accuracy": 0.9476761397276495,
                "macro avg": {
                    "precision": 0.8298605300275013,
                    "recall": 0.9395234416636682,
                    "f1-score": 0.8737470587536051,
                    "support": 40536.0
                },
                "weighted avg": {
                    "precision": 0.9601455582967282,
                    "recall": 0.9476761397276495,
                    "f1-score": 0.9513917797301814,
                    "support": 40536.0
                }
            },
            {
                "0": {
                    "precision": 0.5621192541997415,
                    "recall": 0.7681634712411706,
                    "f1-score": 0.6491845219059802,
                    "support": 3964.0
                },
                "1": {
                    "precision": 0.9911734317343174,
                    "recall": 0.9182802756809977,
                    "f1-score": 0.9533355101577251,
                    "support": 36564.0
                },
                "2": {
                    "precision": 0.28453214513049013,