{
    "TabNet": {
        "filter_sizes": [
            12000,
            8000,
            6000,
            4500,
            3500,
            1500,
            1000,
            300
        ],
        "training_time_seconds": [
            875.7628316879272,
            822.899108171463,
            865.4227862358093,
            706.2049221992493,
            720.9529891014099,
            712.3681576251984,
            690.6242678165436,
            932.3714907169342
        ],
        "num_classes": [
            2,
            2,
            2,
            3,
            3,
            3,
            3,
            4
        ],
        "test_f1_macro": [
            1.0,
            1.0,
            1.0,
            0.8744805340369354,
            0.8744805340369354,
            0.8744805340369354,
            0.8744805340369354,
            0.6817573833170296
        ],
        "test_f1_micro": [
            1.0,
            1.0,
            1.0,
            0.9834759585835186,
            0.9834759585835186,
            0.9834759585835186,
            0.9834759585835186,
            0.9791421164270563
        ],
        "test_f1_weighted": [
            1.0,
            1.0,
            1.0,
            0.9839482769047359,
            0.9839482769047359,
            0.9839482769047359,
            0.9839482769047359,
            0.9786727989550391
        ],
        "cv_class_weights": [
            0.4684796231144397,
            0.4684796231144397,
            0.4684796231144397,
            0.868137442372907,
            0.868137442372907,
            0.868137442372907,
            0.868137442372907,
            1.1507869570454237
        ],
        "total_training_samples": [
            132454,
            132454,
            132454,
            135364,
            135364,
            135364,
            135364,
            135776
        ],
        "imbalance_ratio": [
            2.7627908298059713,
            2.7627908298059713,
            2.7627908298059713,
            33.25495557074505,
            33.25495557074505,
            33.25495557074505,
            33.25495557074505,
            241.43424317617865
        ],
        "entropy": [
            0.8353147657472386,
            0.8353147657472386,
            0.8353147657472386,
            0.6101074544235189,
            0.6101074544235189,
            0.6101074544235189,
            0.6101074544235189,
            0.49648888022639837
        ],
        "test_precision_macro": [
            1.0,
            1.0,
            1.0,
            0.8632255841117579,
            0.8632255841117579,
            0.8632255841117579,
            0.8632255841117579,
            0.7100465086883355
        ],
        "test_recall_macro": [
            1.0,
            1.0,
            1.0,
            0.8872491186698114,
            0.8872491186698114,
            0.8872491186698114,
            0.8872491186698114,
            0.6835647366374973
        ],
        "classification_reports": [
            {
                "0": {
                    "precision": 1.0,
                    "recall": 1.0,
                    "f1-score": 1.0,
                    "support": 30450.0
                },
                "1": {
                    "precision": 1.0,
                    "recall": 1.0,
                    "f1-score": 1.0,
                    "support": 10942.0
                },
                "accuracy": 1.0,
                "macro avg": {
                    "precision": 1.0,
                    "recall": 1.0,
                    "f1-score": 1.0,
                    "support": 41392.0
                },
                "weighted avg": {
                    "precision": 1.0,
                    "recall": 1.0,
                    "f1-score": 1.0,
                    "support": 41392.0
                }
            },
            {
                "0": {
                    "precision": 1.0,
                    "recall": 1.0,
                    "f1-score": 1.0,
                    "support": 30450.0
                },
                "1": {
                    "precision": 1.0,
                    "recall": 1.0,
                    "f1-score": 1.0,
                    "support": 10942.0
                },
                "accuracy": 1.0,
                "macro avg": {
                    "precision": 1.0,
                    "recall": 1.0,
                    "f1-score": 1.0,
                    "support": 41392.0
                },
                "weighted avg": {
                    "precision": 1.0,
                    "recall": 1.0,
                    "f1-score": 1.0,
                    "support": 41392.0
                }
            },
            {
                "0": {
                    "precision": 1.0,
                    "recall": 1.0,
                    "f1-score": 1.0,
                    "support": 30450.0
                },
                "1": {
                    "precision": 1.0,
                    "recall": 1.0,
                    "f1-score": 1.0,
                    "support": 10942.0
                },
                "accuracy": 1.0,
                "macro avg": {
                    "precision": 1.0,
                    "recall": 1.0,
                    "f1-score": 1.0,
                    "support": 41392.0
                },
                "weighted avg": {
                    "precision": 1.0,
                    "recall": 1.0,
                    "f1-score": 1.0,
                    "support": 41392.0
                }
            },
            {
                "0": {
                    "precision": 0.599601593625498,
                    "recall": 0.675645342312009,
                    "f1-score": 0.6353562005277045,
                    "support": 891.0
                },
                "1": {
                    "precision": 0.9902566304455527,
                    "recall": 0.9867368767483956,
                    "f1-score": 0.9884936203883815,
                    "support": 30385.0
                },
                "2": {
                    "precision": 0.9998185282642228,
                    "recall": 0.9993651369490296,
                    "f1-score": 0.9995917811947204,
                    "support": 11026.0
                },
                "accuracy": 0.9834759585835186,
                "macro avg": {
                    "precision": 0.8632255841117579,
                    "recall": 0.8872491186698114,
                    "f1-score": 0.8744805340369354,
                    "support": 42302.0
                },
                "weighted avg": {
                    "precision": 0.9845206332714709,
                    "recall": 0.9834759585835186,
                    "f1-score": 0.9839482769047359,
                    "support": 42302.0
                }
            },
            {
                "0": {
                    "precision": 0.599601593625498,
                    "recall": 0.675645342312009,
                    "f1-score": 0.6353562005277045,
                    "support": 891.0
                },
                "1": {
                    "precision": 0.9902566304455527,
                    "recall": 0.9867368767483956,
                    "f1-score": 0.9884936203883815,
                    "support": 30385.0
                },
                "2": {
                    "precision": 0.9998185282642228,
                    "recall": 0.9993651369490296,
                    "f1-score": 0.9995917811947204,
                    "support": 11026.0
                },
                "accuracy": 0.9834759585835186,
                "macro avg": {
                    "precision": 0.8632255841117579,
                    "recall": 0.8872491186698114,
                    "f1-score": 0.8744805340369354,
                    "support": 42302.0
                },
                "weighted avg": {
                    "precision": 0.9845206332714709,
                    "recall": 0.9834759585835186,