{
    "TabNet": {
        "filter_sizes": [
            12000,
            8000,
            6000,
            4500,
            3500,
            1500,
            1000,
            300
        ],
        "training_time_seconds": [
            1877.6240057945251,
            2055.1130006313324,
            1927.067278623581,
            1902.6057279109955,
            1910.840241909027,
            1991.1612207889557,
            2019.4028363227844,
            1985.6292724609375
        ],
        "num_classes": [
            2,
            3,
            4,
            4,
            4,
            4,
            4,
            4
        ],
        "test_f1_macro": [
            0.6985074855046767,
            0.6523842130634492,
            0.4785247718065101,
            0.4785247718065101,
            0.4785247718065101,
            0.4785247718065101,
            0.4785247718065101,
            0.4785247718065101
        ],
        "test_f1_micro": [
            0.7360714471156342,
            0.7161557094272223,
            0.6822059863304266,
            0.6822059863304266,
            0.6822059863304266,
            0.6822059863304266,
            0.6822059863304266,
            0.6822059863304266
        ],
        "test_f1_weighted": [
            0.7239037737606285,
            0.7094071275795986,
            0.663897322023477,
            0.663897322023477,
            0.663897322023477,
            0.663897322023477,
            0.663897322023477,
            0.663897322023477
        ],
        "cv_class_weights": [
            0.23920945024988644,
            0.6466826986491306,
            0.8706979480025913,
            0.8706979480025913,
            0.8706979480025913,
            0.8706979480025913,
            0.8706979480025913,
            0.8706979480025913
        ],
        "total_training_samples": [
            123256,
            130785,
            135776,
            135776,
            135776,
            135776,
            135776,
            135776
        ],
        "imbalance_ratio": [
            1.6288444311734847,
            10.175490065342046,
            15.374016542263465,
            15.374016542263465,
            15.374016542263465,
            15.374016542263465,
            15.374016542263465,
            15.374016542263465
        ],
        "entropy": [
            0.9583207142267878,
            0.7701145744156577,
            0.7019776201046576,
            0.7019776201046576,
            0.7019776201046576,
            0.7019776201046576,
            0.7019776201046576,
            0.7019776201046576
        ],
        "test_precision_macro": [
            0.7306897157871368,
            0.6833136800224192,
            0.5853527806443631,
            0.5853527806443631,
            0.5853527806443631,
            0.5853527806443631,
            0.5853527806443631,
            0.5853527806443631
        ],
        "test_recall_macro": [
            0.6911999602957084,
            0.6313930018528301,
            0.46186951721693004,
            0.46186951721693004,
            0.46186951721693004,
            0.46186951721693004,
            0.46186951721693004,
            0.46186951721693004
        ],
        "classification_reports": [
            {
                "0": {
                    "precision": 0.7191734087142997,
                    "recall": 0.5031712473572939,
                    "f1-score": 0.592087312414734,
                    "support": 14663.0
                },
                "1": {
                    "precision": 0.7422060228599738,
                    "recall": 0.8792286732341228,
                    "f1-score": 0.8049276585946195,
                    "support": 23855.0
                },
                "accuracy": 0.7360714471156342,
                "macro avg": {
                    "precision": 0.7306897157871368,
                    "recall": 0.6911999602957084,
                    "f1-score": 0.6985074855046767,
                    "support": 38518.0
                },
                "weighted avg": {
                    "precision": 0.7334379865855561,
                    "recall": 0.7360714471156342,
                    "f1-score": 0.7239037737606285,
                    "support": 38518.0
                }
            },
            {
                "0": {
                    "precision": 0.6335383877926021,
                    "recall": 0.5452045376418013,
                    "f1-score": 0.5860616362427019,
                    "support": 14545.0
                },
                "1": {
                    "precision": 0.6571119524067063,
                    "recall": 0.5081555834378921,
                    "f1-score": 0.5731132075471698,
                    "support": 2391.0
                },
                "2": {
                    "precision": 0.7592906998679494,
                    "recall": 0.8408188844787967,
                    "f1-score": 0.7979777954004759,
                    "support": 23935.0
                },
                "accuracy": 0.7161557094272223,
                "macro avg": {
                    "precision": 0.6833136800224192,
                    "recall": 0.6313930018528301,
                    "f1-score": 0.6523842130634492,
                    "support": 40871.0
                },
                "weighted avg": {
                    "precision": 0.708560921680096,
                    "recall": 0.7161557094272223,
                    "f1-score": 0.7094071275795986,
                    "support": 40871.0
                }
            },
            {
                "0": {
                    "precision": 0.582720024532352,
                    "recall": 0.5254752851711026,
                    "f1-score": 0.5526191428259842,
                    "support": 14465.0
                },
                "1": {
                    "precision": 0.42105263157894735,
                    "recall": 0.03497813866333541,
                    "f1-score": 0.06459054209919261,
                    "support": 1601.0
                },
                "2": {
                    "precision": 0.602112676056338,
                    "recall": 0.4447334200260078,
                    "f1-score": 0.5115931189229619,
                    "support": 2307.0
                },
                "3": {
                    "precision": 0.7355257904098152,
                    "recall": 0.8422912250072744,
                    "f1-score": 0.7852962833779018,
                    "support": 24057.0
                },
                "accuracy": 0.6822059863304266,
                "macro avg": {
                    "precision": 0.5853527806443631,
                    "recall": 0.46186951721693004,
                    "f1-score": 0.4785247718065101,
                    "support": 42430.0
                },
                "weighted avg": {
                    "precision": 0.6643122390188372,
                    "recall": 0.6822059863304266,
                    "f1-score": 0.663897322023477,
                    "support": 42430.0
                }
            },
            {
                "0": {
                    "precision": 0.582720024532352,
                    "recall": 0.5254752851711026,
                    "f1-score": 0.5526191428259842,
                    "support": 14465.0
                },
                "1": {
                    "precision": 0.42105263157894735,
                    "recall": 0.03497813866333541,
                    "f1-score": 0.06459054209919261,
                    "support": 1601.0
                },
                "2": {
                    "precision": 0.602112676056338,
                    "recall": 0.4447334200260078,
                    "f1-score": 0.5115931189229619,
                    "support": 2307.0
                },
                "3": {
                    "precision": 0.7355257904098152,
                    "recall": 0.8422912250072744,
                    "f1-score": 0.7852962833779018,