{
    "AdvancedTabularClassifier": {
        "filter_sizes": [
            12000,
            8000,
            6000,
            4500,
            3500,
            1500,
            1000,
            300
        ],
        "training_time_seconds": [
            77.57595300674438,
            226.70475339889526,
            92.70340538024902,
            47.29767632484436,
            57.8601655960083,
            52.80706739425659,
            47.55651783943176,
            49.109577655792236
        ],
        "num_classes": [
            2,
            2,
            2,
            3,
            3,
            3,
            3,
            4
        ],
        "test_f1_macro": [
            0.9994389804494337,
            0.999750628489466,
            0.9998129824263392,
            0.794158814661395,
            0.7956685274861691,
            0.7648782087794452,
            0.7660341519351027,
            0.6447445371733276
        ],
        "test_f1_micro": [
            0.9995651333591032,
            0.9998067259373792,
            0.9998550444530344,
            0.9483475958583518,
            0.9482530376814335,
            0.9278993900997589,
            0.9298141931823555,
            0.9058213528164035
        ],
        "test_f1_weighted": [
            0.9995651333591032,
            0.9998067145075814,
            0.9998550401675502,
            0.9605330021043756,
            0.9606914144407268,
            0.9477727153382848,
            0.9482642735419305,
            0.9311239295264246
        ],
        "cv_class_weights": [
            0.4684796231144397,
            0.4684796231144397,
            0.4684796231144397,
            0.868137442372907,
            0.868137442372907,
            0.868137442372907,
            0.868137442372907,
            1.1507869570454237
        ],
        "imbalance_ratio": [
            2.7576668841669267,
            2.7576668841669267,
            2.7576668841669267,
            33.36020583190395,
            33.36020583190395,
            33.36020583190395,
            33.36020583190395,
            235.11352657004832
        ],
        "total_training_samples": [
            132454,
            132454,
            132454,
            135364,
            135364,
            135364,
            135364,
            135776
        ],
        "entropy": [
            0.8353147657472386,
            0.8353147657472386,
            0.8353147657472386,
            0.6101074544235189,
            0.6101074544235189,
            0.6101074544235189,
            0.6101074544235189,
            0.49648888022639837
        ],
        "test_precision_macro": [
            0.9994389804494337,
            0.9998097558093438,
            0.999842540254172,
            0.7569627323649041,
            0.7579900409092534,
            0.7367127659996329,
            0.7364053440595025,
            0.600795192027497
        ],
        "test_recall_macro": [
            0.9994389804494337,
            0.9996915392442307,
            0.9997834341164968,
            0.9323793670222263,
            0.9391726189272686,
            0.931603918811928,
            0.9248205839091153,
            0.8794266856509513
        ],
        "classification_reports": [
            {
                "0": {
                    "precision": 0.9997050147492625,
                    "recall": 0.9997050147492625,
                    "f1-score": 0.9997050147492625,
                    "support": 30510.0
                },
                "1": {
                    "precision": 0.9991729461496048,
                    "recall": 0.9991729461496048,
                    "f1-score": 0.9991729461496048,
                    "support": 10882.0
                },
                "accuracy": 0.9995651333591032,
                "macro avg": {
                    "precision": 0.9994389804494337,
                    "recall": 0.9994389804494337,
                    "f1-score": 0.9994389804494337,
                    "support": 41392.0
                },
                "weighted avg": {
                    "precision": 0.9995651333591032,
                    "recall": 0.9995651333591032,
                    "f1-score": 0.9995651333591032,
                    "support": 41392.0
                }
            },
            {
                "0": {
                    "precision": 0.9998033689454021,
                    "recall": 0.9999344477220583,
                    "f1-score": 0.9998689040377556,
                    "support": 30510.0
                },
                "1": {
                    "precision": 0.9998161426732856,
                    "recall": 0.9994486307664032,
                    "f1-score": 0.9996323529411765,
                    "support": 10882.0
                },
                "accuracy": 0.9998067259373792,
                "macro avg": {
                    "precision": 0.9998097558093438,
                    "recall": 0.9996915392442307,
                    "f1-score": 0.999750628489466,
                    "support": 41392.0
                },
                "weighted avg": {
                    "precision": 0.9998067271717943,
                    "recall": 0.9998067259373792,
                    "f1-score": 0.9998067145075814,
                    "support": 41392.0
                }
            },
            {
                "0": {
                    "precision": 0.9998689040377556,
                    "recall": 0.9999344477220583,
                    "f1-score": 0.9999016748058077,
                    "support": 30510.0
                },
                "1": {
                    "precision": 0.9998161764705882,
                    "recall": 0.9996324205109355,
                    "f1-score": 0.9997242900468707,
                    "support": 10882.0
                },
                "accuracy": 0.9998550444530344,
                "macro avg": {
                    "precision": 0.999842540254172,
                    "recall": 0.9997834341164968,
                    "f1-score": 0.9998129824263392,
                    "support": 41392.0
                },
                "weighted avg": {
                    "precision": 0.9998550419053165,
                    "recall": 0.9998550444530344,
                    "f1-score": 0.9998550401675502,
                    "support": 41392.0
                }
            },
            {
                "0": {
                    "precision": 0.27839088643645427,
                    "recall": 0.8650442477876106,
                    "f1-score": 0.42122273094532725,
                    "support": 904.0
                },
                "1": {
                    "precision": 0.9956875394432368,
                    "recall": 0.9323681013821858,
                    "f1-score": 0.9629880809074108,
                    "support": 30459.0
                },
                "2": {
                    "precision": 0.9968097712150215,
                    "recall": 0.9997257518968827,
                    "f1-score": 0.9982656321314468,
                    "support": 10939.0
                },
                "accuracy": 0.9483475958583518,
                "macro avg": {
                    "precision": 0.7569627323649041,
                    "recall": 0.9323793670222263,
                    "f1-score": 0.794158814661395,
                    "support": 42302.0
                },
                "weighted avg": {
                    "precision": 0.9806490050721296,
                    "recall": 0.9483475958583518,
                    "f1-score": 0.9605330021043756,
                    "support": 42302.0
                }
            },
            {
                "0": {
                    "precision": 0.27977645826056585,
                    "recall": 0.8860619469026548,
                    "f1-score": 0.42527209981417574,
                    "support": 904.0
                },
                "1": {
                    "precision": 0.9963830459669206,