{
    "AdvancedTabularClassifier": {
        "filter_sizes": [
            12000,
            8000,
            6000,
            4500,
            3500,
            1500,
            1000,
            300
        ],
        "training_time_seconds": [
            204.2025556564331,
            112.0930233001709,
            242.11904907226562,
            55.80459952354431,
            49.059377670288086,
            45.21707367897034,
            43.510676860809326,
            44.940951108932495
        ],
        "num_classes": [
            2,
            2,
            2,
            3,
            3,
            3,
            3,
            4
        ],
        "test_f1_macro": [
            0.9998129713670996,
            0.9997194653455356,
            0.9998441566292051,
            0.7876397127015445,
            0.7756043859567819,
            0.7984689519466309,
            0.7700796324192195,
            0.6068954827902381
        ],
        "test_f1_micro": [
            0.9998550444530344,
            0.9997825666795516,
            0.999879203710862,
            0.9443997919720107,
            0.9362441492128032,
            0.9508061084582289,
            0.9328400548437427,
            0.8901956163092152
        ],
        "test_f1_weighted": [
            0.9998550358806861,
            0.9997825570364361,
            0.9998792019253874,
            0.958167307297684,
            0.9530398845795333,
            0.9620467091414916,
            0.9508872598039658,
            0.922378382134159
        ],
        "cv_class_weights": [
            0.4684796231144397,
            0.4684796231144397,
            0.4684796231144397,
            0.868137442372907,
            0.868137442372907,
            0.868137442372907,
            0.868137442372907,
            1.1507869570454237
        ],
        "imbalance_ratio": [
            2.7576668841669267,
            2.7576668841669267,
            2.7576668841669267,
            33.36020583190395,
            33.36020583190395,
            33.36020583190395,
            33.36020583190395,
            235.11352657004832
        ],
        "total_training_samples": [
            132454,
            132454,
            132454,
            135364,
            135364,
            135364,
            135364,
            135776
        ],
        "entropy": [
            0.8353147657472386,
            0.8353147657472386,
            0.8353147657472386,
            0.6101074544235189,
            0.6101074544235189,
            0.6101074544235189,
            0.6101074544235189,
            0.49648888022639837
        ],
        "test_precision_macro": [
            0.9998721060622389,
            0.9997638009307321,
            0.9998589340851941,
            0.75246932648455,
            0.7441187521744613,
            0.7610287029224874,
            0.7400650791682019,
            0.5752465963621984
        ],
        "test_recall_macro": [
            0.9997538747498493,
            0.9996751511747454,
            0.99982938155263,
            0.932704778785126,
            0.9318954342427884,
            0.9309083793341445,
            0.9287196114790932,
            0.8922602734659127
        ],
        "classification_reports": [
            {
                "0": {
                    "precision": 0.9998361407878351,
                    "recall": 0.9999672238610292,
                    "f1-score": 0.9999016780283168,
                    "support": 30510.0
                },
                "1": {
                    "precision": 0.9999080713366427,
                    "recall": 0.9995405256386694,
                    "f1-score": 0.9997242647058824,
                    "support": 10882.0
                },
                "accuracy": 0.9998550444530344,
                "macro avg": {
                    "precision": 0.9998721060622389,
                    "recall": 0.9997538747498493,
                    "f1-score": 0.9998129713670996,
                    "support": 41392.0
                },
                "weighted avg": {
                    "precision": 0.9998550514041891,
                    "recall": 0.9998550444530344,
                    "f1-score": 0.9998550358806861,
                    "support": 41392.0
                }
            },
            {
                "0": {
                    "precision": 0.999803362501229,
                    "recall": 0.9999016715830875,
                    "f1-score": 0.999852514625633,
                    "support": 30510.0
                },
                "1": {
                    "precision": 0.9997242393602354,
                    "recall": 0.9994486307664032,
                    "f1-score": 0.9995864160654382,
                    "support": 10882.0
                },
                "accuracy": 0.9997825666795516,
                "macro avg": {
                    "precision": 0.9997638009307321,
                    "recall": 0.9996751511747454,
                    "f1-score": 0.9997194653455356,
                    "support": 41392.0
                },
                "weighted avg": {
                    "precision": 0.9997825609448825,
                    "recall": 0.9997825666795516,
                    "f1-score": 0.9997825570364361,
                    "support": 41392.0
                }
            },
            {
                "0": {
                    "precision": 0.9999016748058077,
                    "recall": 0.9999344477220583,
                    "f1-score": 0.999918060995395,
                    "support": 30510.0
                },
                "1": {
                    "precision": 0.9998161933645805,
                    "recall": 0.9997243153832016,
                    "f1-score": 0.9997702522630152,
                    "support": 10882.0
                },
                "accuracy": 0.999879203710862,
                "macro avg": {
                    "precision": 0.9998589340851941,
                    "recall": 0.99982938155263,
                    "f1-score": 0.9998441566292051,
                    "support": 41392.0
                },
                "weighted avg": {
                    "precision": 0.9998792016456938,
                    "recall": 0.999879203710862,
                    "f1-score": 0.9998792019253874,
                    "support": 41392.0
                }
            },
            {
                "0": {
                    "precision": 0.2630876958986329,
                    "recall": 0.8727876106194691,
                    "f1-score": 0.404304381245196,
                    "support": 904.0
                },
                "1": {
                    "precision": 0.9954181792549255,
                    "recall": 0.92724646245773,
                    "f1-score": 0.960123742181126,
                    "support": 30459.0
                },
                "2": {
                    "precision": 0.9989021043000915,
                    "recall": 0.998080263278179,
                    "f1-score": 0.9984910146783118,
                    "support": 10939.0
                },
                "accuracy": 0.9443997919720107,
                "macro avg": {
                    "precision": 0.75246932648455,
                    "recall": 0.932704778785126,
                    "f1-score": 0.7876397127015445,
                    "support": 42302.0
                },
                "weighted avg": {
                    "precision": 0.9806690869925025,
                    "recall": 0.9443997919720107,
                    "f1-score": 0.958167307297684,
                    "support": 42302.0
                }
            },
            {
                "0": {
                    "precision": 0.23785394932935916,
                    "recall": 0.8827433628318584,
                    "f1-score": 0.374735853486734,
                    "support": 904.0
                },
                "1": {
                    "precision": 0.995326936111012,
                    "recall": 0.9160510850651695,