{
    "AdvancedTabularClassifier": {
        "filter_sizes": [
            12000,
            8000,
            6000,
            4500,
            3500,
            1500,
            1000,
            300
        ],
        "training_time_seconds": [
            43.91377067565918,
            51.55690383911133,
            46.023353099823,
            43.197991609573364,
            52.086528301239014,
            43.58961200714111,
            54.98862957954407,
            39.404335737228394
        ],
        "num_classes": [
            2,
            3,
            4,
            4,
            4,
            4,
            4,
            4
        ],
        "test_f1_macro": [
            0.719090041008728,
            0.5851335359650977,
            0.4684918551931079,
            0.43773923373270185,
            0.4666944996112564,
            0.4414503493568204,
            0.4317668167499482,
            0.4390774641212584
        ],
        "test_f1_micro": [
            0.7267511293421257,
            0.6411147268234201,
            0.5914683007306152,
            0.5519679472071647,
            0.5795899127975489,
            0.5491868960641055,
            0.5585670516144238,
            0.5597218948856941
        ],
        "test_f1_weighted": [
            0.7303438076157504,
            0.6556833810324112,
            0.6166713236857525,
            0.5892815632135222,
            0.6071629980583286,
            0.5822143321866989,
            0.5858943649692173,
            0.5902259447283172
        ],
        "cv_class_weights": [
            0.23920945024988644,
            0.6466826986491306,
            0.8706979480025913,
            0.8706979480025913,
            0.8706979480025913,
            0.8706979480025913,
            0.8706979480025913,
            0.8706979480025913
        ],
        "imbalance_ratio": [
            1.6254845993268863,
            10.114982116836668,
            15.160732046946489,
            15.160732046946489,
            15.160732046946489,
            15.160732046946489,
            15.160732046946489,
            15.160732046946489
        ],
        "total_training_samples": [
            123256,
            130785,
            135776,
            135776,
            135776,
            135776,
            135776,
            135776
        ],
        "entropy": [
            0.9583207142267878,
            0.7701145744156577,
            0.7019776201046576,
            0.7019776201046576,
            0.7019776201046576,
            0.7019776201046576,
            0.7019776201046576,
            0.7019776201046576
        ],
        "test_precision_macro": [
            0.7177887891952199,
            0.5660251022580941,
            0.4532751985118829,
            0.43233825134844617,
            0.4544009080872333,
            0.43356886967080555,
            0.4352588278769448,
            0.4277691858737279
        ],
        "test_recall_macro": [
            0.7296270346291085,
            0.6729402236011183,
            0.5331748720508696,
            0.5332721839161481,
            0.5369228892283768,
            0.5366448836752561,
            0.5304392011641726,
            0.5198017038309319
        ],
        "classification_reports": [
            {
                "0": {
                    "precision": 0.6155947638019351,
                    "recall": 0.7414821416329609,
                    "f1-score": 0.6726995677457475,
                    "support": 14587.0
                },
                "1": {
                    "precision": 0.8199828145885049,
                    "recall": 0.717771927625256,
                    "f1-score": 0.7654805142717084,
                    "support": 23931.0
                },
                "accuracy": 0.7267511293421257,
                "macro avg": {
                    "precision": 0.7177887891952199,
                    "recall": 0.7296270346291085,
                    "f1-score": 0.719090041008728,
                    "support": 38518.0
                },
                "weighted avg": {
                    "precision": 0.7425798212652872,
                    "recall": 0.7267511293421257,
                    "f1-score": 0.7303438076157504,
                    "support": 38518.0
                }
            },
            {
                "0": {
                    "precision": 0.5391586867305062,
                    "recall": 0.6446973827699018,
                    "f1-score": 0.5872237397566427,
                    "support": 14672.0
                },
                "1": {
                    "precision": 0.3226765799256506,
                    "recall": 0.7453842851009017,
                    "f1-score": 0.4503826696069529,
                    "support": 2329.0
                },
                "2": {
                    "precision": 0.8362400401181256,
                    "recall": 0.6287390029325514,
                    "f1-score": 0.7177941985316977,
                    "support": 23870.0
                },
                "accuracy": 0.6411147268234201,
                "macro avg": {
                    "precision": 0.5660251022580941,
                    "recall": 0.6729402236011183,
                    "f1-score": 0.5851335359650977,
                    "support": 40871.0
                },
                "weighted avg": {
                    "precision": 0.7003278550555769,
                    "recall": 0.6411147268234201,
                    "f1-score": 0.6556833810324112,
                    "support": 40871.0
                }
            },
            {
                "0": {
                    "precision": 0.5308968343136607,
                    "recall": 0.550960219478738,
                    "f1-score": 0.5407424859479654,
                    "support": 14580.0
                },
                "1": {
                    "precision": 0.11161485319516408,
                    "recall": 0.34170522141440846,
                    "f1-score": 0.16826688364524003,
                    "support": 1513.0
                },
                "2": {
                    "precision": 0.36800422386483633,
                    "recall": 0.6100656455142232,
                    "f1-score": 0.45908117898896755,
                    "support": 2285.0
                },
                "3": {
                    "precision": 0.8025848826738704,
                    "recall": 0.6299684017961085,
                    "f1-score": 0.7058768721902587,
                    "support": 24052.0
                },
                "accuracy": 0.5914683007306152,
                "macro avg": {
                    "precision": 0.4532751985118829,
                    "recall": 0.5331748720508696,
                    "f1-score": 0.4684918551931079,
                    "support": 42430.0
                },
                "weighted avg": {
                    "precision": 0.6611833694739698,
                    "recall": 0.5914683007306152,
                    "f1-score": 0.6166713236857525,
                    "support": 42430.0
                }
            },
            {
                "0": {
                    "precision": 0.5237991266375546,
                    "recall": 0.49362139917695474,
                    "f1-score": 0.5082627118644067,
                    "support": 14580.0
                },
                "1": {
                    "precision": 0.09074790457769182,
                    "recall": 0.3721083939193655,
                    "f1-score": 0.14591162368796165,
                    "support": 1513.0
                },
                "2": {
                    "precision": 0.29723018147086916,
                    "recall": 0.6809628008752735,
                    "f1-score": 0.41382978723404257,
                    "support": 2285.0
                },
                "3": {
                    "precision": 0.8175757927076691,
                    "recall": 0.5863961416929985,
                    "f1-score": 0.6829528121443963,