{
    "AdvancedTabularClassifier": {
        "filter_sizes": [
            12000,
            8000,
            6000,
            4500,
            3500,
            1500,
            1000,
            300
        ],
        "training_time_seconds": [
            45.13880753517151,
            50.3807578086853,
            44.55310368537903,
            48.76192259788513,
            43.978999614715576,
            47.121793270111084,
            49.69506502151489,
            41.22040033340454
        ],
        "num_classes": [
            2,
            3,
            4,
            4,
            4,
            4,
            4,
            4
        ],
        "test_f1_macro": [
            0.7165843508783871,
            0.6520338368891311,
            0.4907203084242384,
            0.5061606869356687,
            0.4860102647294513,
            0.490828867831099,
            0.5024878370895038,
            0.4927325010545076
        ],
        "test_f1_micro": [
            0.7418609481281478,
            0.7101612390203322,
            0.685246288003771,
            0.6880273391468301,
            0.685199151543719,
            0.6882630214470893,
            0.6913975960405374,
            0.6884279990572708
        ],
        "test_f1_weighted": [
            0.7371167793493741,
            0.7083680477272503,
            0.6637992740457604,
            0.6762910641361068,
            0.6705360158987584,
            0.668158657223386,
            0.6795530421970463,
            0.669912517024044
        ],
        "cv_class_weights": [
            0.23843058350100604,
            0.646885720771917,
            0.8713517036487163,
            0.8713517036487163,
            0.8713517036487163,
            0.8713517036487163,
            0.8713517036487163,
            0.8713517036487163
        ],
        "imbalance_ratio": [
            1.6254845993268863,
            10.114982116836668,
            15.160732046946489,
            15.160732046946489,
            15.160732046946489,
            15.160732046946489,
            15.160732046946489,
            15.160732046946489
        ],
        "total_training_samples": [
            123256,
            130785,
            135776,
            135776,
            135776,
            135776,
            135776,
            135776
        ],
        "entropy": [
            0.9585943523562671,
            0.7703811923731857,
            0.7018564521079496,
            0.7018564521079496,
            0.7018564521079496,
            0.7018564521079496,
            0.7018564521079496,
            0.7018564521079496
        ],
        "test_precision_macro": [
            0.7274541173178974,
            0.6933059526465163,
            0.5800947141836963,
            0.5765043143420635,
            0.5848149753330576,
            0.6032384852356698,
            0.6180351587291973,
            0.5666724025144656
        ],
        "test_recall_macro": [
            0.7112721717817085,
            0.6257515445975467,
            0.4740323732903675,
            0.4811486942050487,
            0.45892256674858223,
            0.45937904939968577,
            0.4864447307621034,
            0.4786879402739985
        ],
        "classification_reports": [
            {
                "0": {
                    "precision": 0.6868361763759253,
                    "recall": 0.5851785836703914,
                    "f1-score": 0.6319452156209513,
                    "support": 14587.0
                },
                "1": {
                    "precision": 0.7680720582598697,
                    "recall": 0.8373657598930258,
                    "f1-score": 0.801223486135823,
                    "support": 23931.0
                },
                "accuracy": 0.7418609481281478,
                "macro avg": {
                    "precision": 0.7274541173178974,
                    "recall": 0.7112721717817085,
                    "f1-score": 0.7165843508783871,
                    "support": 38518.0
                },
                "weighted avg": {
                    "precision": 0.7373075375412161,
                    "recall": 0.7418609481281478,
                    "f1-score": 0.7371167793493741,
                    "support": 38518.0
                }
            },
            {
                "0": {
                    "precision": 0.6109496451503886,
                    "recall": 0.6160714285714286,
                    "f1-score": 0.6134998472867954,
                    "support": 14672.0
                },
                "1": {
                    "precision": 0.6981493299298022,
                    "recall": 0.46972949763847144,
                    "f1-score": 0.5616016427104723,
                    "support": 2329.0
                },
                "2": {
                    "precision": 0.7708188828593577,
                    "recall": 0.7914537075827398,
                    "f1-score": 0.7810000206701254,
                    "support": 23870.0
                },
                "accuracy": 0.7101612390203322,
                "macro avg": {
                    "precision": 0.6933059526465163,
                    "recall": 0.6257515445975467,
                    "f1-score": 0.6520338368891311,
                    "support": 40871.0
                },
                "weighted avg": {
                    "precision": 0.7092875074479675,
                    "recall": 0.7101612390203322,
                    "f1-score": 0.7083680477272503,
                    "support": 40871.0
                }
            },
            {
                "0": {
                    "precision": 0.6189290161892902,
                    "recall": 0.47722908093278466,
                    "f1-score": 0.5389203005189374,
                    "support": 14580.0
                },
                "1": {
                    "precision": 0.386046511627907,
                    "recall": 0.05485789821546596,
                    "f1-score": 0.09606481481481481,
                    "support": 1513.0
                },
                "2": {
                    "precision": 0.5965189873417721,
                    "recall": 0.4949671772428884,
                    "f1-score": 0.5410188950011959,
                    "support": 2285.0
                },
                "3": {
                    "precision": 0.7188843415758159,
                    "recall": 0.869075336770331,
                    "f1-score": 0.7868772233620057,
                    "support": 24052.0
                },
                "accuracy": 0.685246288003771,
                "macro avg": {
                    "precision": 0.5800947141836963,
                    "recall": 0.4740323732903675,
                    "f1-score": 0.4907203084242384,
                    "support": 42430.0
                },
                "weighted avg": {
                    "precision": 0.6660788474614742,
                    "recall": 0.685246288003771,
                    "f1-score": 0.6637992740457604,
                    "support": 42430.0
                }
            },
            {
                "0": {
                    "precision": 0.5934764190906524,
                    "recall": 0.5765432098765432,
                    "f1-score": 0.5848872808238241,
                    "support": 14580.0
                },
                "1": {
                    "precision": 0.31466666666666665,
                    "recall": 0.07799074686054197,
                    "f1-score": 0.125,
                    "support": 1513.0
                },
                "2": {
                    "precision": 0.6513819095477387,
                    "recall": 0.4538293216630197,
                    "f1-score": 0.5349497033789012,
                    "support": 2285.0
                },
                "3": {
                    "precision": 0.7464922620631963,
                    "recall": 0.8162314984200898,
                    "f1-score": 0.7798057635399496,