{
    "TabNet": {
        "filter_sizes": [
            12000,
            8000,
            6000,
            4500,
            3500,
            1500,
            1000,
            300
        ],
        "training_time_seconds": [
            761.6035664081573,
            792.6745524406433,
            839.5717558860779,
            790.3531730175018,
            563.285758972168,
            684.8781569004059,
            663.2637944221497,
            673.2821552753448
        ],
        "num_classes": [
            2,
            2,
            2,
            2,
            4,
            5,
            5,
            5
        ],
        "test_f1_macro": [
            0.8292370554382755,
            0.8292370554382755,
            0.8292370554382755,
            0.8292370554382755,
            0.544288028582759,
            0.43740518239400544,
            0.43740518239400544,
            0.43740518239400544
        ],
        "test_f1_micro": [
            0.9487369252022894,
            0.9487369252022894,
            0.9487369252022894,
            0.9487369252022894,
            0.926437054631829,
            0.9254301201979731,
            0.9254301201979731,
            0.9254301201979731
        ],
        "test_f1_weighted": [
            0.9438596671735842,
            0.9438596671735842,
            0.9438596671735842,
            0.9438596671735842,
            0.9145419721137192,
            0.9131164511627067,
            0.9131164511627067,
            0.9131164511627067
        ],
        "cv_class_weights": [
            0.8093806374022849,
            0.8093806374022849,
            0.8093806374022849,
            0.8093806374022849,
            1.4381176018614705,
            1.66660957416951,
            1.66660957416951,
            1.66660957416951
        ],
        "total_training_samples": [
            129714,
            129714,
            129714,
            129714,
            134718,
            135776,
            135776,
            135776
        ],
        "imbalance_ratio": [
            9.49211356466877,
            9.49211356466877,
            9.49211356466877,
            9.49211356466877,
            47.61429151441332,
            112.46596356663471,
            112.46596356663471,
            112.46596356663471
        ],
        "entropy": [
            0.4539488026329689,
            0.4539488026329689,
            0.4539488026329689,
            0.4539488026329689,
            0.3523035742153705,
            0.329087663347389,
            0.329087663347389,
            0.329087663347389
        ],
        "test_precision_macro": [
            0.9109765146168489,
            0.9109765146168489,
            0.9109765146168489,
            0.9109765146168489,
            0.5938977530686632,
            0.4579979336761696,
            0.4579979336761696,
            0.4579979336761696
        ],
        "test_recall_macro": [
            0.7791457401578896,
            0.7791457401578896,
            0.7791457401578896,
            0.7791457401578896,
            0.5148199993387562,
            0.4322950931596772,
            0.4322950931596772,
            0.4322950931596772
        ],
        "classification_reports": [
            {
                "0": {
                    "precision": 0.867607783288821,
                    "recall": 0.5677902621722847,
                    "f1-score": 0.6863869604587987,
                    "support": 4005.0
                },
                "1": {
                    "precision": 0.9543452459448767,
                    "recall": 0.9905012181434946,
                    "f1-score": 0.9720871504177525,
                    "support": 36531.0
                },
                "accuracy": 0.9487369252022894,
                "macro avg": {
                    "precision": 0.9109765146168489,
                    "recall": 0.7791457401578896,
                    "f1-score": 0.8292370554382755,
                    "support": 40536.0
                },
                "weighted avg": {
                    "precision": 0.9457754921966651,
                    "recall": 0.9487369252022894,
                    "f1-score": 0.9438596671735842,
                    "support": 40536.0
                }
            },
            {
                "0": {
                    "precision": 0.867607783288821,
                    "recall": 0.5677902621722847,
                    "f1-score": 0.6863869604587987,
                    "support": 4005.0
                },
                "1": {
                    "precision": 0.9543452459448767,
                    "recall": 0.9905012181434946,
                    "f1-score": 0.9720871504177525,
                    "support": 36531.0
                },
                "accuracy": 0.9487369252022894,
                "macro avg": {
                    "precision": 0.9109765146168489,
                    "recall": 0.7791457401578896,
                    "f1-score": 0.8292370554382755,
                    "support": 40536.0
                },
                "weighted avg": {
                    "precision": 0.9457754921966651,
                    "recall": 0.9487369252022894,
                    "f1-score": 0.9438596671735842,
                    "support": 40536.0
                }
            },
            {
                "0": {
                    "precision": 0.867607783288821,
                    "recall": 0.5677902621722847,
                    "f1-score": 0.6863869604587987,
                    "support": 4005.0
                },
                "1": {
                    "precision": 0.9543452459448767,
                    "recall": 0.9905012181434946,
                    "f1-score": 0.9720871504177525,
                    "support": 36531.0
                },
                "accuracy": 0.9487369252022894,
                "macro avg": {
                    "precision": 0.9109765146168489,
                    "recall": 0.7791457401578896,
                    "f1-score": 0.8292370554382755,
                    "support": 40536.0
                },
                "weighted avg": {
                    "precision": 0.9457754921966651,
                    "recall": 0.9487369252022894,
                    "f1-score": 0.9438596671735842,
                    "support": 40536.0
                }
            },
            {
                "0": {
                    "precision": 0.867607783288821,
                    "recall": 0.5677902621722847,
                    "f1-score": 0.6863869604587987,
                    "support": 4005.0
                },
                "1": {
                    "precision": 0.9543452459448767,
                    "recall": 0.9905012181434946,
                    "f1-score": 0.9720871504177525,
                    "support": 36531.0
                },
                "accuracy": 0.9487369252022894,
                "macro avg": {
                    "precision": 0.9109765146168489,
                    "recall": 0.7791457401578896,
                    "f1-score": 0.8292370554382755,
                    "support": 40536.0
                },
                "weighted avg": {
                    "precision": 0.9457754921966651,
                    "recall": 0.9487369252022894,
                    "f1-score": 0.9438596671735842,
                    "support": 40536.0
                }
            },
            {
                "0": {
                    "precision": 0.6857222532069158,
                    "recall": 0.6352363730302247,
                    "f1-score": 0.6595145500871664,
                    "support": 3871.0
                },
                "1": {
                    "precision": 0.951472134595163,
                    "recall": 0.9881781199661452,
                    "f1-score": 0.9694778148311838,
                    "support": 36627.0
                },
                "2": {
                    "precision": 0.0,
                    "recall": 0.0,
                    "f1-score": 0.0,