{
    "AdvancedTabularClassifier": {
        "filter_sizes": [
            12000,
            8000,
            6000,
            4500,
            3500,
            1500,
            1000,
            300
        ],
        "training_time_seconds": [
            50.26637530326843,
            60.901814222335815,
            49.50123047828674,
            47.43458366394043,
            50.02941703796387,
            42.85043692588806,
            55.434266567230225,
            55.31497120857239
        ],
        "num_classes": [
            2,
            2,
            2,
            2,
            4,
            5,
            5,
            5
        ],
        "test_f1_macro": [
            0.8932607504251646,
            0.8862045799722081,
            0.8862346397041279,
            0.8919096607462358,
            0.670352355072208,
            0.512735561690539,
            0.5485796431284105,
            0.5627684014802796
        ],
        "test_f1_micro": [
            0.9611456483126111,
            0.9600848628379712,
            0.9598875074008288,
            0.9608496151568976,
            0.9343230403800475,
            0.9279519208107471,
            0.9304501531934952,
            0.9281640348809804
        ],
        "test_f1_weighted": [
            0.9616727343202749,
            0.9598948578241717,
            0.9598016964806524,
            0.9612861731111861,
            0.9317418545840679,
            0.9225325138875154,
            0.926081835263588,
            0.9269899282683157
        ],
        "cv_class_weights": [
            0.8074841574540913,
            0.8074841574540913,
            0.8074841574540913,
            0.8074841574540913,
            1.4380572822310065,
            1.667052044340106,
            1.667052044340106,
            1.667052044340106
        ],
        "imbalance_ratio": [
            9.474321705426357,
            9.474321705426357,
            9.474321705426357,
            9.474321705426357,
            47.042502004811546,
            110.57964184731385,
            110.57964184731385,
            110.57964184731385
        ],
        "total_training_samples": [
            129714,
            129714,
            129714,
            129714,
            134718,
            135776,
            135776,
            135776
        ],
        "entropy": [
            0.45701998121808746,
            0.45701998121808746,
            0.45701998121808746,
            0.45701998121808746,
            0.35256504209622447,
            0.32911821758806126,
            0.32911821758806126,
            0.32911821758806126
        ],
        "test_precision_macro": [
            0.8829634278842604,
            0.8899277621304221,
            0.887896472976402,
            0.8834211388370856,
            0.6867004578371249,
            0.5709848545498721,
            0.595515270681585,
            0.5907890759099972
        ],
        "test_recall_macro": [
            0.9043259211415227,
            0.8825731168729932,
            0.884591365109421,
            0.9009143030590278,
            0.6625047970895742,
            0.5135860740560558,
            0.5379965677206291,
            0.5729470408990632
        ],
        "classification_reports": [
            {
                "0": {
                    "precision": 0.784160756501182,
                    "recall": 0.8336265393314903,
                    "f1-score": 0.808137410159581,
                    "support": 3979.0
                },
                "1": {
                    "precision": 0.9817660992673387,
                    "recall": 0.9750253029515551,
                    "f1-score": 0.9783840906907484,
                    "support": 36557.0
                },
                "accuracy": 0.9611456483126111,
                "macro avg": {
                    "precision": 0.8829634278842604,
                    "recall": 0.9043259211415227,
                    "f1-score": 0.8932607504251646,
                    "support": 40536.0
                },
                "weighted avg": {
                    "precision": 0.9623692258988135,
                    "recall": 0.9611456483126111,
                    "f1-score": 0.9616727343202749,
                    "support": 40536.0
                }
            },
            {
                "0": {
                    "precision": 0.8030808729139923,
                    "recall": 0.7861271676300579,
                    "f1-score": 0.7945135890271781,
                    "support": 3979.0
                },
                "1": {
                    "precision": 0.9767746513468519,
                    "recall": 0.9790190661159286,
                    "f1-score": 0.9778955709172382,
                    "support": 36557.0
                },
                "accuracy": 0.9600848628379712,
                "macro avg": {
                    "precision": 0.8899277621304221,
                    "recall": 0.8825731168729932,
                    "f1-score": 0.8862045799722081,
                    "support": 40536.0
                },
                "weighted avg": {
                    "precision": 0.9597249290164703,
                    "recall": 0.9600848628379712,
                    "f1-score": 0.9598948578241717,
                    "support": 40536.0
                }
            },
            {
                "0": {
                    "precision": 0.798528292311596,
                    "recall": 0.7909022367429003,
                    "f1-score": 0.7946969696969697,
                    "support": 3979.0
                },
                "1": {
                    "precision": 0.9772646536412078,
                    "recall": 0.9782804934759417,
                    "f1-score": 0.977772309711286,
                    "support": 36557.0
                },
                "accuracy": 0.9598875074008288,
                "macro avg": {
                    "precision": 0.887896472976402,
                    "recall": 0.884591365109421,
                    "f1-score": 0.8862346397041279,
                    "support": 40536.0
                },
                "weighted avg": {
                    "precision": 0.9597199530853925,
                    "recall": 0.9598875074008288,
                    "f1-score": 0.9598016964806524,
                    "support": 40536.0
                }
            },
            {
                "0": {
                    "precision": 0.7858508604206501,
                    "recall": 0.8263382759487309,
                    "f1-score": 0.8055861815509004,
                    "support": 3979.0
                },
                "1": {
                    "precision": 0.9809914172535211,
                    "recall": 0.9754903301693246,
                    "f1-score": 0.978233139941571,
                    "support": 36557.0
                },
                "accuracy": 0.9608496151568976,
                "macro avg": {
                    "precision": 0.8834211388370856,
                    "recall": 0.9009143030590278,
                    "f1-score": 0.8919096607462358,
                    "support": 40536.0
                },
                "weighted avg": {
                    "precision": 0.9618364864355323,
                    "recall": 0.9608496151568976,
                    "f1-score": 0.9612861731111861,
                    "support": 40536.0
                }
            },
            {
                "0": {
                    "precision": 0.7231139646869984,
                    "recall": 0.6818869828456104,
                    "f1-score": 0.7018956115294729,
                    "support": 3964.0
                },
                "1": {
                    "precision": 0.9698493821151402,
                    "recall": 0.980910184881304,
                    "f1-score": 0.9753484261336597,
                    "support": 36564.0
                },
                "2": {
                    "precision": 0.4067796610169492,