{
    "TabNet": {
        "filter_sizes": [
            12000,
            8000,
            6000,
            4500,
            3500,
            1500,
            1000,
            300
        ],
        "training_time_seconds": [
            857.6630911827087,
            894.8363933563232,
            861.0903553962708,
            1148.0377323627472,
            1107.4141404628754,
            1136.9385557174683,
            1178.331300497055,
            1446.6229975223541
        ],
        "num_classes": [
            2,
            2,
            2,
            3,
            3,
            3,
            3,
            4
        ],
        "test_f1_macro": [
            0.9999381117014712,
            0.9999381117014712,
            0.9999381117014712,
            0.8601319336966227,
            0.8601319336966227,
            0.8601319336966227,
            0.8601319336966227,
            0.7593091765693394
        ],
        "test_f1_micro": [
            0.9999516814843448,
            0.9999516814843448,
            0.9999516814843448,
            0.9855562384757222,
            0.9855562384757222,
            0.9855562384757222,
            0.9855562384757222,
            0.9835022389818525
        ],
        "test_f1_weighted": [
            0.999951680084099,
            0.999951680084099,
            0.999951680084099,
            0.9837853390649207,
            0.9837853390649207,
            0.9837853390649207,
            0.9837853390649207,
            0.981291535820253
        ],
        "cv_class_weights": [
            0.46924970178326064,
            0.46924970178326064,
            0.46924970178326064,
            0.8674889912212567,
            0.8674889912212567,
            0.8674889912212567,
            0.8674889912212567,
            1.14975278331686
        ],
        "total_training_samples": [
            132454,
            132454,
            132454,
            135364,
            135364,
            135364,
            135364,
            135776
        ],
        "imbalance_ratio": [
            2.7682503556187767,
            2.7682503556187767,
            2.7682503556187767,
            33.59778852798894,
            33.59778852798894,
            33.59778852798894,
            33.59778852798894,
            236.52311435523114
        ],
        "entropy": [
            0.8347497012095557,
            0.8347497012095557,
            0.8347497012095557,
            0.6100634177702903,
            0.6100634177702903,
            0.6100634177702903,
            0.6100634177702903,
            0.49706853731609674
        ],
        "test_precision_macro": [
            0.9999670922732657,
            0.9999670922732657,
            0.9999670922732657,
            0.9245188058032765,
            0.9245188058032765,
            0.9245188058032765,
            0.9245188058032765,
            0.8623914077019424
        ],
        "test_recall_macro": [
            0.9999091404688352,
            0.9999091404688352,
            0.9999091404688352,
            0.8225044055824302,
            0.8225044055824302,
            0.8225044055824302,
            0.8225044055824302,
            0.7031944807113341
        ],
        "classification_reports": [
            {
                "0": {
                    "precision": 0.9999341845465315,
                    "recall": 1.0,
                    "f1-score": 0.9999670911903117,
                    "support": 30386.0
                },
                "1": {
                    "precision": 1.0,
                    "recall": 0.9998182809376703,
                    "f1-score": 0.9999091322126307,
                    "support": 11006.0
                },
                "accuracy": 0.9999516814843448,
                "macro avg": {
                    "precision": 0.9999670922732657,
                    "recall": 0.9999091404688352,
                    "f1-score": 0.9999381117014712,
                    "support": 41392.0
                },
                "weighted avg": {
                    "precision": 0.9999516846644498,
                    "recall": 0.9999516814843448,
                    "f1-score": 0.999951680084099,
                    "support": 41392.0
                }
            },
            {
                "0": {
                    "precision": 0.9999341845465315,
                    "recall": 1.0,
                    "f1-score": 0.9999670911903117,
                    "support": 30386.0
                },
                "1": {
                    "precision": 1.0,
                    "recall": 0.9998182809376703,
                    "f1-score": 0.9999091322126307,
                    "support": 11006.0
                },
                "accuracy": 0.9999516814843448,
                "macro avg": {
                    "precision": 0.9999670922732657,
                    "recall": 0.9999091404688352,
                    "f1-score": 0.9999381117014712,
                    "support": 41392.0
                },
                "weighted avg": {
                    "precision": 0.9999516846644498,
                    "recall": 0.9999516814843448,
                    "f1-score": 0.999951680084099,
                    "support": 41392.0
                }
            },
            {
                "0": {
                    "precision": 0.9999341845465315,
                    "recall": 1.0,
                    "f1-score": 0.9999670911903117,
                    "support": 30386.0
                },
                "1": {
                    "precision": 1.0,
                    "recall": 0.9998182809376703,
                    "f1-score": 0.9999091322126307,
                    "support": 11006.0
                },
                "accuracy": 0.9999516814843448,
                "macro avg": {
                    "precision": 0.9999670922732657,
                    "recall": 0.9999091404688352,
                    "f1-score": 0.9999381117014712,
                    "support": 41392.0
                },
                "weighted avg": {
                    "precision": 0.9999516846644498,
                    "recall": 0.9999516814843448,
                    "f1-score": 0.999951680084099,
                    "support": 41392.0
                }
            },
            {
                "0": {
                    "precision": 0.789568345323741,
                    "recall": 0.4715359828141783,
                    "f1-score": 0.5904505716207128,
                    "support": 931.0
                },
                "1": {
                    "precision": 0.9839880720860884,
                    "recall": 0.9961607875307629,
                    "f1-score": 0.9900370146917344,
                    "support": 30475.0
                },
                "2": {
                    "precision": 1.0,
                    "recall": 0.9998164464023495,
                    "f1-score": 0.9999082147774209,
                    "support": 10896.0
                },
                "accuracy": 0.9855562384757222,
                "macro avg": {
                    "precision": 0.9245188058032765,
                    "recall": 0.8225044055824302,
                    "f1-score": 0.8601319336966227,
                    "support": 42302.0
                },
                "weighted avg": {
                    "precision": 0.9838334978563648,
                    "recall": 0.9855562384757222,
                    "f1-score": 0.9837853390649207,
                    "support": 42302.0
                }
            },
            {
                "0": {
                    "precision": 0.789568345323741,
                    "recall": 0.4715359828141783,
                    "f1-score": 0.5904505716207128,
                    "support": 931.0
                },
                "1": {
                    "precision": 0.9839880720860884,
                    "recall": 0.9961607875307629,
                    "f1-score": 0.9900370146917344,