{
    "AdvancedTabularClassifier": {
        "filter_sizes": [
            12000,
            8000,
            6000,
            4500,
            3500,
            1500,
            1000,
            300
        ],
        "training_time_seconds": [
            39.848957777023315,
            41.79721403121948,
            42.79233407974243,
            42.87334489822388,
            42.07025980949402,
            45.20945382118225,
            49.98015761375427,
            45.16102886199951
        ],
        "num_classes": [
            2,
            3,
            4,
            4,
            4,
            4,
            4,
            4
        ],
        "test_f1_macro": [
            0.7070591643355977,
            0.5657035052851894,
            0.45001584182199983,
            0.45839770953081704,
            0.4534787421503025,
            0.4504834082638428,
            0.44274479525106075,
            0.44935900435703696
        ],
        "test_f1_micro": [
            0.7098759021756063,
            0.6473538694918157,
            0.5494697148244166,
            0.5769031345745934,
            0.5673344331840678,
            0.5486448267735093,
            0.5205986330426585,
            0.55974546311572
        ],
        "test_f1_weighted": [
            0.7140275515151157,
            0.6532817245680048,
            0.5900203938989965,
            0.6087612033240332,
            0.5990052022951419,
            0.5882761960436975,
            0.5667295681571329,
            0.5874184570028029
        ],
        "cv_class_weights": [
            0.24084831570065557,
            0.6468723918763555,
            0.8728635995526584,
            0.8728635995526584,
            0.8728635995526584,
            0.8728635995526584,
            0.8728635995526584,
            0.8728635995526584
        ],
        "imbalance_ratio": [
            1.6254845993268863,
            10.114982116836668,
            15.160732046946489,
            15.160732046946489,
            15.160732046946489,
            15.160732046946489,
            15.160732046946489,
            15.160732046946489
        ],
        "total_training_samples": [
            123256,
            130785,
            135776,
            135776,
            135776,
            135776,
            135776,
            135776
        ],
        "entropy": [
            0.9577419018537261,
            0.7702557834659559,
            0.7008194571674624,
            0.7008194571674624,
            0.7008194571674624,
            0.7008194571674624,
            0.7008194571674624,
            0.7008194571674624
        ],
        "test_precision_macro": [
            0.7159790815253154,
            0.5497595330172431,
            0.4660223612058424,
            0.45161524246148665,
            0.4433735128341498,
            0.45615890479111393,
            0.45763088090555626,
            0.4448182257914312
        ],
        "test_recall_macro": [
            0.7289883556904765,
            0.6664020853207765,
            0.5185445697710557,
            0.5379847911797601,
            0.5359116363496012,
            0.5226019078204049,
            0.5313469724575958,
            0.5200493619847149
        ],
        "classification_reports": [
            {
                "0": {
                    "precision": 0.5846482087922993,
                    "recall": 0.8077740453828751,
                    "f1-score": 0.6783339569960566,
                    "support": 14587.0
                },
                "1": {
                    "precision": 0.8473099542583316,
                    "recall": 0.6502026659980779,
                    "f1-score": 0.7357843716751389,
                    "support": 23931.0
                },
                "accuracy": 0.7098759021756063,
                "macro avg": {
                    "precision": 0.7159790815253154,
                    "recall": 0.7289883556904765,
                    "f1-score": 0.7070591643355977,
                    "support": 38518.0
                },
                "weighted avg": {
                    "precision": 0.7478383596502778,
                    "recall": 0.7098759021756063,
                    "f1-score": 0.7140275515151157,
                    "support": 38518.0
                }
            },
            {
                "0": {
                    "precision": 0.5815609148349203,
                    "recall": 0.4454062159214831,
                    "f1-score": 0.5044579103786329,
                    "support": 14672.0
                },
                "1": {
                    "precision": 0.29040838679392894,
                    "recall": 0.7969085444396736,
                    "f1-score": 0.42568807339449544,
                    "support": 2329.0
                },
                "2": {
                    "precision": 0.77730929742288,
                    "recall": 0.756891495601173,
                    "f1-score": 0.7669645320824401,
                    "support": 23870.0
                },
                "accuracy": 0.6473538694918157,
                "macro avg": {
                    "precision": 0.5497595330172431,
                    "recall": 0.6664020853207765,
                    "f1-score": 0.5657035052851894,
                    "support": 40871.0
                },
                "weighted avg": {
                    "precision": 0.6792932838635012,
                    "recall": 0.6473538694918157,
                    "f1-score": 0.6532817245680048,
                    "support": 40871.0
                }
            },
            {
                "0": {
                    "precision": 0.5107003891050583,
                    "recall": 0.5041152263374485,
                    "f1-score": 0.5073864420820102,
                    "support": 14580.0
                },
                "1": {
                    "precision": 0.0982833655705996,
                    "recall": 0.5373430270984798,
                    "f1-score": 0.1661727133367399,
                    "support": 1513.0
                },
                "2": {
                    "precision": 0.447032967032967,
                    "recall": 0.44507658643326037,
                    "f1-score": 0.44605263157894737,
                    "support": 2285.0
                },
                "3": {
                    "precision": 0.8080727231147448,
                    "recall": 0.5876434392150341,
                    "f1-score": 0.6804515802903016,
                    "support": 24052.0
                },
                "accuracy": 0.5494697148244166,
                "macro avg": {
                    "precision": 0.4660223612058424,
                    "recall": 0.5185445697710557,
                    "f1-score": 0.45001584182199983,
                    "support": 42430.0
                },
                "weighted avg": {
                    "precision": 0.6611348072421928,
                    "recall": 0.5494697148244166,
                    "f1-score": 0.5900203938989965,
                    "support": 42430.0
                }
            },
            {
                "0": {
                    "precision": 0.545320197044335,
                    "recall": 0.45555555555555555,
                    "f1-score": 0.4964125560538117,
                    "support": 14580.0
                },
                "1": {
                    "precision": 0.0999849193183532,
                    "recall": 0.43820224719101125,
                    "f1-score": 0.16281925343811396,
                    "support": 1513.0
                },
                "2": {
                    "precision": 0.36571732765504394,
                    "recall": 0.6013129102844639,
                    "f1-score": 0.4548162859980139,
                    "support": 2285.0
                },
                "3": {
                    "precision": 0.7954385258282147,
                    "recall": 0.6568684516880093,
                    "f1-score": 0.7195427426333287,