{
    "TabNet": {
        "filter_sizes": [
            12000,
            8000,
            6000,
            4500,
            3500,
            1500,
            1000,
            300
        ],
        "training_time_seconds": [
            598.9089295864105,
            634.5786736011505,
            614.1669580936432,
            643.0207500457764,
            691.213595867157,
            800.9125294685364,
            767.4210195541382,
            817.6082146167755
        ],
        "num_classes": [
            2,
            2,
            2,
            2,
            4,
            5,
            5,
            5
        ],
        "test_f1_macro": [
            0.8079804999867297,
            0.8079804999867297,
            0.8079804999867297,
            0.8079804999867297,
            0.5449413657369788,
            0.43891872105328467,
            0.43891872105328467,
            0.43891872105328467
        ],
        "test_f1_micro": [
            0.9461466350897967,
            0.9461466350897967,
            0.9461466350897967,
            0.9461466350897967,
            0.9290023752969121,
            0.9240631628564695,
            0.9240631628564695,
            0.9240631628564695
        ],
        "test_f1_weighted": [
            0.9399143920900918,
            0.9399143920900918,
            0.9399143920900918,
            0.9399143920900918,
            0.9177892141763941,
            0.9109809687243926,
            0.9109809687243926,
            0.9109809687243926
        ],
        "cv_class_weights": [
            0.8074841574540913,
            0.8074841574540913,
            0.8074841574540913,
            0.8074841574540913,
            1.4380572822310065,
            1.667052044340106,
            1.667052044340106,
            1.667052044340106
        ],
        "total_training_samples": [
            129714,
            129714,
            129714,
            129714,
            134718,
            135776,
            135776,
            135776
        ],
        "imbalance_ratio": [
            9.38875540605478,
            9.38875540605478,
            9.38875540605478,
            9.38875540605478,
            47.3830303030303,
            109.24674115456239,
            109.24674115456239,
            109.24674115456239
        ],
        "entropy": [
            0.45701998121808746,
            0.45701998121808746,
            0.45701998121808746,
            0.45701998121808746,
            0.35256504209622447,
            0.32911821758806126,
            0.32911821758806126,
            0.32911821758806126
        ],
        "test_precision_macro": [
            0.9068901831645115,
            0.9068901831645115,
            0.9068901831645115,
            0.9068901831645115,
            0.6091545866804249,
            0.45899598657925067,
            0.45899598657925067,
            0.45899598657925067
        ],
        "test_recall_macro": [
            0.7532884923181336,
            0.7532884923181336,
            0.7532884923181336,
            0.7532884923181336,
            0.5148558717351979,
            0.42915207004336864,
            0.42915207004336864,
            0.42915207004336864
        ],
        "classification_reports": [
            {
                "0": {
                    "precision": 0.8626086956521739,
                    "recall": 0.5151908595170086,
                    "f1-score": 0.6450983579905707,
                    "support": 3851.0
                },
                "1": {
                    "precision": 0.951171670676849,
                    "recall": 0.9913861251192585,
                    "f1-score": 0.9708626419828886,
                    "support": 36685.0
                },
                "accuracy": 0.9461466350897967,
                "macro avg": {
                    "precision": 0.9068901831645115,
                    "recall": 0.7532884923181336,
                    "f1-score": 0.8079804999867297,
                    "support": 40536.0
                },
                "weighted avg": {
                    "precision": 0.9427580132656584,
                    "recall": 0.9461466350897967,
                    "f1-score": 0.9399143920900918,
                    "support": 40536.0
                }
            },
            {
                "0": {
                    "precision": 0.8626086956521739,
                    "recall": 0.5151908595170086,
                    "f1-score": 0.6450983579905707,
                    "support": 3851.0
                },
                "1": {
                    "precision": 0.951171670676849,
                    "recall": 0.9913861251192585,
                    "f1-score": 0.9708626419828886,
                    "support": 36685.0
                },
                "accuracy": 0.9461466350897967,
                "macro avg": {
                    "precision": 0.9068901831645115,
                    "recall": 0.7532884923181336,
                    "f1-score": 0.8079804999867297,
                    "support": 40536.0
                },
                "weighted avg": {
                    "precision": 0.9427580132656584,
                    "recall": 0.9461466350897967,
                    "f1-score": 0.9399143920900918,
                    "support": 40536.0
                }
            },
            {
                "0": {
                    "precision": 0.8626086956521739,
                    "recall": 0.5151908595170086,
                    "f1-score": 0.6450983579905707,
                    "support": 3851.0
                },
                "1": {
                    "precision": 0.951171670676849,
                    "recall": 0.9913861251192585,
                    "f1-score": 0.9708626419828886,
                    "support": 36685.0
                },
                "accuracy": 0.9461466350897967,
                "macro avg": {
                    "precision": 0.9068901831645115,
                    "recall": 0.7532884923181336,
                    "f1-score": 0.8079804999867297,
                    "support": 40536.0
                },
                "weighted avg": {
                    "precision": 0.9427580132656584,
                    "recall": 0.9461466350897967,
                    "f1-score": 0.9399143920900918,
                    "support": 40536.0
                }
            },
            {
                "0": {
                    "precision": 0.8626086956521739,
                    "recall": 0.5151908595170086,
                    "f1-score": 0.6450983579905707,
                    "support": 3851.0
                },
                "1": {
                    "precision": 0.951171670676849,
                    "recall": 0.9913861251192585,
                    "f1-score": 0.9708626419828886,
                    "support": 36685.0
                },
                "accuracy": 0.9461466350897967,
                "macro avg": {
                    "precision": 0.9068901831645115,
                    "recall": 0.7532884923181336,
                    "f1-score": 0.8079804999867297,
                    "support": 40536.0
                },
                "weighted avg": {
                    "precision": 0.9427580132656584,
                    "recall": 0.9461466350897967,
                    "f1-score": 0.9399143920900918,
                    "support": 40536.0
                }
            },
            {
                "0": {
                    "precision": 0.6871927554980595,
                    "recall": 0.6799795186891961,
                    "f1-score": 0.683567108480247,
                    "support": 3906.0
                },
                "1": {
                    "precision": 0.9550811182159277,
                    "recall": 0.9868137268284692,
                    "f1-score": 0.9706881503860356,
                    "support": 36629.0
                },
                "2": {
                    "precision": 0.0,
                    "recall": 0.0,