{
    "TabNet": {
        "filter_sizes": [
            12000,
            8000,
            6000,
            4500,
            3500,
            1500,
            1000,
            300
        ],
        "training_time_seconds": [
            559.837390422821,
            485.2053186893463,
            480.74964118003845,
            505.9693224430084,
            1389.2033112049103,
            940.5642387866974,
            852.8281745910645,
            889.1962141990662
        ],
        "num_classes": [
            2,
            2,
            2,
            2,
            4,
            5,
            5,
            5
        ],
        "test_f1_macro": [
            0.8807659834002175,
            0.8807659834002175,
            0.8807659834002175,
            0.8807659834002175,
            0.6454978586619591,
            0.5270725587703609,
            0.5270725587703609,
            0.5270725587703609
        ],
        "test_f1_micro": [
            0.9532020919676337,
            0.9532020919676337,
            0.9532020919676337,
            0.9532020919676337,
            0.9264133016627079,
            0.9137167098750884,
            0.9137167098750884,
            0.9137167098750884
        ],
        "test_f1_weighted": [
            0.9558225848333579,
            0.9558225848333579,
            0.9558225848333579,
            0.9558225848333579,
            0.9285021726081941,
            0.9214336120070208,
            0.9214336120070208,
            0.9214336120070208
        ],
        "cv_class_weights": [
            0.8080700618283301,
            0.8080700618283301,
            0.8080700618283301,
            0.8080700618283301,
            1.436942292305175,
            1.6658859875023757,
            1.6658859875023757,
            1.6658859875023757
        ],
        "total_training_samples": [
            129714,
            129714,
            129714,
            129714,
            134718,
            135776,
            135776,
            135776
        ],
        "imbalance_ratio": [
            9.420469151670952,
            9.420469151670952,
            9.420469151670952,
            9.420469151670952,
            47.3730800323363,
            110.00187617260788,
            110.00187617260788,
            110.00187617260788
        ],
        "entropy": [
            0.4560727597780627,
            0.4560727597780627,
            0.4560727597780627,
            0.4560727597780627,
            0.3531964859699337,
            0.3297505353237655,
            0.3297505353237655,
            0.3297505353237655
        ],
        "test_precision_macro": [
            0.8439554074729281,
            0.8439554074729281,
            0.8439554074729281,
            0.8439554074729281,
            0.6292856680225221,
            0.4875220096727209,
            0.4875220096727209,
            0.4875220096727209
        ],
        "test_recall_macro": [
            0.9309102137708756,
            0.9309102137708756,
            0.9309102137708756,
            0.9309102137708756,
            0.6668105220221174,
            0.5936145154853946,
            0.5936145154853946,
            0.5936145154853946
        ],
        "classification_reports": [
            {
                "0": {
                    "precision": 0.6985323284410948,
                    "recall": 0.903308540651449,
                    "f1-score": 0.7878313387764232,
                    "support": 3899.0
                },
                "1": {
                    "precision": 0.9893784865047613,
                    "recall": 0.9585118868903022,
                    "f1-score": 0.9737006280240119,
                    "support": 36637.0
                },
                "accuracy": 0.9532020919676337,
                "macro avg": {
                    "precision": 0.8439554074729281,
                    "recall": 0.9309102137708756,
                    "f1-score": 0.8807659834002175,
                    "support": 40536.0
                },
                "weighted avg": {
                    "precision": 0.9614031270640114,
                    "recall": 0.9532020919676337,
                    "f1-score": 0.9558225848333579,
                    "support": 40536.0
                }
            },
            {
                "0": {
                    "precision": 0.6985323284410948,
                    "recall": 0.903308540651449,
                    "f1-score": 0.7878313387764232,
                    "support": 3899.0
                },
                "1": {
                    "precision": 0.9893784865047613,
                    "recall": 0.9585118868903022,
                    "f1-score": 0.9737006280240119,
                    "support": 36637.0
                },
                "accuracy": 0.9532020919676337,
                "macro avg": {
                    "precision": 0.8439554074729281,
                    "recall": 0.9309102137708756,
                    "f1-score": 0.8807659834002175,
                    "support": 40536.0
                },
                "weighted avg": {
                    "precision": 0.9614031270640114,
                    "recall": 0.9532020919676337,
                    "f1-score": 0.9558225848333579,
                    "support": 40536.0
                }
            },
            {
                "0": {
                    "precision": 0.6985323284410948,
                    "recall": 0.903308540651449,
                    "f1-score": 0.7878313387764232,
                    "support": 3899.0
                },
                "1": {
                    "precision": 0.9893784865047613,
                    "recall": 0.9585118868903022,
                    "f1-score": 0.9737006280240119,
                    "support": 36637.0
                },
                "accuracy": 0.9532020919676337,
                "macro avg": {
                    "precision": 0.8439554074729281,
                    "recall": 0.9309102137708756,
                    "f1-score": 0.8807659834002175,
                    "support": 40536.0
                },
                "weighted avg": {
                    "precision": 0.9614031270640114,
                    "recall": 0.9532020919676337,
                    "f1-score": 0.9558225848333579,
                    "support": 40536.0
                }
            },
            {
                "0": {
                    "precision": 0.6985323284410948,
                    "recall": 0.903308540651449,
                    "f1-score": 0.7878313387764232,
                    "support": 3899.0
                },
                "1": {
                    "precision": 0.9893784865047613,
                    "recall": 0.9585118868903022,
                    "f1-score": 0.9737006280240119,
                    "support": 36637.0
                },
                "accuracy": 0.9532020919676337,
                "macro avg": {
                    "precision": 0.8439554074729281,
                    "recall": 0.9309102137708756,
                    "f1-score": 0.8807659834002175,
                    "support": 40536.0
                },
                "weighted avg": {
                    "precision": 0.9614031270640114,
                    "recall": 0.9532020919676337,
                    "f1-score": 0.9558225848333579,
                    "support": 40536.0
                }
            },
            {
                "0": {
                    "precision": 0.6862745098039216,
                    "recall": 0.8419243986254296,
                    "f1-score": 0.7561728395061729,
                    "support": 3783.0
                },
                "1": {
                    "precision": 0.9797768479776848,
                    "recall": 0.9565892317328903,
                    "f1-score": 0.9680442062037509,
                    "support": 36719.0
                },
                "2": {
                    "precision": 0.37228260869565216,
                    "recall": 0.33827160493827163,