{
    "TabNet": {
        "filter_sizes": [
            12000,
            8000,
            6000,
            4500,
            3500,
            1500,
            1000,
            300
        ],
        "training_time_seconds": [
            692.2811727523804,
            693.3032584190369,
            675.596687078476,
            685.6933085918427,
            1267.8358809947968,
            738.5878481864929,
            757.665045261383,
            764.8524127006531
        ],
        "num_classes": [
            2,
            2,
            2,
            2,
            4,
            5,
            5,
            5
        ],
        "test_f1_macro": [
            0.8692858623930839,
            0.8692858623930839,
            0.8692858623930839,
            0.8692858623930839,
            0.6249717811580295,
            0.5427586259230526,
            0.5427586259230526,
            0.5427586259230526
        ],
        "test_f1_micro": [
            0.9447404776001579,
            0.9447404776001579,
            0.9447404776001579,
            0.9447404776001579,
            0.9145130641330166,
            0.8977374499175111,
            0.8977374499175111,
            0.8977374499175111
        ],
        "test_f1_weighted": [
            0.9495767465273209,
            0.9495767465273209,
            0.9495767465273209,
            0.9495767465273209,
            0.9251787668745581,
            0.9104839309966403,
            0.9104839309966403,
            0.9104839309966403
        ],
        "cv_class_weights": [
            0.8078542023220316,
            0.8078542023220316,
            0.8078542023220316,
            0.8078542023220316,
            1.4382296470497051,
            1.6668518070342822,
            1.6668518070342822,
            1.6668518070342822
        ],
        "total_training_samples": [
            129714,
            129714,
            129714,
            129714,
            134718,
            135776,
            135776,
            135776
        ],
        "imbalance_ratio": [
            9.4087626384208,
            9.4087626384208,
            9.4087626384208,
            9.4087626384208,
            46.970764917901484,
            111.73142857142857,
            111.73142857142857,
            111.73142857142857
        ],
        "entropy": [
            0.45642190193153387,
            0.45642190193153387,
            0.45642190193153387,
            0.45642190193153387,
            0.3526153481841942,
            0.32908472092128943,
            0.32908472092128943,
            0.32908472092128943
        ],
        "test_precision_macro": [
            0.8181815119972773,
            0.8181815119972773,
            0.8181815119972773,
            0.8181815119972773,
            0.5716712293683817,
            0.4946810306069899,
            0.4946810306069899,
            0.4946810306069899
        ],
        "test_recall_macro": [
            0.9541279076680895,
            0.9541279076680895,
            0.9541279076680895,
            0.9541279076680895,
            0.7305602988669061,
            0.6348806951104735,
            0.6348806951104735,
            0.6348806951104735
        ],
        "classification_reports": [
            {
                "0": {
                    "precision": 0.640198087431694,
                    "recall": 0.9657393096342092,
                    "f1-score": 0.7699733004723762,
                    "support": 3882.0
                },
                "1": {
                    "precision": 0.9961649365628604,
                    "recall": 0.9425165057019698,
                    "f1-score": 0.9685984243137915,
                    "support": 36654.0
                },
                "accuracy": 0.9447404776001579,
                "macro avg": {
                    "precision": 0.8181815119972773,
                    "recall": 0.9541279076680895,
                    "f1-score": 0.8692858623930839,
                    "support": 40536.0
                },
                "weighted avg": {
                    "precision": 0.9620751569021344,
                    "recall": 0.9447404776001579,
                    "f1-score": 0.9495767465273209,
                    "support": 40536.0
                }
            },
            {
                "0": {
                    "precision": 0.640198087431694,
                    "recall": 0.9657393096342092,
                    "f1-score": 0.7699733004723762,
                    "support": 3882.0
                },
                "1": {
                    "precision": 0.9961649365628604,
                    "recall": 0.9425165057019698,
                    "f1-score": 0.9685984243137915,
                    "support": 36654.0
                },
                "accuracy": 0.9447404776001579,
                "macro avg": {
                    "precision": 0.8181815119972773,
                    "recall": 0.9541279076680895,
                    "f1-score": 0.8692858623930839,
                    "support": 40536.0
                },
                "weighted avg": {
                    "precision": 0.9620751569021344,
                    "recall": 0.9447404776001579,
                    "f1-score": 0.9495767465273209,
                    "support": 40536.0
                }
            },
            {
                "0": {
                    "precision": 0.640198087431694,
                    "recall": 0.9657393096342092,
                    "f1-score": 0.7699733004723762,
                    "support": 3882.0
                },
                "1": {
                    "precision": 0.9961649365628604,
                    "recall": 0.9425165057019698,
                    "f1-score": 0.9685984243137915,
                    "support": 36654.0
                },
                "accuracy": 0.9447404776001579,
                "macro avg": {
                    "precision": 0.8181815119972773,
                    "recall": 0.9541279076680895,
                    "f1-score": 0.8692858623930839,
                    "support": 40536.0
                },
                "weighted avg": {
                    "precision": 0.9620751569021344,
                    "recall": 0.9447404776001579,
                    "f1-score": 0.9495767465273209,
                    "support": 40536.0
                }
            },
            {
                "0": {
                    "precision": 0.640198087431694,
                    "recall": 0.9657393096342092,
                    "f1-score": 0.7699733004723762,
                    "support": 3882.0
                },
                "1": {
                    "precision": 0.9961649365628604,
                    "recall": 0.9425165057019698,
                    "f1-score": 0.9685984243137915,
                    "support": 36654.0
                },
                "accuracy": 0.9447404776001579,
                "macro avg": {
                    "precision": 0.8181815119972773,
                    "recall": 0.9541279076680895,
                    "f1-score": 0.8692858623930839,
                    "support": 40536.0
                },
                "weighted avg": {
                    "precision": 0.9620751569021344,
                    "recall": 0.9447404776001579,
                    "f1-score": 0.9495767465273209,
                    "support": 40536.0
                }
            },
            {
                "0": {
                    "precision": 0.6905112560488113,
                    "recall": 0.8302555021502657,
                    "f1-score": 0.7539627842866988,
                    "support": 3953.0
                },
                "1": {
                    "precision": 0.9961992630632199,
                    "recall": 0.9378345897519939,
                    "f1-score": 0.9661362709098327,
                    "support": 36612.0
                },
                "2": {
                    "precision": 0.27060931899641577,
                    "recall": 0.3896774193548387,