{
    "TabNet": {
        "filter_sizes": [
            12000,
            8000,
            6000,
            4500,
            3500,
            1500,
            1000,
            300
        ],
        "training_time_seconds": [
            856.3507056236267,
            756.048702955246,
            826.3900310993195,
            797.9338128566742,
            1246.0875170230865,
            1455.770012140274,
            1432.8582201004028,
            1456.6910321712494
        ],
        "num_classes": [
            2,
            2,
            2,
            2,
            4,
            5,
            5,
            5
        ],
        "test_f1_macro": [
            0.8768411725434537,
            0.8768411725434537,
            0.8768411725434537,
            0.8768411725434537,
            0.6676320118741973,
            0.5276707008991354,
            0.5276707008991354,
            0.5276707008991354
        ],
        "test_f1_micro": [
            0.9492796526544306,
            0.9492796526544306,
            0.9492796526544306,
            0.9492796526544306,
            0.9265558194774347,
            0.9126561395239218,
            0.9126561395239218,
            0.9126561395239218
        ],
        "test_f1_weighted": [
            0.9533200645340123,
            0.9533200645340123,
            0.9533200645340123,
            0.9533200645340123,
            0.9301134154159824,
            0.9159577154947142,
            0.9159577154947142,
            0.9159577154947142
        ],
        "cv_class_weights": [
            0.8075458407402039,
            0.8075458407402039,
            0.8075458407402039,
            0.8075458407402039,
            0.8087968826293945,
            0.9071452021598816,
            0.9071452021598816,
            0.9071452021598816
        ],
        "total_training_samples": [
            129714,
            129714,
            129714,
            129714,
            134718,
            135776,
            135776,
            135776
        ],
        "imbalance_ratio": [
            9.39208460182663,
            9.39208460182663,
            9.39208460182663,
            9.39208460182663,
            47.37631366208569,
            111.76358436606291,
            111.76358436606291,
            111.76358436606291
        ],
        "entropy": [
            0.3167130459584489,
            0.3167130459584489,
            0.3167130459584489,
            0.3167130459584489,
            0.489846919147405,
            0.5311330528883654,
            0.5311330528883654,
            0.5311330528883654
        ],
        "test_precision_macro": [
            0.8282275909003747,
            0.8282275909003747,
            0.8282275909003747,
            0.8282275909003747,
            0.6372785144363731,
            0.5113960717486413,
            0.5113960717486413,
            0.5113960717486413
        ],
        "test_recall_macro": [
            0.9532966365528889,
            0.9532966365528889,
            0.9532966365528889,
            0.9532966365528889,
            0.7058547865653341,
            0.5524818360190509,
            0.5524818360190509,
            0.5524818360190509
        ],
        "classification_reports": [
            {
                "0": {
                    "precision": 0.6610624217492399,
                    "recall": 0.9582577132486388,
                    "f1-score": 0.7823878069432684,
                    "support": 3857.0
                },
                "1": {
                    "precision": 0.9953927600515096,
                    "recall": 0.9483355598571389,
                    "f1-score": 0.971294538143639,
                    "support": 36679.0
                },
                "accuracy": 0.9492796526544306,
                "macro avg": {
                    "precision": 0.8282275909003747,
                    "recall": 0.9532966365528889,
                    "f1-score": 0.8768411725434537,
                    "support": 40536.0
                },
                "weighted avg": {
                    "precision": 0.9635812316611442,
                    "recall": 0.9492796526544306,
                    "f1-score": 0.9533200645340123,
                    "support": 40536.0
                }
            },
            {
                "0": {
                    "precision": 0.6610624217492399,
                    "recall": 0.9582577132486388,
                    "f1-score": 0.7823878069432684,
                    "support": 3857.0
                },
                "1": {
                    "precision": 0.9953927600515096,
                    "recall": 0.9483355598571389,
                    "f1-score": 0.971294538143639,
                    "support": 36679.0
                },
                "accuracy": 0.9492796526544306,
                "macro avg": {
                    "precision": 0.8282275909003747,
                    "recall": 0.9532966365528889,
                    "f1-score": 0.8768411725434537,
                    "support": 40536.0
                },
                "weighted avg": {
                    "precision": 0.9635812316611442,
                    "recall": 0.9492796526544306,
                    "f1-score": 0.9533200645340123,
                    "support": 40536.0
                }
            },
            {
                "0": {
                    "precision": 0.6610624217492399,
                    "recall": 0.9582577132486388,
                    "f1-score": 0.7823878069432684,
                    "support": 3857.0
                },
                "1": {
                    "precision": 0.9953927600515096,
                    "recall": 0.9483355598571389,
                    "f1-score": 0.971294538143639,
                    "support": 36679.0
                },
                "accuracy": 0.9492796526544306,
                "macro avg": {
                    "precision": 0.8282275909003747,
                    "recall": 0.9532966365528889,
                    "f1-score": 0.8768411725434537,
                    "support": 40536.0
                },
                "weighted avg": {
                    "precision": 0.9635812316611442,
                    "recall": 0.9492796526544306,
                    "f1-score": 0.9533200645340123,
                    "support": 40536.0
                }
            },
            {
                "0": {
                    "precision": 0.6610624217492399,
                    "recall": 0.9582577132486388,
                    "f1-score": 0.7823878069432684,
                    "support": 3857.0
                },
                "1": {
                    "precision": 0.9953927600515096,
                    "recall": 0.9483355598571389,
                    "f1-score": 0.971294538143639,
                    "support": 36679.0
                },
                "accuracy": 0.9492796526544306,
                "macro avg": {
                    "precision": 0.8282275909003747,
                    "recall": 0.9532966365528889,
                    "f1-score": 0.8768411725434537,
                    "support": 40536.0
                },
                "weighted avg": {
                    "precision": 0.9635812316611442,
                    "recall": 0.9492796526544306,
                    "f1-score": 0.9533200645340123,
                    "support": 40536.0
                }
            },
            {
                "0": {
                    "precision": 0.709513936880903,
                    "recall": 0.8043875685557587,
                    "f1-score": 0.7539779681762546,
                    "support": 3829.0
                },
                "1": {
                    "precision": 0.9799257335901946,
                    "recall": 0.9561143043940178,
                    "f1-score": 0.9678735901607699,
                    "support": 36709.0
                },
                "2": {
                    "precision": 0.3994280266920877,
                    "recall": 0.541343669250646,