{
    "TabNet": {
        "filter_sizes": [
            12000,
            8000,
            6000,
            4500,
            3500,
            1500,
            1000,
            300
        ],
        "training_time_seconds": [
            2412.5644302368164,
            1917.8218803405762,
            703.9673600196838,
            847.1051936149597,
            852.2505307197571,
            906.2961218357086,
            740.9575974941254,
            696.0846676826477
        ],
        "num_classes": [
            2,
            3,
            4,
            4,
            4,
            4,
            4,
            4
        ],
        "test_f1_macro": [
            0.7259611076208896,
            0.6066645471339065,
            0.4454895026372211,
            0.4454895026372211,
            0.4454895026372211,
            0.4454895026372211,
            0.4454895026372211,
            0.4454895026372211
        ],
        "test_f1_micro": [
            0.7347473908302612,
            0.6694722419319322,
            0.5755597454631157,
            0.5755597454631157,
            0.5755597454631157,
            0.5755597454631157,
            0.5755597454631157,
            0.5755597454631157
        ],
        "test_f1_weighted": [
            0.7376532211913713,
            0.6757680266579077,
            0.6007878739536808,
            0.6007878739536808,
            0.6007878739536808,
            0.6007878739536808,
            0.6007878739536808,
            0.6007878739536808
        ],
        "cv_class_weights": [
            0.23930680751800537,
            0.9818324446678162,
            0.8531197309494019,
            0.8531197309494019,
            0.8531197309494019,
            0.8531197309494019,
            0.8531197309494019,
            0.8531197309494019
        ],
        "total_training_samples": [
            123256,
            130785,
            135776,
            135776,
            135776,
            135776,
            135776,
            135776
        ],
        "imbalance_ratio": [
            1.6291808873720137,
            10.217542452199492,
            15.242267012572341,
            15.242267012572341,
            15.242267012572341,
            15.242267012572341,
            15.242267012572341,
            15.242267012572341
        ],
        "entropy": [
            0.6642335469637037,
            0.8453635788940179,
            0.973417682566608,
            0.973417682566608,
            0.973417682566608,
            0.973417682566608,
            0.973417682566608,
            0.973417682566608
        ],
        "test_precision_macro": [
            0.7236821956796657,
            0.5811241423835968,
            0.4450085872490558,
            0.4450085872490558,
            0.4450085872490558,
            0.4450085872490558,
            0.4450085872490558,
            0.4450085872490558
        ],
        "test_recall_macro": [
            0.7337407334614339,
            0.6651075881081195,
            0.5055614752213861,
            0.5055614752213861,
            0.5055614752213861,
            0.5055614752213861,
            0.5055614752213861,
            0.5055614752213861
        ],
        "classification_reports": [
            {
                "0": {
                    "precision": 0.6313491829390596,
                    "recall": 0.7295160190865713,
                    "f1-score": 0.676891938901363,
                    "support": 14670.0
                },
                "1": {
                    "precision": 0.8160152084202718,
                    "recall": 0.7379654478362966,
                    "f1-score": 0.7750302763404162,
                    "support": 23848.0
                },
                "accuracy": 0.7347473908302612,
                "macro avg": {
                    "precision": 0.7236821956796657,
                    "recall": 0.7337407334614339,
                    "f1-score": 0.7259611076208896,
                    "support": 38518.0
                },
                "weighted avg": {
                    "precision": 0.7456831404569979,
                    "recall": 0.7347473908302612,
                    "f1-score": 0.7376532211913713,
                    "support": 38518.0
                }
            },
            {
                "0": {
                    "precision": 0.5744548286604362,
                    "recall": 0.5660686267821816,
                    "f1-score": 0.5702308960967565,
                    "support": 14659.0
                },
                "1": {
                    "precision": 0.3773458445040214,
                    "recall": 0.6990894039735099,
                    "f1-score": 0.4901334881021474,
                    "support": 2416.0
                },
                "2": {
                    "precision": 0.7915717539863326,
                    "recall": 0.730164733568667,
                    "f1-score": 0.7596292572028156,
                    "support": 23796.0
                },
                "accuracy": 0.6694722419319322,
                "macro avg": {
                    "precision": 0.5811241423835968,
                    "recall": 0.6651075881081195,
                    "f1-score": 0.6066645471339065,
                    "support": 40871.0
                },
                "weighted avg": {
                    "precision": 0.6892134362142796,
                    "recall": 0.6694722419319322,
                    "f1-score": 0.6757680266579077,
                    "support": 40871.0
                }
            },
            {
                "0": {
                    "precision": 0.5467325227963525,
                    "recall": 0.39039609332609876,
                    "f1-score": 0.4555238999683444,
                    "support": 14744.0
                },
                "1": {
                    "precision": 0.0856839551107067,
                    "recall": 0.3685583822570124,
                    "f1-score": 0.13904269718223206,
                    "support": 1533.0
                },
                "2": {
                    "precision": 0.3807976366322009,
                    "recall": 0.5582503248159376,
                    "f1-score": 0.45275728837372675,
                    "support": 2309.0
                },
                "3": {
                    "precision": 0.766820234456963,
                    "recall": 0.7050411004864956,
                    "f1-score": 0.734634125024581,
                    "support": 23844.0
                },
                "accuracy": 0.5755597454631157,
                "macro avg": {
                    "precision": 0.4450085872490558,
                    "recall": 0.5055614752213861,
                    "f1-score": 0.4454895026372211,
                    "support": 42430.0
                },
                "weighted avg": {
                    "precision": 0.6447254591720414,
                    "recall": 0.5755597454631157,
                    "f1-score": 0.6007878739536808,
                    "support": 42430.0
                }
            },
            {
                "0": {
                    "precision": 0.5467325227963525,
                    "recall": 0.39039609332609876,
                    "f1-score": 0.4555238999683444,
                    "support": 14744.0
                },
                "1": {
                    "precision": 0.0856839551107067,
                    "recall": 0.3685583822570124,
                    "f1-score": 0.13904269718223206,
                    "support": 1533.0
                },
                "2": {
                    "precision": 0.3807976366322009,
                    "recall": 0.5582503248159376,
                    "f1-score": 0.45275728837372675,
                    "support": 2309.0
                },
                "3": {
                    "precision": 0.766820234456963,
                    "recall": 0.7050411004864956,
                    "f1-score": 0.734634125024581,