{
    "AdvancedTabularClassifier": {
        "filter_sizes": [
            12000,
            8000,
            6000,
            4500,
            3500,
            1500,
            1000,
            300
        ],
        "training_time_seconds": [
            53.06325006484985,
            56.48503136634827,
            64.65178036689758,
            75.22091484069824,
            72.97091054916382,
            80.1071400642395,
            75.35923933982849,
            73.87863969802856
        ],
        "num_classes": [
            2,
            3,
            4,
            4,
            4,
            4,
            4,
            4
        ],
        "test_f1_macro": [
            0.6912172780816568,
            0.648906916757951,
            0.5168410101274661,
            0.5017754270584618,
            0.49904265556815897,
            0.5108080890219152,
            0.5074611660552233,
            0.4946858901743174
        ],
        "test_f1_micro": [
            0.7293732800249234,
            0.7109686574833011,
            0.6762667923638934,
            0.6737685599811454,
            0.6703275983973603,
            0.6704925760075419,
            0.6763374970539713,
            0.6631628564694791
        ],
        "test_f1_weighted": [
            0.7175488646516629,
            0.7033578438363983,
            0.673551670883668,
            0.6591840865307909,
            0.6580012940336412,
            0.6657709040977612,
            0.6728353427063061,
            0.6492835416964884
        ],
        "cv_class_weights": [
            0.23930680859349646,
            0.6477816261160413,
            0.8713868612097392,
            0.8713868612097392,
            0.8713868612097392,
            0.8713868612097392,
            0.8713868612097392,
            0.8713868612097392
        ],
        "imbalance_ratio": [
            1.6254845993268863,
            10.114982116836668,
            15.160732046946489,
            15.160732046946489,
            15.160732046946489,
            15.160732046946489,
            15.160732046946489,
            15.160732046946489
        ],
        "total_training_samples": [
            123256,
            130785,
            135776,
            135776,
            135776,
            135776,
            135776,
            135776
        ],
        "entropy": [
            0.6644942900012158,
            0.8465637482123152,
            0.9745313681488466,
            0.9745313681488466,
            0.9745313681488466,
            0.9745313681488466,
            0.9745313681488466,
            0.9745313681488466
        ],
        "test_precision_macro": [
            0.7202124763329526,
            0.6759964488895532,
            0.5309782709190456,
            0.51456183913412,
            0.5128524479599281,
            0.5273153062162438,
            0.5173892362943113,
            0.5081199074752576
        ],
        "test_recall_macro": [
            0.6843723745117318,
            0.6309215451744241,
            0.5089910286501559,
            0.5086755598696143,
            0.49363540277705154,
            0.49838406838826643,
            0.4991607685503293,
            0.4937574747023825
        ],
        "classification_reports": [
            {
                "0": {
                    "precision": 0.7003175825233375,
                    "recall": 0.49886885583053403,
                    "f1-score": 0.5826727520217792,
                    "support": 14587.0
                },
                "1": {
                    "precision": 0.7401073701425677,
                    "recall": 0.8698758931929297,
                    "f1-score": 0.7997618041415344,
                    "support": 23931.0
                },
                "accuracy": 0.7293732800249234,
                "macro avg": {
                    "precision": 0.7202124763329526,
                    "recall": 0.6843723745117318,
                    "f1-score": 0.6912172780816568,
                    "support": 38518.0
                },
                "weighted avg": {
                    "precision": 0.7250387364647622,
                    "recall": 0.7293732800249234,
                    "f1-score": 0.7175488646516629,
                    "support": 38518.0
                }
            },
            {
                "0": {
                    "precision": 0.6376680878976714,
                    "recall": 0.5300572519083969,
                    "f1-score": 0.5789042727408069,
                    "support": 14672.0
                },
                "1": {
                    "precision": 0.6410121244069583,
                    "recall": 0.5221124946328897,
                    "f1-score": 0.5754850922858495,
                    "support": 2329.0
                },
                "2": {
                    "precision": 0.7493091343640301,
                    "recall": 0.8405948889819858,
                    "f1-score": 0.7923313852471964,
                    "support": 23870.0
                },
                "accuracy": 0.7109686574833011,
                "macro avg": {
                    "precision": 0.6759964488895532,
                    "recall": 0.6309215451744241,
                    "f1-score": 0.648906916757951,
                    "support": 40871.0
                },
                "weighted avg": {
                    "precision": 0.7030606655244022,
                    "recall": 0.7109686574833011,
                    "f1-score": 0.7033578438363983,
                    "support": 40871.0
                }
            },
            {
                "0": {
                    "precision": 0.573518090839107,
                    "recall": 0.6131687242798354,
                    "f1-score": 0.5926809864757359,
                    "support": 14580.0
                },
                "1": {
                    "precision": 0.21460674157303372,
                    "recall": 0.12623925974884337,
                    "f1-score": 0.15896795672076572,
                    "support": 1513.0
                },
                "2": {
                    "precision": 0.5648148148148148,
                    "recall": 0.5339168490153173,
                    "f1-score": 0.5489313835770528,
                    "support": 2285.0
                },
                "3": {
                    "precision": 0.7709734364492267,
                    "recall": 0.7626392815566273,
                    "f1-score": 0.7667837137363097,
                    "support": 24052.0
                },
                "accuracy": 0.6762667923638934,
                "macro avg": {
                    "precision": 0.5309782709190456,
                    "recall": 0.5089910286501559,
                    "f1-score": 0.5168410101274661,
                    "support": 42430.0
                },
                "weighted avg": {
                    "precision": 0.672181209280293,
                    "recall": 0.6762667923638934,
                    "f1-score": 0.673551670883668,
                    "support": 42430.0
                }
            },
            {
                "0": {
                    "precision": 0.6137493097736058,
                    "recall": 0.45740740740740743,
                    "f1-score": 0.5241688281065786,
                    "support": 14580.0
                },
                "1": {
                    "precision": 0.23902439024390243,
                    "recall": 0.12954395241242564,
                    "f1-score": 0.1680240034290613,
                    "support": 1513.0
                },
                "2": {
                    "precision": 0.474792817679558,
                    "recall": 0.6017505470459519,
                    "f1-score": 0.5307855626326964,
                    "support": 2285.0
                },
                "3": {
                    "precision": 0.7306808388394139,
                    "recall": 0.8460003326126725,
                    "f1-score": 0.7841233140655106,