{
    "AdvancedTabularClassifier": {
        "filter_sizes": [
            12000,
            8000,
            6000,
            4500,
            3500,
            1500,
            1000,
            300
        ],
        "training_time_seconds": [
            37.87748646736145,
            37.692004680633545,
            46.28250002861023,
            40.834778785705566,
            44.150898694992065,
            42.07247018814087,
            52.676448583602905,
            43.92072510719299
        ],
        "num_classes": [
            2,
            3,
            4,
            4,
            4,
            4,
            4,
            4
        ],
        "test_f1_macro": [
            0.7103000460966573,
            0.6563227320493685,
            0.49969494532825653,
            0.49933679670465436,
            0.4952022703004774,
            0.49978691591779656,
            0.5064920993933787,
            0.4901025591013431
        ],
        "test_f1_micro": [
            0.7359935614517887,
            0.7122164860169803,
            0.687744520386519,
            0.6905962762196559,
            0.6855998114541598,
            0.6884751355173226,
            0.6875795427763375,
            0.6887815225076597
        ],
        "test_f1_weighted": [
            0.7312293641577111,
            0.7128563516219045,
            0.6729786260806042,
            0.6758925456344188,
            0.6702243965792761,
            0.674425750459335,
            0.67227046042838,
            0.6720299210562365
        ],
        "cv_class_weights": [
            0.23930680859349646,
            0.6477816261160413,
            0.8713868612097392,
            0.8713868612097392,
            0.8713868612097392,
            0.8713868612097392,
            0.8713868612097392,
            0.8713868612097392
        ],
        "imbalance_ratio": [
            1.6254845993268863,
            10.114982116836668,
            15.160732046946489,
            15.160732046946489,
            15.160732046946489,
            15.160732046946489,
            15.160732046946489,
            15.160732046946489
        ],
        "total_training_samples": [
            123256,
            130785,
            135776,
            135776,
            135776,
            135776,
            135776,
            135776
        ],
        "entropy": [
            0.9582864441966218,
            0.7694830902709863,
            0.7021724316762363,
            0.7021724316762363,
            0.7021724316762363,
            0.7021724316762363,
            0.7021724316762363,
            0.7021724316762363
        ],
        "test_precision_macro": [
            0.7206760489965156,
            0.6869901894289295,
            0.6235412755807562,
            0.5903549683132971,
            0.5886178221584253,
            0.5715320330873546,
            0.5596076623190069,
            0.6577011594324018
        ],
        "test_recall_macro": [
            0.7052520446249834,
            0.6363037273548354,
            0.46741910671888265,
            0.46713493837654296,
            0.47272948537927284,
            0.468312725870195,
            0.48823752755512506,
            0.4688894576508982
        ],
        "classification_reports": [
            {
                "0": {
                    "precision": 0.6772873194221509,
                    "recall": 0.5785288270377733,
                    "f1-score": 0.6240248456390727,
                    "support": 14587.0
                },
                "1": {
                    "precision": 0.7640647785708804,
                    "recall": 0.8319752622121934,
                    "f1-score": 0.796575246554242,
                    "support": 23931.0
                },
                "accuracy": 0.7359935614517887,
                "macro avg": {
                    "precision": 0.7206760489965156,
                    "recall": 0.7052520446249834,
                    "f1-score": 0.7103000460966573,
                    "support": 38518.0
                },
                "weighted avg": {
                    "precision": 0.7312016289628395,
                    "recall": 0.7359935614517887,
                    "f1-score": 0.7312293641577111,
                    "support": 38518.0
                }
            },
            {
                "0": {
                    "precision": 0.6045215430861723,
                    "recall": 0.6579198473282443,
                    "f1-score": 0.6300913838120105,
                    "support": 14672.0
                },
                "1": {
                    "precision": 0.6668642560758743,
                    "recall": 0.48303993130098755,
                    "f1-score": 0.5602589641434262,
                    "support": 2329.0
                },
                "2": {
                    "precision": 0.7895847691247415,
                    "recall": 0.7679514034352743,
                    "f1-score": 0.7786178481926688,
                    "support": 23870.0
                },
                "accuracy": 0.7122164860169803,
                "macro avg": {
                    "precision": 0.6869901894289295,
                    "recall": 0.6363037273548354,
                    "f1-score": 0.6563227320493685,
                    "support": 40871.0
                },
                "weighted avg": {
                    "precision": 0.7161570642159137,
                    "recall": 0.7122164860169803,
                    "f1-score": 0.7128563516219045,
                    "support": 40871.0
                }
            },
            {
                "0": {
                    "precision": 0.5913288125811571,
                    "recall": 0.5622085048010974,
                    "f1-score": 0.5764010969692708,
                    "support": 14580.0
                },
                "1": {
                    "precision": 0.43478260869565216,
                    "recall": 0.06609385327164574,
                    "f1-score": 0.11474469305794607,
                    "support": 1513.0
                },
                "2": {
                    "precision": 0.730799069045772,
                    "recall": 0.41225382932166305,
                    "f1-score": 0.5271404588696139,
                    "support": 2285.0
                },
                "3": {
                    "precision": 0.7372546120004436,
                    "recall": 0.8291202394811242,
                    "f1-score": 0.7804935324161953,
                    "support": 24052.0
                },
                "accuracy": 0.687744520386519,
                "macro avg": {
                    "precision": 0.6235412755807562,
                    "recall": 0.46741910671888265,
                    "f1-score": 0.49969494532825653,
                    "support": 42430.0
                },
                "weighted avg": {
                    "precision": 0.6759774681827493,
                    "recall": 0.687744520386519,
                    "f1-score": 0.6729786260806042,
                    "support": 42430.0
                }
            },
            {
                "0": {
                    "precision": 0.599292087604159,
                    "recall": 0.5574074074074075,
                    "f1-score": 0.5775914146618812,
                    "support": 14580.0
                },
                "1": {
                    "precision": 0.2928759894459103,
                    "recall": 0.07336417713152676,
                    "f1-score": 0.11733615221987315,
                    "support": 1513.0
                },
                "2": {
                    "precision": 0.7294493216280926,
                    "recall": 0.4,
                    "f1-score": 0.5166760881854154,
                    "support": 2285.0
                },
                "3": {
                    "precision": 0.7398024745750266,
                    "recall": 0.8377681689672376,
                    "f1-score": 0.7857435317514477,