{
    "AdvancedTabularClassifier": {
        "filter_sizes": [
            12000,
            8000,
            6000,
            4500,
            3500,
            1500,
            1000,
            300
        ],
        "training_time_seconds": [
            39.073009729385376,
            42.878400564193726,
            43.00211310386658,
            47.53049659729004,
            42.152032136917114,
            43.79848885536194,
            43.11667013168335,
            42.816558599472046
        ],
        "num_classes": [
            2,
            3,
            4,
            4,
            4,
            4,
            4,
            4
        ],
        "test_f1_macro": [
            0.7181075000677635,
            0.6445507127377342,
            0.5032862614744431,
            0.5027006850306566,
            0.49071311141312635,
            0.5102579046226823,
            0.5077630693430744,
            0.49457064899773207
        ],
        "test_f1_micro": [
            0.7308271457500389,
            0.7059284088962834,
            0.6707518265378271,
            0.6734386047607824,
            0.6621965590384162,
            0.6703275983973603,
            0.6720009427292011,
            0.6703040301673344
        ],
        "test_f1_weighted": [
            0.7326335779527772,
            0.7009992776041529,
            0.6613802579647874,
            0.658255619026688,
            0.6530884957169713,
            0.6690340717391594,
            0.6663586325027155,
            0.6572481388389244
        ],
        "cv_class_weights": [
            0.004349619150161743,
            0.3201294243335724,
            0.40052589774131775,
            0.40052589774131775,
            0.40052589774131775,
            0.40052589774131775,
            0.40052589774131775,
            0.40052589774131775
        ],
        "imbalance_ratio": [
            1.6254845993268863,
            10.114982116836668,
            15.160732046946489,
            15.160732046946489,
            15.160732046946489,
            15.160732046946489,
            15.160732046946489,
            15.160732046946489
        ],
        "total_training_samples": [
            123256,
            130785,
            135776,
            135776,
            135776,
            135776,
            135776,
            135776
        ],
        "entropy": [
            0.6644942900012158,
            0.8465637482123152,
            0.9745313681488466,
            0.9745313681488466,
            0.9745313681488466,
            0.9745313681488466,
            0.9745313681488466,
            0.9745313681488466
        ],
        "test_precision_macro": [
            0.7158920898352981,
            0.6389134309887371,
            0.5111883433860538,
            0.5200207516935635,
            0.4875141782088922,
            0.5112823136294079,
            0.5191244877097343,
            0.517880595115081
        ],
        "test_recall_macro": [
            0.7217720651633392,
            0.6561181587017053,
            0.5003650206081678,
            0.4967585973871519,
            0.505320529734146,
            0.5094491916830177,
            0.5000854195457823,
            0.4839471872052024
        ],
        "classification_reports": [
            {
                "0": {
                    "precision": 0.6339450123817385,
                    "recall": 0.6844450538150408,
                    "f1-score": 0.6582278481012658,
                    "support": 14587.0
                },
                "1": {
                    "precision": 0.7978391672888576,
                    "recall": 0.7590990765116377,
                    "f1-score": 0.7779871520342613,
                    "support": 23931.0
                },
                "accuracy": 0.7308271457500389,
                "macro avg": {
                    "precision": 0.7158920898352981,
                    "recall": 0.7217720651633392,
                    "f1-score": 0.7181075000677635,
                    "support": 38518.0
                },
                "weighted avg": {
                    "precision": 0.7357714577081382,
                    "recall": 0.7308271457500389,
                    "f1-score": 0.7326335779527772,
                    "support": 38518.0
                }
            },
            {
                "0": {
                    "precision": 0.6302133850630456,
                    "recall": 0.5314203925845147,
                    "f1-score": 0.5766158852240792,
                    "support": 14672.0
                },
                "1": {
                    "precision": 0.5251191785845252,
                    "recall": 0.6148561614426793,
                    "f1-score": 0.5664556962025317,
                    "support": 2329.0
                },
                "2": {
                    "precision": 0.7614077293186404,
                    "recall": 0.8220779220779221,
                    "f1-score": 0.790580556786592,
                    "support": 23870.0
                },
                "accuracy": 0.7059284088962834,
                "macro avg": {
                    "precision": 0.6389134309887371,
                    "recall": 0.6561181587017053,
                    "f1-score": 0.6445507127377342,
                    "support": 40871.0
                },
                "weighted avg": {
                    "precision": 0.7008464645201808,
                    "recall": 0.7059284088962834,
                    "f1-score": 0.7009992776041529,
                    "support": 40871.0
                }
            },
            {
                "0": {
                    "precision": 0.6039285411904157,
                    "recall": 0.4892318244170096,
                    "f1-score": 0.5405630707438142,
                    "support": 14580.0
                },
                "1": {
                    "precision": 0.1831761006289308,
                    "recall": 0.15399867812293458,
                    "f1-score": 0.1673249551166966,
                    "support": 1513.0
                },
                "2": {
                    "precision": 0.5219072164948454,
                    "recall": 0.5317286652078774,
                    "f1-score": 0.526772165618903,
                    "support": 2285.0
                },
                "3": {
                    "precision": 0.7357415152300233,
                    "recall": 0.8265009146848495,
                    "f1-score": 0.7784848544183588,
                    "support": 24052.0
                },
                "accuracy": 0.6707518265378271,
                "macro avg": {
                    "precision": 0.5111883433860538,
                    "recall": 0.5003650206081678,
                    "f1-score": 0.5032862614744431,
                    "support": 42430.0
                },
                "weighted avg": {
                    "precision": 0.6592278219375696,
                    "recall": 0.6707518265378271,
                    "f1-score": 0.6613802579647874,
                    "support": 42430.0
                }
            },
            {
                "0": {
                    "precision": 0.6255076387545929,
                    "recall": 0.4436899862825789,
                    "f1-score": 0.5191397159136506,
                    "support": 14580.0
                },
                "1": {
                    "precision": 0.19296875,
                    "recall": 0.16325181758096496,
                    "f1-score": 0.17687074829931973,
                    "support": 1513.0
                },
                "2": {
                    "precision": 0.5389492753623188,
                    "recall": 0.5207877461706784,
                    "f1-score": 0.5297128867126641,
                    "support": 2285.0
                },
                "3": {
                    "precision": 0.7226573426573426,
                    "recall": 0.8593048395143855,
                    "f1-score": 0.7850793891969916,