{
    "AdvancedTabularClassifier": {
        "filter_sizes": [
            12000,
            8000,
            6000,
            4500,
            3500,
            1500,
            1000,
            300
        ],
        "training_time_seconds": [
            42.44212555885315,
            45.792407512664795,
            53.521992206573486,
            45.97727632522583,
            48.964040756225586,
            58.60029649734497,
            44.70881652832031,
            57.26062560081482
        ],
        "num_classes": [
            2,
            2,
            2,
            2,
            4,
            5,
            5,
            5
        ],
        "test_f1_macro": [
            0.8864623430707785,
            0.8953878080231101,
            0.8934312636846591,
            0.8960095796976322,
            0.682084850221341,
            0.572399050128611,
            0.5695438653614324,
            0.5514221817363679
        ],
        "test_f1_micro": [
            0.9578646141701204,
            0.9626504835208209,
            0.9613923426090388,
            0.9617377146240379,
            0.9252256532066508,
            0.9183360829601697,
            0.9191138345510252,
            0.9063869903370257
        ],
        "test_f1_weighted": [
            0.9588241668707648,
            0.9628036166117276,
            0.9618269273712442,
            0.9624535918499405,
            0.928563281257372,
            0.9224560640310177,
            0.9233970720044393,
            0.9145593411108907
        ],
        "cv_class_weights": [
            0.807545831598748,
            0.807545831598748,
            0.807545831598748,
            0.807545831598748,
            1.4370262327110204,
            1.665491954571874,
            1.665491954571874,
            1.665491954571874
        ],
        "imbalance_ratio": [
            9.474321705426357,
            9.474321705426357,
            9.474321705426357,
            9.474321705426357,
            47.042502004811546,
            110.57964184731385,
            110.57964184731385,
            110.57964184731385
        ],
        "total_training_samples": [
            129714,
            129714,
            129714,
            129714,
            134718,
            135776,
            135776,
            135776
        ],
        "entropy": [
            0.3150175183558238,
            0.3150175183558238,
            0.3150175183558238,
            0.3150175183558238,
            0.4878513770286893,
            0.5297442692876037,
            0.5297442692876037,
            0.5297442692876037
        ],
        "test_precision_macro": [
            0.8698818603067668,
            0.8921802562068544,
            0.8848312939378067,
            0.8818988380449109,
            0.650519616462491,
            0.5467786952118191,
            0.545309690733364,
            0.5228826435551438
        ],
        "test_recall_macro": [
            0.9051944227010169,
            0.8986652530209565,
            0.9025589923320867,
            0.9115970870760526,
            0.732458360154272,
            0.6199310406486747,
            0.6114097571733431,
            0.617227814661781
        ],
        "classification_reports": [
            {
                "0": {
                    "precision": 0.757424620267513,
                    "recall": 0.8396582055792913,
                    "f1-score": 0.7964243146603099,
                    "support": 3979.0
                },
                "1": {
                    "precision": 0.9823391003460208,
                    "recall": 0.9707306398227425,
                    "f1-score": 0.9765003714812471,
                    "support": 36557.0
                },
                "accuracy": 0.9578646141701204,
                "macro avg": {
                    "precision": 0.8698818603067668,
                    "recall": 0.9051944227010169,
                    "f1-score": 0.8864623430707785,
                    "support": 40536.0
                },
                "weighted avg": {
                    "precision": 0.9602615713290388,
                    "recall": 0.9578646141701204,
                    "f1-score": 0.9588241668707648,
                    "support": 40536.0
                }
            },
            {
                "0": {
                    "precision": 0.8040957315568714,
                    "recall": 0.8190500125659713,
                    "f1-score": 0.811503984063745,
                    "support": 3979.0
                },
                "1": {
                    "precision": 0.9802647808568374,
                    "recall": 0.9782804934759417,
                    "f1-score": 0.9792716319824754,
                    "support": 36557.0
                },
                "accuracy": 0.9626504835208209,
                "macro avg": {
                    "precision": 0.8921802562068544,
                    "recall": 0.8986652530209565,
                    "f1-score": 0.8953878080231101,
                    "support": 40536.0
                },
                "weighted avg": {
                    "precision": 0.9629720867783748,
                    "recall": 0.9626504835208209,
                    "f1-score": 0.9628036166117276,
                    "support": 40536.0
                }
            },
            {
                "0": {
                    "precision": 0.7883420926899187,
                    "recall": 0.8293541090726313,
                    "f1-score": 0.8083282302510717,
                    "support": 3979.0
                },
                "1": {
                    "precision": 0.9813204951856946,
                    "recall": 0.975763875591542,
                    "f1-score": 0.9785342971182466,
                    "support": 36557.0
                },
                "accuracy": 0.9613923426090388,
                "macro avg": {
                    "precision": 0.8848312939378067,
                    "recall": 0.9025589923320867,
                    "f1-score": 0.8934312636846591,
                    "support": 40536.0
                },
                "weighted avg": {
                    "precision": 0.962377800703489,
                    "recall": 0.9613923426090388,
                    "f1-score": 0.9618269273712442,
                    "support": 40536.0
                }
            },
            {
                "0": {
                    "precision": 0.7803695150115474,
                    "recall": 0.8492083438049761,
                    "f1-score": 0.8133349380190156,
                    "support": 3979.0
                },
                "1": {
                    "precision": 0.9834281610782744,
                    "recall": 0.9739858303471292,
                    "f1-score": 0.9786842213762489,
                    "support": 36557.0
                },
                "accuracy": 0.9617377146240379,
                "macro avg": {
                    "precision": 0.8818988380449109,
                    "recall": 0.9115970870760526,
                    "f1-score": 0.8960095796976322,
                    "support": 40536.0
                },
                "weighted avg": {
                    "precision": 0.9634959933088965,
                    "recall": 0.9617377146240379,
                    "f1-score": 0.9624535918499405,
                    "support": 40536.0
                }
            },
            {
                "0": {
                    "precision": 0.7013963480128894,
                    "recall": 0.6589303733602422,
                    "f1-score": 0.6795005202913632,
                    "support": 3964.0
                },
                "1": {
                    "precision": 0.9791245044495578,
                    "recall": 0.9659227655617547,
                    "f1-score": 0.9724788325187582,
                    "support": 36564.0
                },
                "2": {
                    "precision": 0.3458929917106255,