{
    "AdvancedTabularClassifier": {
        "filter_sizes": [
            12000,
            8000,
            6000,
            4500,
            3500,
            1500,
            1000,
            300
        ],
        "training_time_seconds": [
            46.28616738319397,
            44.82732605934143,
            44.9488410949707,
            48.213449239730835,
            48.191243410110474,
            47.96716642379761,
            48.59466338157654,
            50.000789165496826
        ],
        "num_classes": [
            2,
            3,
            4,
            4,
            4,
            4,
            4,
            4
        ],
        "test_f1_macro": [
            0.7214761322915688,
            0.6421953225432194,
            0.4967308116783353,
            0.5090129531530316,
            0.5015211539712455,
            0.50870118217696,
            0.50446487207333,
            0.5000573582537937
        ],
        "test_f1_micro": [
            0.7394984163248352,
            0.7128281666707446,
            0.6681121847749234,
            0.6760546782936602,
            0.669196323356116,
            0.6774216356351638,
            0.6766674522743342,
            0.6810275748291303
        ],
        "test_f1_weighted": [
            0.7386633360073108,
            0.7046047088189521,
            0.6611867946140436,
            0.6701456237070433,
            0.6587640366308811,
            0.67120581938864,
            0.6711185505603228,
            0.6665498100295225
        ],
        "cv_class_weights": [
            0.23920945024988644,
            0.6466826986491306,
            0.8706979480025913,
            0.8706979480025913,
            0.8706979480025913,
            0.8706979480025913,
            0.8706979480025913,
            0.8706979480025913
        ],
        "imbalance_ratio": [
            1.6254845993268863,
            10.114982116836668,
            15.160732046946489,
            15.160732046946489,
            15.160732046946489,
            15.160732046946489,
            15.160732046946489,
            15.160732046946489
        ],
        "total_training_samples": [
            123256,
            130785,
            135776,
            135776,
            135776,
            135776,
            135776,
            135776
        ],
        "entropy": [
            0.9583207142267878,
            0.7701145744156577,
            0.7019776201046576,
            0.7019776201046576,
            0.7019776201046576,
            0.7019776201046576,
            0.7019776201046576,
            0.7019776201046576
        ],
        "test_precision_macro": [
            0.7230133381953141,
            0.688166004216825,
            0.49519449360772766,
            0.5226955898258845,
            0.503397341582395,
            0.533742568182452,
            0.5343436220375942,
            0.5337471358240895
        ],
        "test_recall_macro": [
            0.7201715134159632,
            0.6146644703768983,
            0.5064066096150268,
            0.5003594605341325,
            0.5082131133376064,
            0.49253262674590004,
            0.5039120343596905,
            0.4818455617707076
        ],
        "classification_reports": [
            {
                "0": {
                    "precision": 0.6610769121913252,
                    "recall": 0.6405018166860904,
                    "f1-score": 0.6506267409470752,
                    "support": 14587.0
                },
                "1": {
                    "precision": 0.7849497641993028,
                    "recall": 0.799841210145836,
                    "f1-score": 0.7923255236360626,
                    "support": 23931.0
                },
                "accuracy": 0.7394984163248352,
                "macro avg": {
                    "precision": 0.7230133381953141,
                    "recall": 0.7201715134159632,
                    "f1-score": 0.7214761322915688,
                    "support": 38518.0
                },
                "weighted avg": {
                    "precision": 0.7380383645357593,
                    "recall": 0.7394984163248352,
                    "f1-score": 0.7386633360073108,
                    "support": 38518.0
                }
            },
            {
                "0": {
                    "precision": 0.6377691435972155,
                    "recall": 0.5370092693565977,
                    "f1-score": 0.5830681565899504,
                    "support": 14672.0
                },
                "1": {
                    "precision": 0.6773787019533711,
                    "recall": 0.46157148990983254,
                    "f1-score": 0.54902962206333,
                    "support": 2329.0
                },
                "2": {
                    "precision": 0.7493501670998886,
                    "recall": 0.8454126518642647,
                    "f1-score": 0.794488188976378,
                    "support": 23870.0
                },
                "accuracy": 0.7128281666707446,
                "macro avg": {
                    "precision": 0.688166004216825,
                    "recall": 0.6146644703768983,
                    "f1-score": 0.6421953225432194,
                    "support": 40871.0
                },
                "weighted avg": {
                    "precision": 0.7051932265024611,
                    "recall": 0.7128281666707446,
                    "f1-score": 0.7046047088189521,
                    "support": 40871.0
                }
            },
            {
                "0": {
                    "precision": 0.5922699192143197,
                    "recall": 0.5128943758573388,
                    "f1-score": 0.5497316768359921,
                    "support": 14580.0
                },
                "1": {
                    "precision": 0.1758454106280193,
                    "recall": 0.12029081295439524,
                    "f1-score": 0.14285714285714285,
                    "support": 1513.0
                },
                "2": {
                    "precision": 0.4652128764278297,
                    "recall": 0.5881838074398249,
                    "f1-score": 0.5195206803247004,
                    "support": 2285.0
                },
                "3": {
                    "precision": 0.7474497681607419,
                    "recall": 0.8042574422085481,
                    "f1-score": 0.7748137466955058,
                    "support": 24052.0
                },
                "accuracy": 0.6681121847749234,
                "macro avg": {
                    "precision": 0.49519449360772766,
                    "recall": 0.5064066096150268,
                    "f1-score": 0.4967308116783353,
                    "support": 42430.0
                },
                "weighted avg": {
                    "precision": 0.6585440201476486,
                    "recall": 0.6681121847749234,
                    "f1-score": 0.6611867946140436,
                    "support": 42430.0
                }
            },
            {
                "0": {
                    "precision": 0.588134135855546,
                    "recall": 0.562962962962963,
                    "f1-score": 0.575273338940286,
                    "support": 14580.0
                },
                "1": {
                    "precision": 0.20507399577167018,
                    "recall": 0.12822207534699273,
                    "f1-score": 0.15778771858479057,
                    "support": 1513.0
                },
                "2": {
                    "precision": 0.5443213296398892,
                    "recall": 0.5159737417943108,
                    "f1-score": 0.5297685913277915,
                    "support": 2285.0
                },
                "3": {
                    "precision": 0.7532528980364325,
                    "recall": 0.7942790620322634,
                    "f1-score": 0.7732221637592586,