{
    "TabNet": {
        "filter_sizes": [
            12000,
            8000,
            6000,
            4500,
            3500,
            1500,
            1000,
            300
        ],
        "training_time_seconds": [
            757.9038560390472,
            805.949116230011,
            742.4213829040527,
            1075.1608264446259,
            1120.2072899341583,
            1119.728613615036,
            1080.9103465080261,
            609.0500159263611
        ],
        "num_classes": [
            2,
            2,
            2,
            3,
            3,
            3,
            3,
            4
        ],
        "test_f1_macro": [
            0.999782994121931,
            0.999782994121931,
            0.999782994121931,
            0.8717907942606385,
            0.8717907942606385,
            0.8717907942606385,
            0.8717907942606385,
            0.763641024143864
        ],
        "test_f1_micro": [
            0.9998308851952068,
            0.9998308851952068,
            0.9998308851952068,
            0.9820103068412841,
            0.9820103068412841,
            0.9820103068412841,
            0.9820103068412841,
            0.9768559981145416
        ],
        "test_f1_weighted": [
            0.9998308925839041,
            0.9998308925839041,
            0.9998308925839041,
            0.9828676988900938,
            0.9828676988900938,
            0.9828676988900938,
            0.9828676988900938,
            0.978075583820105
        ],
        "cv_class_weights": [
            0.4688420130762378,
            0.4688420130762378,
            0.4688420130762378,
            0.8670174433718976,
            0.8670174433718976,
            0.8670174433718976,
            0.8670174433718976,
            1.1512368231011856
        ],
        "total_training_samples": [
            132454,
            132454,
            132454,
            135364,
            135364,
            135364,
            135364,
            135776
        ],
        "imbalance_ratio": [
            2.765358046450806,
            2.765358046450806,
            2.765358046450806,
            33.424690508940856,
            33.424690508940856,
            33.424690508940856,
            33.424690508940856,
            249.5897435897436
        ],
        "entropy": [
            0.5788118527887445,
            0.5788118527887445,
            0.5788118527887445,
            0.6707287853304644,
            0.6707287853304644,
            0.6707287853304644,
            0.6707287853304644,
            0.6879201357878909
        ],
        "test_precision_macro": [
            0.9997393332151583,
            0.9997393332151583,
            0.9997393332151583,
            0.853889710905662,
            0.853889710905662,
            0.853889710905662,
            0.853889710905662,
            0.7353785361139826
        ],
        "test_recall_macro": [
            0.9998266761391078,
            0.9998266761391078,
            0.9998266761391078,
            0.8938960620371178,
            0.8938960620371178,
            0.8938960620371178,
            0.8938960620371178,
            0.8011260349281903
        ],
        "classification_reports": [
            {
                "0": {
                    "precision": 0.9999342472959201,
                    "recall": 0.9998356344510191,
                    "f1-score": 0.9998849384420665,
                    "support": 30420.0
                },
                "1": {
                    "precision": 0.9995444191343964,
                    "recall": 0.9998177178271965,
                    "f1-score": 0.9996810498017953,
                    "support": 10972.0
                },
                "accuracy": 0.9998308851952068,
                "macro avg": {
                    "precision": 0.9997393332151583,
                    "recall": 0.9998266761391078,
                    "f1-score": 0.999782994121931,
                    "support": 41392.0
                },
                "weighted avg": {
                    "precision": 0.999830913449084,
                    "recall": 0.9998308851952068,
                    "f1-score": 0.9998308925839041,
                    "support": 41392.0
                }
            },
            {
                "0": {
                    "precision": 0.9999342472959201,
                    "recall": 0.9998356344510191,
                    "f1-score": 0.9998849384420665,
                    "support": 30420.0
                },
                "1": {
                    "precision": 0.9995444191343964,
                    "recall": 0.9998177178271965,
                    "f1-score": 0.9996810498017953,
                    "support": 10972.0
                },
                "accuracy": 0.9998308851952068,
                "macro avg": {
                    "precision": 0.9997393332151583,
                    "recall": 0.9998266761391078,
                    "f1-score": 0.999782994121931,
                    "support": 41392.0
                },
                "weighted avg": {
                    "precision": 0.999830913449084,
                    "recall": 0.9998308851952068,
                    "f1-score": 0.9998308925839041,
                    "support": 41392.0
                }
            },
            {
                "0": {
                    "precision": 0.9999342472959201,
                    "recall": 0.9998356344510191,
                    "f1-score": 0.9998849384420665,
                    "support": 30420.0
                },
                "1": {
                    "precision": 0.9995444191343964,
                    "recall": 0.9998177178271965,
                    "f1-score": 0.9996810498017953,
                    "support": 10972.0
                },
                "accuracy": 0.9998308851952068,
                "macro avg": {
                    "precision": 0.9997393332151583,
                    "recall": 0.9998266761391078,
                    "f1-score": 0.999782994121931,
                    "support": 41392.0
                },
                "weighted avg": {
                    "precision": 0.999830913449084,
                    "recall": 0.9998308851952068,
                    "f1-score": 0.9998308925839041,
                    "support": 41392.0
                }
            },
            {
                "0": {
                    "precision": 0.5713004484304933,
                    "recall": 0.6976998904709748,
                    "f1-score": 0.6282051282051282,
                    "support": 913.0
                },
                "1": {
                    "precision": 0.9908284121276104,
                    "recall": 0.9841722375147464,
                    "f1-score": 0.9874891084551268,
                    "support": 30516.0
                },
                "2": {
                    "precision": 0.999540272158882,
                    "recall": 0.9998160581256323,
                    "f1-score": 0.9996781461216607,
                    "support": 10873.0
                },
                "accuracy": 0.9820103068412841,
                "macro avg": {
                    "precision": 0.853889710905662,
                    "recall": 0.8938960620371178,
                    "f1-score": 0.8717907942606385,
                    "support": 42302.0
                },
                "weighted avg": {
                    "precision": 0.9840130138784625,
                    "recall": 0.9820103068412841,
                    "f1-score": 0.9828676988900938,
                    "support": 42302.0
                }
            },
            {
                "0": {
                    "precision": 0.5713004484304933,
                    "recall": 0.6976998904709748,
                    "f1-score": 0.6282051282051282,
                    "support": 913.0
                },
                "1": {
                    "precision": 0.9908284121276104,
                    "recall": 0.9841722375147464,