{
    "AdvancedTabularClassifier": {
        "filter_sizes": [
            12000,
            8000,
            6000,
            4500,
            3500,
            1500,
            1000,
            300
        ],
        "training_time_seconds": [
            241.37824535369873,
            112.54876041412354,
            288.34973526000977,
            52.64355993270874,
            42.1351535320282,
            45.80984878540039,
            50.27732062339783,
            62.15894532203674
        ],
        "num_classes": [
            2,
            2,
            2,
            3,
            3,
            3,
            3,
            4
        ],
        "test_f1_macro": [
            0.9998441381971388,
            0.999781806379861,
            0.9997818192808872,
            0.8717508215153523,
            0.8749567653818996,
            0.8754580120567615,
            0.8688555937456933,
            0.7629865339128225
        ],
        "test_f1_micro": [
            0.999879203710862,
            0.9998308851952068,
            0.9998308851952068,
            0.9815138764124628,
            0.981844830031677,
            0.9823885395489576,
            0.980639213275968,
            0.9753711996229083
        ],
        "test_f1_weighted": [
            0.9998791947806135,
            0.9998308776950058,
            0.9998308826955423,
            0.9825969733820386,
            0.9828998081809487,
            0.9831974501189339,
            0.9818548885246621,
            0.977266458083624
        ],
        "cv_class_weights": [
            0.014914870262145996,
            0.014914870262145996,
            0.014914870262145996,
            0.6945561170578003,
            0.6945561170578003,
            0.6945561170578003,
            0.6945561170578003,
            1.2879289388656616
        ],
        "imbalance_ratio": [
            2.7576668841669267,
            2.7576668841669267,
            2.7576668841669267,
            33.36020583190395,
            33.36020583190395,
            33.36020583190395,
            33.36020583190395,
            235.11352657004832
        ],
        "total_training_samples": [
            132454,
            132454,
            132454,
            135364,
            135364,
            135364,
            135364,
            135776
        ],
        "entropy": [
            0.5793640140080556,
            0.5793640140080556,
            0.5793640140080556,
            0.6705127663073001,
            0.6705127663073001,
            0.6705127663073001,
            0.6705127663073001,
            0.6877410771768522
        ],
        "test_precision_macro": [
            0.9999180730788138,
            0.9998261474955905,
            0.9997965948939738,
            0.84995586888709,
            0.8528349232106449,
            0.8577219689270198,
            0.846024656176445,
            0.7204588643613723
        ],
        "test_recall_macro": [
            0.9997702628193347,
            0.9997374866803639,
            0.9997670460470115,
            0.9001084940082533,
            0.9037419426414237,
            0.8973191250268627,
            0.8993325396780821,
            0.8464201486915524
        ],
        "classification_reports": [
            {
                "0": {
                    "precision": 0.9998361461576274,
                    "recall": 1.0,
                    "f1-score": 0.9999180663662434,
                    "support": 30510.0
                },
                "1": {
                    "precision": 1.0,
                    "recall": 0.9995405256386694,
                    "f1-score": 0.9997702100280343,
                    "support": 10882.0
                },
                "accuracy": 0.999879203710862,
                "macro avg": {
                    "precision": 0.9999180730788138,
                    "recall": 0.9997702628193347,
                    "f1-score": 0.9998441381971388,
                    "support": 41392.0
                },
                "weighted avg": {
                    "precision": 0.9998792235037981,
                    "recall": 0.999879203710862,
                    "f1-score": 0.9998791947806135,
                    "support": 41392.0
                }
            },
            {
                "0": {
                    "precision": 0.9998361354176908,
                    "recall": 0.9999344477220583,
                    "f1-score": 0.9998852891532701,
                    "support": 30510.0
                },
                "1": {
                    "precision": 0.9998161595734902,
                    "recall": 0.9995405256386694,
                    "f1-score": 0.9996783236064519,
                    "support": 10882.0
                },
                "accuracy": 0.9998308851952068,
                "macro avg": {
                    "precision": 0.9998261474955905,
                    "recall": 0.9997374866803639,
                    "f1-score": 0.999781806379861,
                    "support": 41392.0
                },
                "weighted avg": {
                    "precision": 0.999830883747402,
                    "recall": 0.9998308851952068,
                    "f1-score": 0.9998308776950058,
                    "support": 41392.0
                }
            },
            {
                "0": {
                    "precision": 0.999868899741077,
                    "recall": 0.9999016715830875,
                    "f1-score": 0.999885285393553,
                    "support": 30510.0
                },
                "1": {
                    "precision": 0.9997242900468707,
                    "recall": 0.9996324205109355,
                    "f1-score": 0.9996783531682213,
                    "support": 10882.0
                },
                "accuracy": 0.9998308851952068,
                "macro avg": {
                    "precision": 0.9997965948939738,
                    "recall": 0.9997670460470115,
                    "f1-score": 0.9997818192808872,
                    "support": 41392.0
                },
                "weighted avg": {
                    "precision": 0.9998308817015438,
                    "recall": 0.9998308851952068,
                    "f1-score": 0.9998308826955423,
                    "support": 41392.0
                }
            },
            {
                "0": {
                    "precision": 0.5594827586206896,
                    "recall": 0.7179203539823009,
                    "f1-score": 0.6288759689922481,
                    "support": 904.0
                },
                "1": {
                    "precision": 0.9913898731662085,
                    "recall": 0.9828622082143209,
                    "f1-score": 0.9871076233183856,
                    "support": 30459.0
                },
                "2": {
                    "precision": 0.9989949748743718,
                    "recall": 0.9995429198281378,
                    "f1-score": 0.9992688722354232,
                    "support": 10939.0
                },
                "accuracy": 0.9815138764124628,
                "macro avg": {
                    "precision": 0.84995586888709,
                    "recall": 0.9001084940082533,
                    "f1-score": 0.8717508215153523,
                    "support": 42302.0
                },
                "weighted avg": {
                    "precision": 0.9841265800840008,
                    "recall": 0.9815138764124628,
                    "f1-score": 0.9825969733820386,
                    "support": 42302.0
                }
            },
            {
                "0": {
                    "precision": 0.5681034482758621,
                    "recall": 0.7289823008849557,
                    "f1-score": 0.6385658914728682,
                    "support": 904.0
                },
                "1": {
                    "precision": 0.9915894039735099,
                    "recall": 0.9831576873830395,