{
    "TabNet": {
        "filter_sizes": [
            12000,
            8000,
            6000,
            4500,
            3500,
            1500,
            1000,
            300
        ],
        "training_time_seconds": [
            902.2323143482208,
            919.7469582557678,
            798.9132626056671,
            888.5626962184906,
            813.1102268695831,
            588.9618334770203,
            553.9226667881012,
            590.1809251308441
        ],
        "num_classes": [
            2,
            2,
            2,
            2,
            4,
            5,
            5,
            5
        ],
        "test_f1_macro": [
            0.8467888776320569,
            0.8467888776320569,
            0.8467888776320569,
            0.8467888776320569,
            0.5727644829612386,
            0.46793748440108623,
            0.46793748440108623,
            0.46793748440108623
        ],
        "test_f1_micro": [
            0.9527827116637063,
            0.9527827116637063,
            0.9527827116637063,
            0.9527827116637063,
            0.9318527315914489,
            0.9274098515201509,
            0.9274098515201509,
            0.9274098515201509
        ],
        "test_f1_weighted": [
            0.9492051525485082,
            0.9492051525485082,
            0.9492051525485082,
            0.9492051525485082,
            0.9234944111074674,
            0.9211592344857755,
            0.9211592344857755,
            0.9211592344857755
        ],
        "cv_class_weights": [
            0.8090568481428373,
            0.8090568481428373,
            0.8090568481428373,
            0.8090568481428373,
            1.4376786915038213,
            1.6655763850201348,
            1.6655763850201348,
            1.6655763850201348
        ],
        "total_training_samples": [
            129714,
            129714,
            129714,
            129714,
            134718,
            135776,
            135776,
            135776
        ],
        "imbalance_ratio": [
            9.474321705426357,
            9.474321705426357,
            9.474321705426357,
            9.474321705426357,
            47.700569568755085,
            111.66285714285715,
            111.66285714285715,
            111.66285714285715
        ],
        "entropy": [
            0.3150175183558238,
            0.3150175183558238,
            0.3150175183558238,
            0.3150175183558238,
            0.4889941954989925,
            0.5311683091307712,
            0.5311683091307712,
            0.5311683091307712
        ],
        "test_precision_macro": [
            0.911472773818313,
            0.911472773818313,
            0.911472773818313,
            0.911472773818313,
            0.5587086899851733,
            0.4910272086635696,
            0.4910272086635696,
            0.4910272086635696
        ],
        "test_recall_macro": [
            0.8029364960143113,
            0.8029364960143113,
            0.8029364960143113,
            0.8029364960143113,
            0.58903551890826,
            0.5012850462843013,
            0.5012850462843013,
            0.5012850462843013
        ],
        "classification_reports": [
            {
                "0": {
                    "precision": 0.8634283702921507,
                    "recall": 0.6164865544106559,
                    "f1-score": 0.7193548387096774,
                    "support": 3979.0
                },
                "1": {
                    "precision": 0.9595171773444754,
                    "recall": 0.9893864376179665,
                    "f1-score": 0.9742229165544363,
                    "support": 36557.0
                },
                "accuracy": 0.9527827116637063,
                "macro avg": {
                    "precision": 0.911472773818313,
                    "recall": 0.8029364960143113,
                    "f1-score": 0.8467888776320569,
                    "support": 40536.0
                },
                "weighted avg": {
                    "precision": 0.9500851326616947,
                    "recall": 0.9527827116637063,
                    "f1-score": 0.9492051525485082,
                    "support": 40536.0
                }
            },
            {
                "0": {
                    "precision": 0.8634283702921507,
                    "recall": 0.6164865544106559,
                    "f1-score": 0.7193548387096774,
                    "support": 3979.0
                },
                "1": {
                    "precision": 0.9595171773444754,
                    "recall": 0.9893864376179665,
                    "f1-score": 0.9742229165544363,
                    "support": 36557.0
                },
                "accuracy": 0.9527827116637063,
                "macro avg": {
                    "precision": 0.911472773818313,
                    "recall": 0.8029364960143113,
                    "f1-score": 0.8467888776320569,
                    "support": 40536.0
                },
                "weighted avg": {
                    "precision": 0.9500851326616947,
                    "recall": 0.9527827116637063,
                    "f1-score": 0.9492051525485082,
                    "support": 40536.0
                }
            },
            {
                "0": {
                    "precision": 0.8634283702921507,
                    "recall": 0.6164865544106559,
                    "f1-score": 0.7193548387096774,
                    "support": 3979.0
                },
                "1": {
                    "precision": 0.9595171773444754,
                    "recall": 0.9893864376179665,
                    "f1-score": 0.9742229165544363,
                    "support": 36557.0
                },
                "accuracy": 0.9527827116637063,
                "macro avg": {
                    "precision": 0.911472773818313,
                    "recall": 0.8029364960143113,
                    "f1-score": 0.8467888776320569,
                    "support": 40536.0
                },
                "weighted avg": {
                    "precision": 0.9500851326616947,
                    "recall": 0.9527827116637063,
                    "f1-score": 0.9492051525485082,
                    "support": 40536.0
                }
            },
            {
                "0": {
                    "precision": 0.8634283702921507,
                    "recall": 0.6164865544106559,
                    "f1-score": 0.7193548387096774,
                    "support": 3979.0
                },
                "1": {
                    "precision": 0.9595171773444754,
                    "recall": 0.9893864376179665,
                    "f1-score": 0.9742229165544363,
                    "support": 36557.0
                },
                "accuracy": 0.9527827116637063,
                "macro avg": {
                    "precision": 0.911472773818313,
                    "recall": 0.8029364960143113,
                    "f1-score": 0.8467888776320569,
                    "support": 40536.0
                },
                "weighted avg": {
                    "precision": 0.9500851326616947,
                    "recall": 0.9527827116637063,
                    "f1-score": 0.9492051525485082,
                    "support": 40536.0
                }
            },
            {
                "0": {
                    "precision": 0.6944012441679627,
                    "recall": 0.6945812807881774,
                    "f1-score": 0.6944912508101102,
                    "support": 3857.0
                },
                "1": {
                    "precision": 0.9655644058250865,
                    "recall": 0.9821053493003082,
                    "f1-score": 0.9737646390609364,
                    "support": 36659.0
                },
                "2": {
                    "precision": 0.0,
                    "recall": 0.0,