{
    "AdvancedTabularClassifier": {
        "filter_sizes": [
            12000,
            8000,
            6000,
            4500,
            3500,
            1500,
            1000,
            300
        ],
        "training_time_seconds": [
            51.22556662559509,
            51.925318241119385,
            49.53833794593811,
            50.0396203994751,
            49.63177824020386,
            42.372159242630005,
            40.98681354522705,
            43.28094816207886
        ],
        "num_classes": [
            2,
            2,
            2,
            2,
            4,
            5,
            5,
            5
        ],
        "test_f1_macro": [
            0.8750282439283028,
            0.8593269883223915,
            0.8669814749655277,
            0.8685810666007514,
            0.5875635964744716,
            0.48068511009059806,
            0.4347193892162782,
            0.4856308655550484
        ],
        "test_f1_micro": [
            0.9477501480165779,
            0.9395105585158872,
            0.9434823366883758,
            0.9438770475626603,
            0.8730641330166271,
            0.8529342446382276,
            0.8053264199858591,
            0.8577893000235682
        ],
        "test_f1_weighted": [
            0.9516447044220555,
            0.9446825088348638,
            0.94805382372474,
            0.9485273713224888,
            0.89319700101956,
            0.8770521950438438,
            0.8440036284860236,
            0.8803861170149195
        ],
        "cv_class_weights": [
            0.8077925281773748,
            0.8077925281773748,
            0.8077925281773748,
            0.8077925281773748,
            1.4368235608183133,
            1.6648409183442676,
            1.6648409183442676,
            1.6648409183442676
        ],
        "imbalance_ratio": [
            9.474321705426357,
            9.474321705426357,
            9.474321705426357,
            9.474321705426357,
            47.042502004811546,
            110.57964184731385,
            110.57964184731385,
            110.57964184731385
        ],
        "total_training_samples": [
            129714,
            129714,
            129714,
            129714,
            134718,
            135776,
            135776,
            135776
        ],
        "entropy": [
            0.3150175183558238,
            0.3150175183558238,
            0.3150175183558238,
            0.3150175183558238,
            0.4878513770286893,
            0.5297442692876037,
            0.5297442692876037,
            0.5297442692876037
        ],
        "test_precision_macro": [
            0.8292549693165561,
            0.8106718757652639,
            0.8192894502056935,
            0.8197822290723625,
            0.5301349890523854,
            0.435450298013358,
            0.388500390246599,
            0.4403552729241927
        ],
        "test_recall_macro": [
            0.9451635955962501,
            0.9396995275061403,
            0.9432453574636099,
            0.9476075441696281,
            0.7643427635660859,
            0.6030409802566401,
            0.6081425565205956,
            0.6191427015060285
        ],
        "classification_reports": [
            {
                "0": {
                    "precision": 0.6651286601597161,
                    "recall": 0.9419452123649158,
                    "f1-score": 0.779696276263782,
                    "support": 3979.0
                },
                "1": {
                    "precision": 0.9933812784733962,
                    "recall": 0.9483819788275843,
                    "f1-score": 0.9703602115928237,
                    "support": 36557.0
                },
                "accuracy": 0.9477501480165779,
                "macro avg": {
                    "precision": 0.8292549693165561,
                    "recall": 0.9451635955962501,
                    "f1-score": 0.8750282439283028,
                    "support": 40536.0
                },
                "weighted avg": {
                    "precision": 0.9611601128855203,
                    "recall": 0.9477501480165779,
                    "f1-score": 0.9516447044220555,
                    "support": 40536.0
                }
            },
            {
                "0": {
                    "precision": 0.6282546615152024,
                    "recall": 0.9399346569489822,
                    "f1-score": 0.7531212243254128,
                    "support": 3979.0
                },
                "1": {
                    "precision": 0.9930890900153254,
                    "recall": 0.9394643980632984,
                    "f1-score": 0.9655327523193703,
                    "support": 36557.0
                },
                "accuracy": 0.9395105585158872,
                "macro avg": {
                    "precision": 0.8106718757652639,
                    "recall": 0.9396995275061403,
                    "f1-score": 0.8593269883223915,
                    "support": 40536.0
                },
                "weighted avg": {
                    "precision": 0.9572770663572933,
                    "recall": 0.9395105585158872,
                    "f1-score": 0.9446825088348638,
                    "support": 40536.0
                }
            },
            {
                "0": {
                    "precision": 0.6451169188445667,
                    "recall": 0.9429504900728827,
                    "f1-score": 0.7661051556916795,
                    "support": 3979.0
                },
                "1": {
                    "precision": 0.9934619815668203,
                    "recall": 0.9435402248543371,
                    "f1-score": 0.9678577942393759,
                    "support": 36557.0
                },
                "accuracy": 0.9434823366883758,
                "macro avg": {
                    "precision": 0.8192894502056935,
                    "recall": 0.9432453574636099,
                    "f1-score": 0.8669814749655277,
                    "support": 40536.0
                },
                "weighted avg": {
                    "precision": 0.9592685484562063,
                    "recall": 0.9434823366883758,
                    "f1-score": 0.94805382372474,
                    "support": 40536.0
                }
            },
            {
                "0": {
                    "precision": 0.6450459652706844,
                    "recall": 0.9522493088715758,
                    "f1-score": 0.7691058560844413,
                    "support": 3979.0
                },
                "1": {
                    "precision": 0.9945184928740407,
                    "recall": 0.9429657794676806,
                    "f1-score": 0.9680562771170614,
                    "support": 36557.0
                },
                "accuracy": 0.9438770475626603,
                "macro avg": {
                    "precision": 0.8197822290723625,
                    "recall": 0.9476075441696281,
                    "f1-score": 0.8685810666007514,
                    "support": 40536.0
                },
                "weighted avg": {
                    "precision": 0.9602143881934173,
                    "recall": 0.9438770475626603,
                    "f1-score": 0.9485273713224888,
                    "support": 40536.0
                }
            },
            {
                "0": {
                    "precision": 0.5799522673031027,
                    "recall": 0.6130171543895055,
                    "f1-score": 0.5960264900662252,
                    "support": 3964.0
                },
                "1": {
                    "precision": 0.9911117761484364,
                    "recall": 0.9057542938409364,
                    "f1-score": 0.9465125251861273,
                    "support": 36564.0
                },
                "2": {
                    "precision": 0.2325671990650565,