{
    "AdvancedTabularClassifier": {
        "filter_sizes": [
            12000,
            8000,
            6000,
            4500,
            3500,
            1500,
            1000,
            300
        ],
        "training_time_seconds": [
            39.83411741256714,
            40.84591579437256,
            42.966397523880005,
            43.83661127090454,
            41.882567405700684,
            41.463390827178955,
            48.95295548439026,
            43.85483932495117
        ],
        "num_classes": [
            2,
            3,
            4,
            4,
            4,
            4,
            4,
            4
        ],
        "test_f1_macro": [
            0.7064977814527689,
            0.6514782562243838,
            0.49884461694229765,
            0.49770982057245833,
            0.499687789293835,
            0.4969361364037905,
            0.49798850246586746,
            0.4919356636972326
        ],
        "test_f1_micro": [
            0.7360195233397373,
            0.7012062342492231,
            0.6831015790714118,
            0.6920810747112892,
            0.6848220598633042,
            0.6903605939193966,
            0.6849163327834079,
            0.6903134574593448
        ],
        "test_f1_weighted": [
            0.7290789173558331,
            0.7030610247838562,
            0.6708917242460468,
            0.6776136684385966,
            0.6774120965501668,
            0.67812373076122,
            0.6736781450881687,
            0.6764227285686735
        ],
        "cv_class_weights": [
            0.23920945024988644,
            0.6466826986491306,
            0.8706979480025913,
            0.8706979480025913,
            0.8706979480025913,
            0.8706979480025913,
            0.8706979480025913,
            0.8706979480025913
        ],
        "imbalance_ratio": [
            1.6254845993268863,
            10.114982116836668,
            15.160732046946489,
            15.160732046946489,
            15.160732046946489,
            15.160732046946489,
            15.160732046946489,
            15.160732046946489
        ],
        "total_training_samples": [
            123256,
            130785,
            135776,
            135776,
            135776,
            135776,
            135776,
            135776
        ],
        "entropy": [
            0.6644942900012158,
            0.8465637482123152,
            0.9745313681488466,
            0.9745313681488466,
            0.9745313681488466,
            0.9745313681488466,
            0.9745313681488466,
            0.9745313681488466
        ],
        "test_precision_macro": [
            0.7226740007460896,
            0.6594434507232555,
            0.5584993790526193,
            0.5908645277156597,
            0.6026775415901109,
            0.6331160664381668,
            0.6551747771125858,
            0.5797045531247997
        ],
        "test_recall_macro": [
            0.7002942037916149,
            0.6455519152162,
            0.49080815756197244,
            0.4768325835065436,
            0.47677948980040913,
            0.4710057091309647,
            0.4773139115365105,
            0.468120865530391
        ],
        "classification_reports": [
            {
                "0": {
                    "precision": 0.6886043533930858,
                    "recall": 0.5530266675807226,
                    "f1-score": 0.6134134286366055,
                    "support": 14587.0
                },
                "1": {
                    "precision": 0.7567436480990933,
                    "recall": 0.8475617400025072,
                    "f1-score": 0.7995821342689321,
                    "support": 23931.0
                },
                "accuracy": 0.7360195233397373,
                "macro avg": {
                    "precision": 0.7226740007460896,
                    "recall": 0.7002942037916149,
                    "f1-score": 0.7064977814527689,
                    "support": 38518.0
                },
                "weighted avg": {
                    "precision": 0.7309388843035554,
                    "recall": 0.7360195233397373,
                    "f1-score": 0.7290789173558331,
                    "support": 38518.0
                }
            },
            {
                "0": {
                    "precision": 0.5923399461793604,
                    "recall": 0.6451063249727372,
                    "f1-score": 0.6175981207790937,
                    "support": 14672.0
                },
                "1": {
                    "precision": 0.599047619047619,
                    "recall": 0.5401459854014599,
                    "f1-score": 0.5680740573492887,
                    "support": 2329.0
                },
                "2": {
                    "precision": 0.786942786942787,
                    "recall": 0.751403435274403,
                    "f1-score": 0.7687625905447688,
                    "support": 23870.0
                },
                "accuracy": 0.7012062342492231,
                "macro avg": {
                    "precision": 0.6594434507232555,
                    "recall": 0.6455519152162,
                    "f1-score": 0.6514782562243838,
                    "support": 40871.0
                },
                "weighted avg": {
                    "precision": 0.7063765975735804,
                    "recall": 0.7012062342492231,
                    "f1-score": 0.7030610247838562,
                    "support": 40871.0
                }
            },
            {
                "0": {
                    "precision": 0.5921628721541156,
                    "recall": 0.5565843621399177,
                    "f1-score": 0.5738226559185405,
                    "support": 14580.0
                },
                "1": {
                    "precision": 0.3484848484848485,
                    "recall": 0.06080634500991408,
                    "f1-score": 0.10354530106921778,
                    "support": 1513.0
                },
                "2": {
                    "precision": 0.5479513732552904,
                    "recall": 0.5326039387308534,
                    "f1-score": 0.5401686640035508,
                    "support": 2285.0
                },
                "3": {
                    "precision": 0.7453984223162227,
                    "recall": 0.8132379843672044,
                    "f1-score": 0.7778418467778816,
                    "support": 24052.0
                },
                "accuracy": 0.6831015790714118,
                "macro avg": {
                    "precision": 0.5584993790526193,
                    "recall": 0.49080815756197244,
                    "f1-score": 0.49884461694229765,
                    "support": 42430.0
                },
                "weighted avg": {
                    "precision": 0.6679562572048717,
                    "recall": 0.6831015790714118,
                    "f1-score": 0.6708917242460468,
                    "support": 42430.0
                }
            },
            {
                "0": {
                    "precision": 0.5979174147217236,
                    "recall": 0.5710562414266118,
                    "f1-score": 0.5841782143483599,
                    "support": 14580.0
                },
                "1": {
                    "precision": 0.3675675675675676,
                    "recall": 0.0449438202247191,
                    "f1-score": 0.0800942285041225,
                    "support": 1513.0
                },
                "2": {
                    "precision": 0.6520935960591133,
                    "recall": 0.46345733041575493,
                    "f1-score": 0.5418265541059094,
                    "support": 2285.0
                },
                "3": {
                    "precision": 0.7458795325142343,
                    "recall": 0.8278729419590887,
                    "f1-score": 0.7847402853314416,