{
    "AdvancedTabularClassifier": {
        "filter_sizes": [
            12000,
            8000,
            6000,
            4500,
            3500,
            1500,
            1000,
            300
        ],
        "training_time_seconds": [
            125.56315231323242,
            221.1470103263855,
            184.3719139099121,
            42.443828105926514,
            42.55623149871826,
            54.42219519615173,
            45.63224458694458,
            40.51741361618042
        ],
        "num_classes": [
            2,
            2,
            2,
            3,
            3,
            3,
            3,
            4
        ],
        "test_f1_macro": [
            0.9998129713670996,
            0.9999064884485118,
            0.9998441381971388,
            0.7721532064366389,
            0.7824210893575606,
            0.7867293762536107,
            0.7815929492621264,
            0.6061884158610158
        ],
        "test_f1_micro": [
            0.9998550444530344,
            0.9999275222265172,
            0.999879203710862,
            0.9334546829937119,
            0.941752163018297,
            0.9431468961278426,
            0.9395064063164862,
            0.8830544426113599
        ],
        "test_f1_weighted": [
            0.9998550358806861,
            0.9999275190121453,
            0.9998791947806135,
            0.951397623873086,
            0.9561411914707673,
            0.9574975201160836,
            0.9548064339954658,
            0.9169370757103287
        ],
        "cv_class_weights": [
            0.4688420130762378,
            0.4688420130762378,
            0.4688420130762378,
            0.8670174433718976,
            0.8670174433718976,
            0.8670174433718976,
            0.8670174433718976,
            1.1512368231011856
        ],
        "imbalance_ratio": [
            2.7576668841669267,
            2.7576668841669267,
            2.7576668841669267,
            33.36020583190395,
            33.36020583190395,
            33.36020583190395,
            33.36020583190395,
            235.11352657004832
        ],
        "total_training_samples": [
            132454,
            132454,
            132454,
            135364,
            135364,
            135364,
            135364,
            135776
        ],
        "entropy": [
            0.5793640140080556,
            0.5793640140080556,
            0.5793640140080556,
            0.6705127663073001,
            0.6705127663073001,
            0.6705127663073001,
            0.6705127663073001,
            0.6877410771768522
        ],
        "test_precision_macro": [
            0.9998721060622389,
            0.9999508406253073,
            0.9999180730788138,
            0.7417258149653648,
            0.7481581274985046,
            0.7516765842031455,
            0.7482147571332373,
            0.5738327523781716
        ],
        "test_recall_macro": [
            0.9997538747498493,
            0.9998621576916008,
            0.9997702628193347,
            0.9334405778275169,
            0.9271207699201369,
            0.9369322334055222,
            0.93430954752652,
            0.8846853783823385
        ],
        "classification_reports": [
            {
                "0": {
                    "precision": 0.9998361407878351,
                    "recall": 0.9999672238610292,
                    "f1-score": 0.9999016780283168,
                    "support": 30510.0
                },
                "1": {
                    "precision": 0.9999080713366427,
                    "recall": 0.9995405256386694,
                    "f1-score": 0.9997242647058824,
                    "support": 10882.0
                },
                "accuracy": 0.9998550444530344,
                "macro avg": {
                    "precision": 0.9998721060622389,
                    "recall": 0.9997538747498493,
                    "f1-score": 0.9998129713670996,
                    "support": 41392.0
                },
                "weighted avg": {
                    "precision": 0.9998550514041891,
                    "recall": 0.9998550444530344,
                    "f1-score": 0.9998550358806861,
                    "support": 41392.0
                }
            },
            {
                "0": {
                    "precision": 0.9999016812506145,
                    "recall": 1.0,
                    "f1-score": 0.9999508382085444,
                    "support": 30510.0
                },
                "1": {
                    "precision": 1.0,
                    "recall": 0.9997243153832016,
                    "f1-score": 0.9998621386884794,
                    "support": 10882.0
                },
                "accuracy": 0.9999275222265172,
                "macro avg": {
                    "precision": 0.9999508406253073,
                    "recall": 0.9998621576916008,
                    "f1-score": 0.9999064884485118,
                    "support": 41392.0
                },
                "weighted avg": {
                    "precision": 0.9999275293524412,
                    "recall": 0.9999275222265172,
                    "f1-score": 0.9999275190121453,
                    "support": 41392.0
                }
            },
            {
                "0": {
                    "precision": 0.9998361461576274,
                    "recall": 1.0,
                    "f1-score": 0.9999180663662434,
                    "support": 30510.0
                },
                "1": {
                    "precision": 1.0,
                    "recall": 0.9995405256386694,
                    "f1-score": 0.9997702100280343,
                    "support": 10882.0
                },
                "accuracy": 0.999879203710862,
                "macro avg": {
                    "precision": 0.9999180730788138,
                    "recall": 0.9997702628193347,
                    "f1-score": 0.9998441381971388,
                    "support": 41392.0
                },
                "weighted avg": {
                    "precision": 0.9998792235037981,
                    "recall": 0.999879203710862,
                    "f1-score": 0.9998791947806135,
                    "support": 41392.0
                }
            },
            {
                "0": {
                    "precision": 0.23032904148783978,
                    "recall": 0.8904867256637168,
                    "f1-score": 0.36599227097067516,
                    "support": 904.0
                },
                "1": {
                    "precision": 0.9959458974634952,
                    "recall": 0.9113890804031649,
                    "f1-score": 0.9517931838442022,
                    "support": 30459.0
                },
                "2": {
                    "precision": 0.9989025059447595,
                    "recall": 0.9984459274156687,
                    "f1-score": 0.9986741644950395,
                    "support": 10939.0
                },
                "accuracy": 0.9334546829937119,
                "macro avg": {
                    "precision": 0.7417258149653648,
                    "recall": 0.9334405778275169,
                    "f1-score": 0.7721532064366389,
                    "support": 42302.0
                },
                "weighted avg": {
                    "precision": 0.9803491101336895,
                    "recall": 0.9334546829937119,
                    "f1-score": 0.951397623873086,
                    "support": 42302.0
                }
            },
            {
                "0": {
                    "precision": 0.2538436375531567,
                    "recall": 0.8584070796460177,
                    "f1-score": 0.3918202474122696,
                    "support": 904.0
                },
                "1": {
                    "precision": 0.9953644727530078,
                    "recall": 0.9235037263206277,