{
    "TabNet": {
        "filter_sizes": [
            12000,
            8000,
            6000,
            4500,
            3500,
            1500,
            1000,
            300
        ],
        "training_time_seconds": [
            930.7745878696442,
            900.8123095035553,
            929.5883448123932,
            623.7713191509247,
            606.4294157028198,
            611.7813642024994,
            620.6891090869904,
            1687.388861656189
        ],
        "num_classes": [
            2,
            2,
            2,
            3,
            3,
            3,
            3,
            4
        ],
        "test_f1_macro": [
            0.999723075572462,
            0.999723075572462,
            0.999723075572462,
            0.7784857184520152,
            0.7784857184520152,
            0.7784857184520152,
            0.7784857184520152,
            0.7156484459613155
        ],
        "test_f1_micro": [
            0.9997825666795516,
            0.9997825666795516,
            0.9997825666795516,
            0.9422958725355776,
            0.9422958725355776,
            0.9422958725355776,
            0.9422958725355776,
            0.9571529578128682
        ],
        "test_f1_weighted": [
            0.9997825945878114,
            0.9997825945878114,
            0.9997825945878114,
            0.9571987601716672,
            0.9571987601716672,
            0.9571987601716672,
            0.9571987601716672,
            0.9644982571450574
        ],
        "cv_class_weights": [
            0.47036704421043396,
            0.47036704421043396,
            0.47036704421043396,
            1.1992260217666626,
            1.1992260217666626,
            1.1992260217666626,
            1.1992260217666626,
            1.4324564933776855
        ],
        "total_training_samples": [
            132454,
            132454,
            132454,
            135364,
            135364,
            135364,
            135364,
            135776
        ],
        "imbalance_ratio": [
            2.7762002508837953,
            2.7762002508837953,
            2.7762002508837953,
            33.00713800135962,
            33.00713800135962,
            33.00713800135962,
            33.00713800135962,
            240.60643564356437
        ],
        "entropy": [
            0.578034739746464,
            0.578034739746464,
            0.578034739746464,
            0.672042608701162,
            0.672042608701162,
            0.672042608701162,
            0.672042608701162,
            0.6883820485420132
        ],
        "test_precision_macro": [
            0.9995948865682391,
            0.9995948865682391,
            0.9995948865682391,
            0.7457960052343321,
            0.7457960052343321,
            0.7457960052343321,
            0.7457960052343321,
            0.675486356402827
        ],
        "test_recall_macro": [
            0.9998514508302248,
            0.9998514508302248,
            0.9998514508302248,
            0.9238268861540521,
            0.9238268861540521,
            0.9238268861540521,
            0.9238268861540521,
            0.8024398881092014
        ],
        "classification_reports": [
            {
                "0": {
                    "precision": 1.0,
                    "recall": 0.9997029016604496,
                    "f1-score": 0.9998514287600905,
                    "support": 30293.0
                },
                "1": {
                    "precision": 0.9991897731364782,
                    "recall": 1.0,
                    "f1-score": 0.9995947223848336,
                    "support": 11099.0
                },
                "accuracy": 0.9997825666795516,
                "macro avg": {
                    "precision": 0.9995948865682391,
                    "recall": 0.9998514508302248,
                    "f1-score": 0.999723075572462,
                    "support": 41392.0
                },
                "weighted avg": {
                    "precision": 0.9997827428498689,
                    "recall": 0.9997825666795516,
                    "f1-score": 0.9997825945878114,
                    "support": 41392.0
                }
            },
            {
                "0": {
                    "precision": 1.0,
                    "recall": 0.9997029016604496,
                    "f1-score": 0.9998514287600905,
                    "support": 30293.0
                },
                "1": {
                    "precision": 0.9991897731364782,
                    "recall": 1.0,
                    "f1-score": 0.9995947223848336,
                    "support": 11099.0
                },
                "accuracy": 0.9997825666795516,
                "macro avg": {
                    "precision": 0.9995948865682391,
                    "recall": 0.9998514508302248,
                    "f1-score": 0.999723075572462,
                    "support": 41392.0
                },
                "weighted avg": {
                    "precision": 0.9997827428498689,
                    "recall": 0.9997825666795516,
                    "f1-score": 0.9997825945878114,
                    "support": 41392.0
                }
            },
            {
                "0": {
                    "precision": 1.0,
                    "recall": 0.9997029016604496,
                    "f1-score": 0.9998514287600905,
                    "support": 30293.0
                },
                "1": {
                    "precision": 0.9991897731364782,
                    "recall": 1.0,
                    "f1-score": 0.9995947223848336,
                    "support": 11099.0
                },
                "accuracy": 0.9997825666795516,
                "macro avg": {
                    "precision": 0.9995948865682391,
                    "recall": 0.9998514508302248,
                    "f1-score": 0.999723075572462,
                    "support": 41392.0
                },
                "weighted avg": {
                    "precision": 0.9997827428498689,
                    "recall": 0.9997825666795516,
                    "f1-score": 0.9997825945878114,
                    "support": 41392.0
                }
            },
            {
                "0": {
                    "precision": 0.24259381171823569,
                    "recall": 0.8471264367816091,
                    "f1-score": 0.37717502558853633,
                    "support": 870.0
                },
                "1": {
                    "precision": 0.9952571669477235,
                    "recall": 0.92481718464351,
                    "f1-score": 0.9587450927304725,
                    "support": 30632.0
                },
                "2": {
                    "precision": 0.999537037037037,
                    "recall": 0.999537037037037,
                    "f1-score": 0.999537037037037,
                    "support": 10800.0
                },
                "accuracy": 0.9422958725355776,
                "macro avg": {
                    "precision": 0.7457960052343321,
                    "recall": 0.9238268861540521,
                    "f1-score": 0.7784857184520152,
                    "support": 42302.0
                },
                "weighted avg": {
                    "precision": 0.9808702698250089,
                    "recall": 0.9422958725355776,
                    "f1-score": 0.9571987601716672,
                    "support": 42302.0
                }
            },
            {
                "0": {
                    "precision": 0.24259381171823569,
                    "recall": 0.8471264367816091,
                    "f1-score": 0.37717502558853633,
                    "support": 870.0
                },
                "1": {
                    "precision": 0.9952571669477235,
                    "recall": 0.92481718464351,
                    "f1-score": 0.9587450927304725,