{
    "AdvancedTabularClassifier": {
        "filter_sizes": [
            12000,
            8000,
            6000,
            4500,
            3500,
            1500,
            1000,
            300
        ],
        "training_time_seconds": [
            43.20629525184631,
            42.10997700691223,
            49.2028386592865,
            42.276153564453125,
            45.86328387260437,
            39.0174081325531,
            53.0064332485199,
            47.181511640548706
        ],
        "num_classes": [
            2,
            2,
            2,
            2,
            4,
            5,
            5,
            5
        ],
        "test_f1_macro": [
            0.8897044210302487,
            0.8882267042837032,
            0.8819134575025871,
            0.8730528535851078,
            0.6628674184178244,
            0.5625775224073291,
            0.5433137327875197,
            0.5357323898661795
        ],
        "test_f1_micro": [
            0.9592707716597593,
            0.9604302348529702,
            0.9590734162226169,
            0.9576919281626208,
            0.9366033254156769,
            0.9287768088616545,
            0.9285646947914211,
            0.9258543483384398
        ],
        "test_f1_weighted": [
            0.9601027241025997,
            0.9604258024692642,
            0.9586283577125889,
            0.9563596535363517,
            0.9331985909808821,
            0.9272123187914995,
            0.9254236590158338,
            0.9216121006443839
        ],
        "cv_class_weights": [
            0.0,
            0.0,
            0.0,
            0.0,
            0.0,
            0.0,
            0.0,
            0.0
        ],
        "imbalance_ratio": [
            9.474321705426357,
            9.474321705426357,
            9.474321705426357,
            9.474321705426357,
            47.042502004811546,
            110.57964184731385,
            110.57964184731385,
            110.57964184731385
        ],
        "total_training_samples": [
            129714,
            129714,
            129714,
            129714,
            134718,
            135776,
            135776,
            135776
        ],
        "entropy": [
            0.3150175183558238,
            0.3150175183558238,
            0.3150175183558238,
            0.3150175183558238,
            0.4878513770286893,
            0.5297442692876037,
            0.5297442692876037,
            0.5297442692876037
        ],
        "test_precision_macro": [
            0.8746140245712688,
            0.8883137038491031,
            0.8904615037524233,
            0.8986021012524174,
            0.7161779111058684,
            0.588899650209005,
            0.5788759682212825,
            0.5872581185479275
        ],
        "test_recall_macro": [
            0.9065339393662613,
            0.8881397559030246,
            0.8738376304633436,
            0.8513471094584479,
            0.6412552701357673,
            0.5651792074437179,
            0.5347721412729888,
            0.532203643540801
        ],
        "classification_reports": [
            {
                "0": {
                    "precision": 0.7667277726856095,
                    "recall": 0.8409148027142498,
                    "f1-score": 0.8021095529186144,
                    "support": 3979.0
                },
                "1": {
                    "precision": 0.9825002764569281,
                    "recall": 0.9721530760182728,
                    "f1-score": 0.9772992891418829,
                    "support": 36557.0
                },
                "accuracy": 0.9592707716597593,
                "macro avg": {
                    "precision": 0.8746140245712688,
                    "recall": 0.9065339393662613,
                    "f1-score": 0.8897044210302487,
                    "support": 40536.0
                },
                "weighted avg": {
                    "precision": 0.9613201207310035,
                    "recall": 0.9592707716597593,
                    "f1-score": 0.9601027241025997,
                    "support": 40536.0
                }
            },
            {
                "0": {
                    "precision": 0.7985919034448077,
                    "recall": 0.7981905001256597,
                    "f1-score": 0.7983911513323279,
                    "support": 3979.0
                },
                "1": {
                    "precision": 0.9780355042533986,
                    "recall": 0.9780890116803895,
                    "f1-score": 0.9780622572350786,
                    "support": 36557.0
                },
                "accuracy": 0.9604302348529702,
                "macro avg": {
                    "precision": 0.8883137038491031,
                    "recall": 0.8881397559030246,
                    "f1-score": 0.8882267042837032,
                    "support": 40536.0
                },
                "weighted avg": {
                    "precision": 0.9604213813104001,
                    "recall": 0.9604302348529702,
                    "f1-score": 0.9604258024692642,
                    "support": 40536.0
                }
            },
            {
                "0": {
                    "precision": 0.8060686015831134,
                    "recall": 0.7677808494596632,
                    "f1-score": 0.7864590037327841,
                    "support": 3979.0
                },
                "1": {
                    "precision": 0.974854405921733,
                    "recall": 0.979894411467024,
                    "f1-score": 0.97736791127239,
                    "support": 36557.0
                },
                "accuracy": 0.9590734162226169,
                "macro avg": {
                    "precision": 0.8904615037524233,
                    "recall": 0.8738376304633436,
                    "f1-score": 0.8819134575025871,
                    "support": 40536.0
                },
                "weighted avg": {
                    "precision": 0.9582864486624236,
                    "recall": 0.9590734162226169,
                    "f1-score": 0.9586283577125889,
                    "support": 40536.0
                }
            },
            {
                "0": {
                    "precision": 0.8273568536726431,
                    "recall": 0.7190248806232722,
                    "f1-score": 0.7693962619335754,
                    "support": 3979.0
                },
                "1": {
                    "precision": 0.9698473488321916,
                    "recall": 0.9836693382936237,
                    "f1-score": 0.9767094452366402,
                    "support": 36557.0
                },
                "accuracy": 0.9576919281626208,
                "macro avg": {
                    "precision": 0.8986021012524174,
                    "recall": 0.8513471094584479,
                    "f1-score": 0.8730528535851078,
                    "support": 40536.0
                },
                "weighted avg": {
                    "precision": 0.9558605301959215,
                    "recall": 0.9576919281626208,
                    "f1-score": 0.9563596535363517,
                    "support": 40536.0
                }
            },
            {
                "0": {
                    "precision": 0.7020084072863149,
                    "recall": 0.7583249243188698,
                    "f1-score": 0.7290807664322095,
                    "support": 3964.0
                },
                "1": {
                    "precision": 0.972021513554626,
                    "recall": 0.9786675418444372,
                    "f1-score": 0.9753332061380795,
                    "support": 36564.0
                },
                "2": {
                    "precision": 0.4723926380368098,
                    "recall": 0.1905940594059406,
                    "f1-score": 0.2716049382716049,