{
    "TabNet": {
        "filter_sizes": [
            12000,
            8000,
            6000,
            4500,
            3500,
            1500,
            1000,
            300
        ],
        "training_time_seconds": [
            2314.667108774185,
            1877.5193021297455,
            1633.1514630317688,
            1733.2096555233002,
            1766.4955620765686,
            1931.672131061554,
            1951.586089849472,
            1960.5582785606384
        ],
        "num_classes": [
            2,
            3,
            4,
            4,
            4,
            4,
            4,
            4
        ],
        "test_f1_macro": [
            0.6890339661313475,
            0.6130230810695202,
            0.4627050162045403,
            0.4627050162045403,
            0.4627050162045403,
            0.4627050162045403,
            0.4627050162045403,
            0.4627050162045403
        ],
        "test_f1_micro": [
            0.7329560205618153,
            0.7080325903452326,
            0.6813103935894415,
            0.6813103935894415,
            0.6813103935894415,
            0.6813103935894415,
            0.6813103935894415,
            0.6813103935894415
        ],
        "test_f1_weighted": [
            0.7163775385634679,
            0.692015751092685,
            0.6574145879124521,
            0.6574145879124521,
            0.6574145879124521,
            0.6574145879124521,
            0.6574145879124521,
            0.6574145879124521
        ],
        "cv_class_weights": [
            0.24037775037320697,
            0.646728321415141,
            0.8718973997134357,
            0.8718973997134357,
            0.8718973997134357,
            0.8718973997134357,
            0.8718973997134357,
            0.8718973997134357
        ],
        "total_training_samples": [
            123256,
            130785,
            135776,
            135776,
            135776,
            135776,
            135776,
            135776
        ],
        "imbalance_ratio": [
            1.6328875977271757,
            10.127038854263361,
            15.224970083765458,
            15.224970083765458,
            15.224970083765458,
            15.224970083765458,
            15.224970083765458,
            15.224970083765458
        ],
        "entropy": [
            0.6639715873383609,
            0.8464147032286655,
            0.9724553703517317,
            0.9724553703517317,
            0.9724553703517317,
            0.9724553703517317,
            0.9724553703517317,
            0.9724553703517317
        ],
        "test_precision_macro": [
            0.7355107432287649,
            0.7268271003302469,
            0.7024366645802613,
            0.7024366645802613,
            0.7024366645802613,
            0.7024366645802613,
            0.7024366645802613,
            0.7024366645802613
        ],
        "test_recall_macro": [
            0.6823792738065135,
            0.5717349611283623,
            0.43616024714056123,
            0.43616024714056123,
            0.43616024714056123,
            0.43616024714056123,
            0.43616024714056123,
            0.43616024714056123
        ],
        "classification_reports": [
            {
                "0": {
                    "precision": 0.7404456884487027,
                    "recall": 0.4662102623195282,
                    "f1-score": 0.5721653772564679,
                    "support": 14753.0
                },
                "1": {
                    "precision": 0.7305757980088269,
                    "recall": 0.8985482852934988,
                    "f1-score": 0.8059025550062271,
                    "support": 23765.0
                },
                "accuracy": 0.7329560205618153,
                "macro avg": {
                    "precision": 0.7355107432287649,
                    "recall": 0.6823792738065135,
                    "f1-score": 0.6890339661313475,
                    "support": 38518.0
                },
                "weighted avg": {
                    "precision": 0.734356121329339,
                    "recall": 0.7329560205618153,
                    "f1-score": 0.7163775385634679,
                    "support": 38518.0
                }
            },
            {
                "0": {
                    "precision": 0.6447009634611889,
                    "recall": 0.48337195038844216,
                    "f1-score": 0.5525003894687646,
                    "support": 14674.0
                },
                "1": {
                    "precision": 0.8070866141732284,
                    "recall": 0.3505771697306541,
                    "f1-score": 0.488822652757079,
                    "support": 2339.0
                },
                "2": {
                    "precision": 0.7286937233563234,
                    "recall": 0.8812557632659904,
                    "f1-score": 0.7977462009827171,
                    "support": 23858.0
                },
                "accuracy": 0.7080325903452326,
                "macro avg": {
                    "precision": 0.7268271003302469,
                    "recall": 0.5717349611283623,
                    "f1-score": 0.6130230810695202,
                    "support": 40871.0
                },
                "weighted avg": {
                    "precision": 0.7030239627172281,
                    "recall": 0.7080325903452326,
                    "f1-score": 0.692015751092685,
                    "support": 40871.0
                }
            },
            {
                "0": {
                    "precision": 0.586490407867161,
                    "recall": 0.4987319213105765,
                    "f1-score": 0.5390627894054455,
                    "support": 14589.0
                },
                "1": {
                    "precision": 0.7608695652173914,
                    "recall": 0.02289077828646174,
                    "f1-score": 0.044444444444444446,
                    "support": 1529.0
                },
                "2": {
                    "precision": 0.7428571428571429,
                    "recall": 0.35513245033112584,
                    "f1-score": 0.4805376645197424,
                    "support": 2416.0
                },
                "3": {
                    "precision": 0.7195295423793499,
                    "recall": 0.867885838634081,
                    "f1-score": 0.786775166448529,
                    "support": 23896.0
                },
                "accuracy": 0.6813103935894415,
                "macro avg": {
                    "precision": 0.7024366645802613,
                    "recall": 0.43616024714056123,
                    "f1-score": 0.4627050162045403,
                    "support": 42430.0
                },
                "weighted avg": {
                    "precision": 0.6766037927747162,
                    "recall": 0.6813103935894415,
                    "f1-score": 0.6574145879124521,
                    "support": 42430.0
                }
            },
            {
                "0": {
                    "precision": 0.586490407867161,
                    "recall": 0.4987319213105765,
                    "f1-score": 0.5390627894054455,
                    "support": 14589.0
                },
                "1": {
                    "precision": 0.7608695652173914,
                    "recall": 0.02289077828646174,
                    "f1-score": 0.044444444444444446,
                    "support": 1529.0
                },
                "2": {
                    "precision": 0.7428571428571429,
                    "recall": 0.35513245033112584,
                    "f1-score": 0.4805376645197424,
                    "support": 2416.0
                },
                "3": {
                    "precision": 0.7195295423793499,
                    "recall": 0.867885838634081,
                    "f1-score": 0.786775166448529,