{
    "AdvancedTabularClassifier": {
        "filter_sizes": [
            12000,
            8000,
            6000,
            4500,
            3500,
            1500,
            1000,
            300
        ],
        "training_time_seconds": [
            109.70546674728394,
            245.00761342048645,
            445.42097544670105,
            51.15844655036926,
            52.97523546218872,
            55.82272148132324,
            49.68131899833679,
            58.37756037712097
        ],
        "num_classes": [
            2,
            2,
            2,
            3,
            3,
            3,
            3,
            4
        ],
        "test_f1_macro": [
            0.9998753216175595,
            0.9998441566292051,
            0.9998441474141864,
            0.7980994269434801,
            0.772793515521435,
            0.7765969829260712,
            0.7607345534725932,
            0.5783109733108661
        ],
        "test_f1_micro": [
            0.9999033629686896,
            0.999879203710862,
            0.999879203710862,
            0.950286038485178,
            0.9336437993475486,
            0.9361259514916552,
            0.9235733535057444,
            0.8698798020268678
        ],
        "test_f1_weighted": [
            0.9999033601117002,
            0.9998792019253874,
            0.9998791983535755,
            0.961220623549618,
            0.9505738553050639,
            0.9531746528567702,
            0.9449371244591965,
            0.9098338510658452
        ],
        "cv_class_weights": [
            0.4677548408508301,
            0.4677548408508301,
            0.4677548408508301,
            1.200628638267517,
            1.200628638267517,
            1.200628638267517,
            1.200628638267517,
            1.4263921976089478
        ],
        "imbalance_ratio": [
            2.7576668841669267,
            2.7576668841669267,
            2.7576668841669267,
            33.36020583190395,
            33.36020583190395,
            33.36020583190395,
            33.36020583190395,
            235.11352657004832
        ],
        "total_training_samples": [
            132454,
            132454,
            132454,
            135364,
            135364,
            135364,
            135364,
            135776
        ],
        "entropy": [
            0.5793640140080556,
            0.5793640140080556,
            0.5793640140080556,
            0.6705127663073001,
            0.6705127663073001,
            0.6705127663073001,
            0.6705127663073001,
            0.6877410771768522
        ],
        "test_precision_macro": [
            0.9999048831318054,
            0.9998589340851941,
            0.9998884940604489,
            0.7594603651520259,
            0.7422624837026658,
            0.7445983378075152,
            0.7337314764606528,
            0.5594969052875084
        ],
        "test_recall_macro": [
            0.9998457696221155,
            0.99982938155263,
            0.9997998221859823,
            0.9296402842806085,
            0.9280364711286643,
            0.9374160681630167,
            0.9345453943231026,
            0.8862367467013599
        ],
        "classification_reports": [
            {
                "0": {
                    "precision": 0.9999016780283168,
                    "recall": 0.9999672238610292,
                    "f1-score": 0.9999344498705385,
                    "support": 30510.0
                },
                "1": {
                    "precision": 0.9999080882352941,
                    "recall": 0.9997243153832016,
                    "f1-score": 0.9998161933645805,
                    "support": 10882.0
                },
                "accuracy": 0.9999033629686896,
                "macro avg": {
                    "precision": 0.9999048831318054,
                    "recall": 0.9998457696221155,
                    "f1-score": 0.9998753216175595,
                    "support": 41392.0
                },
                "weighted avg": {
                    "precision": 0.9999033632784212,
                    "recall": 0.9999033629686896,
                    "f1-score": 0.9999033601117002,
                    "support": 41392.0
                }
            },
            {
                "0": {
                    "precision": 0.9999016748058077,
                    "recall": 0.9999344477220583,
                    "f1-score": 0.999918060995395,
                    "support": 30510.0
                },
                "1": {
                    "precision": 0.9998161933645805,
                    "recall": 0.9997243153832016,
                    "f1-score": 0.9997702522630152,
                    "support": 10882.0
                },
                "accuracy": 0.999879203710862,
                "macro avg": {
                    "precision": 0.9998589340851941,
                    "recall": 0.99982938155263,
                    "f1-score": 0.9998441566292051,
                    "support": 41392.0
                },
                "weighted avg": {
                    "precision": 0.9998792016456938,
                    "recall": 0.999879203710862,
                    "f1-score": 0.9998792019253874,
                    "support": 41392.0
                }
            },
            {
                "0": {
                    "precision": 0.9998689083341527,
                    "recall": 0.9999672238610292,
                    "f1-score": 0.9999180636809072,
                    "support": 30510.0
                },
                "1": {
                    "precision": 0.9999080797867451,
                    "recall": 0.9996324205109355,
                    "f1-score": 0.9997702311474657,
                    "support": 10882.0
                },
                "accuracy": 0.999879203710862,
                "macro avg": {
                    "precision": 0.9998884940604489,
                    "recall": 0.9997998221859823,
                    "f1-score": 0.9998441474141864,
                    "support": 41392.0
                },
                "weighted avg": {
                    "precision": 0.9998792065499216,
                    "recall": 0.999879203710862,
                    "f1-score": 0.9998791983535755,
                    "support": 41392.0
                }
            },
            {
                "0": {
                    "precision": 0.290991330569167,
                    "recall": 0.8539823008849557,
                    "f1-score": 0.4340736575766095,
                    "support": 904.0
                },
                "1": {
                    "precision": 0.9952845017290161,
                    "recall": 0.9354870481631045,
                    "f1-score": 0.9644597887896019,
                    "support": 30459.0
                },
                "2": {
                    "precision": 0.9921052631578947,
                    "recall": 0.9994515037937655,
                    "f1-score": 0.9957648344642288,
                    "support": 10939.0
                },
                "accuracy": 0.950286038485178,
                "macro avg": {
                    "precision": 0.7594603651520259,
                    "recall": 0.9296402842806085,
                    "f1-score": 0.7980994269434801,
                    "support": 42302.0
                },
                "weighted avg": {
                    "precision": 0.9794115236793257,
                    "recall": 0.950286038485178,
                    "f1-score": 0.961220623549618,
                    "support": 42302.0
                }
            },
            {
                "0": {
                    "precision": 0.2361152361152361,
                    "recall": 0.879424778761062,
                    "f1-score": 0.3722781549988293,
                    "support": 904.0
                },
                "1": {
                    "precision": 0.9922403360148074,