{
    "AdvancedTabularClassifier": {
        "filter_sizes": [
            12000,
            8000,
            6000,
            4500,
            3500,
            1500,
            1000,
            300
        ],
        "training_time_seconds": [
            89.25664281845093,
            116.58479905128479,
            294.5897731781006,
            64.3169105052948,
            55.31742477416992,
            54.70871925354004,
            46.90774583816528,
            55.624701261520386
        ],
        "num_classes": [
            2,
            2,
            2,
            3,
            3,
            3,
            3,
            4
        ],
        "test_f1_macro": [
            0.9998441474141864,
            0.999875314244733,
            0.9999064884485118,
            0.8598764564258449,
            0.8362639107433708,
            0.8781918134647277,
            0.8795512379909077,
            0.7573191550527941
        ],
        "test_f1_micro": [
            0.999879203710862,
            0.9999033629686896,
            0.9999275222265172,
            0.9856744361968701,
            0.9844451798969316,
            0.9847524939719162,
            0.9857217152853293,
            0.9824181004006599
        ],
        "test_f1_weighted": [
            0.9998791983535755,
            0.9999033572537906,
            0.9999275190121453,
            0.9839355365035606,
            0.9818836069888249,
            0.984389025709415,
            0.9851499685650621,
            0.9802602519875308
        ],
        "cv_class_weights": [
            0.46810213357090014,
            0.46810213357090014,
            0.46810213357090014,
            0.8690060485112061,
            0.8690060485112061,
            0.8690060485112061,
            0.8690060485112061,
            1.1515808632037638
        ],
        "imbalance_ratio": [
            2.7576668841669267,
            2.7576668841669267,
            2.7576668841669267,
            33.36020583190395,
            33.36020583190395,
            33.36020583190395,
            33.36020583190395,
            235.11352657004832
        ],
        "total_training_samples": [
            132454,
            132454,
            132454,
            135364,
            135364,
            135364,
            135364,
            135776
        ],
        "entropy": [
            0.8355913577544198,
            0.8355913577544198,
            0.8355913577544198,
            0.6095733106763772,
            0.6095733106763772,
            0.6095733106763772,
            0.6095733106763772,
            0.49646414427957425
        ],
        "test_precision_macro": [
            0.9998884940604489,
            0.999934456315134,
            0.9999508406253073,
            0.9254805405785849,
            0.9244588822770861,
            0.8891915893176546,
            0.8989568162638332,
            0.8323138654427915
        ],
        "test_recall_macro": [
            0.9997998221859823,
            0.9998162102554677,
            0.9998621576916008,
            0.8217924512752552,
            0.7944088168342166,
            0.8683530317191309,
            0.8633177339198199,
            0.7120626615416185
        ],
        "classification_reports": [
            {
                "0": {
                    "precision": 0.9998689083341527,
                    "recall": 0.9999672238610292,
                    "f1-score": 0.9999180636809072,
                    "support": 30510.0
                },
                "1": {
                    "precision": 0.9999080797867451,
                    "recall": 0.9996324205109355,
                    "f1-score": 0.9997702311474657,
                    "support": 10882.0
                },
                "accuracy": 0.999879203710862,
                "macro avg": {
                    "precision": 0.9998884940604489,
                    "recall": 0.9997998221859823,
                    "f1-score": 0.9998441474141864,
                    "support": 41392.0
                },
                "weighted avg": {
                    "precision": 0.9998792065499216,
                    "recall": 0.999879203710862,
                    "f1-score": 0.9998791983535755,
                    "support": 41392.0
                }
            },
            {
                "0": {
                    "precision": 0.9998689126302681,
                    "recall": 1.0,
                    "f1-score": 0.9999344520188779,
                    "support": 30510.0
                },
                "1": {
                    "precision": 1.0,
                    "recall": 0.9996324205109355,
                    "f1-score": 0.9998161764705882,
                    "support": 10882.0
                },
                "accuracy": 0.9999033629686896,
                "macro avg": {
                    "precision": 0.999934456315134,
                    "recall": 0.9998162102554677,
                    "f1-score": 0.999875314244733,
                    "support": 41392.0
                },
                "weighted avg": {
                    "precision": 0.9999033756365839,
                    "recall": 0.9999033629686896,
                    "f1-score": 0.9999033572537906,
                    "support": 41392.0
                }
            },
            {
                "0": {
                    "precision": 0.9999016812506145,
                    "recall": 1.0,
                    "f1-score": 0.9999508382085444,
                    "support": 30510.0
                },
                "1": {
                    "precision": 1.0,
                    "recall": 0.9997243153832016,
                    "f1-score": 0.9998621386884794,
                    "support": 10882.0
                },
                "accuracy": 0.9999275222265172,
                "macro avg": {
                    "precision": 0.9999508406253073,
                    "recall": 0.9998621576916008,
                    "f1-score": 0.9999064884485118,
                    "support": 41392.0
                },
                "weighted avg": {
                    "precision": 0.9999275293524412,
                    "recall": 0.9999275222265172,
                    "f1-score": 0.9999275190121453,
                    "support": 41392.0
                }
            },
            {
                "0": {
                    "precision": 0.792910447761194,
                    "recall": 0.47013274336283184,
                    "f1-score": 0.5902777777777778,
                    "support": 904.0
                },
                "1": {
                    "precision": 0.9841712617580279,
                    "recall": 0.9961587708066582,
                    "f1-score": 0.9901287343568993,
                    "support": 30459.0
                },
                "2": {
                    "precision": 0.9993599122165325,
                    "recall": 0.9990858396562757,
                    "f1-score": 0.9992228571428572,
                    "support": 10939.0
                },
                "accuracy": 0.9856744361968701,
                "macro avg": {
                    "precision": 0.9254805405785849,
                    "recall": 0.8217924512752552,
                    "f1-score": 0.8598764564258449,
                    "support": 42302.0
                },
                "weighted avg": {
                    "precision": 0.9840116681575468,
                    "recall": 0.9856744361968701,
                    "f1-score": 0.9839355365035606,
                    "support": 42302.0
                }
            },
            {
                "0": {
                    "precision": 0.7918552036199095,
                    "recall": 0.38716814159292035,
                    "f1-score": 0.5200594353640416,
                    "support": 904.0
                },
                "1": {
                    "precision": 0.9817958418210625,
                    "recall": 0.9968810532190814,