{
    "AdvancedTabularClassifier": {
        "filter_sizes": [
            12000,
            8000,
            6000,
            4500,
            3500,
            1500,
            1000,
            300
        ],
        "training_time_seconds": [
            130.81710195541382,
            142.41463541984558,
            103.89413714408875,
            44.7009174823761,
            67.65365195274353,
            53.714444160461426,
            57.5965530872345,
            48.47828555107117
        ],
        "num_classes": [
            2,
            2,
            2,
            3,
            3,
            3,
            3,
            4
        ],
        "test_f1_macro": [
            0.9999064884485118,
            0.9998441381971388,
            0.9998441474141864,
            0.8817949793212917,
            0.868653365712635,
            0.8634712832814545,
            0.8813980038819663,
            0.7359437811901384
        ],
        "test_f1_micro": [
            0.9999275222265172,
            0.999879203710862,
            0.999879203710862,
            0.9848470521488346,
            0.9858635525507068,
            0.9860290293603139,
            0.9860290293603139,
            0.9822531227904784
        ],
        "test_f1_weighted": [
            0.9999275190121453,
            0.9998791947806135,
            0.9998791983535755,
            0.9846080684416336,
            0.9846444341254429,
            0.9843250038713873,
            0.9853869000200136,
            0.979867573045881
        ],
        "cv_class_weights": [
            0.0,
            0.0,
            0.0,
            0.0,
            0.0,
            0.0,
            0.0,
            0.0
        ],
        "imbalance_ratio": [
            2.7576668841669267,
            2.7576668841669267,
            2.7576668841669267,
            33.36020583190395,
            33.36020583190395,
            33.36020583190395,
            33.36020583190395,
            235.11352657004832
        ],
        "total_training_samples": [
            132454,
            132454,
            132454,
            135364,
            135364,
            135364,
            135364,
            135776
        ],
        "entropy": [
            0.5793640140080556,
            0.5793640140080556,
            0.5793640140080556,
            0.6705127663073001,
            0.6705127663073001,
            0.6705127663073001,
            0.6705127663073001,
            0.6877410771768522
        ],
        "test_precision_macro": [
            0.9999508406253073,
            0.9999180730788138,
            0.9998884940604489,
            0.8888951048764069,
            0.9124053451116109,
            0.9308254167507478,
            0.9043660053100004,
            0.8554182664581217
        ],
        "test_recall_macro": [
            0.9998621576916008,
            0.9997702628193347,
            0.9997998221859823,
            0.8752143046689551,
            0.8386960315123765,
            0.8245392349567,
            0.8627053692096248,
            0.680161917363148
        ],
        "classification_reports": [
            {
                "0": {
                    "precision": 0.9999016812506145,
                    "recall": 1.0,
                    "f1-score": 0.9999508382085444,
                    "support": 30510.0
                },
                "1": {
                    "precision": 1.0,
                    "recall": 0.9997243153832016,
                    "f1-score": 0.9998621386884794,
                    "support": 10882.0
                },
                "accuracy": 0.9999275222265172,
                "macro avg": {
                    "precision": 0.9999508406253073,
                    "recall": 0.9998621576916008,
                    "f1-score": 0.9999064884485118,
                    "support": 41392.0
                },
                "weighted avg": {
                    "precision": 0.9999275293524412,
                    "recall": 0.9999275222265172,
                    "f1-score": 0.9999275190121453,
                    "support": 41392.0
                }
            },
            {
                "0": {
                    "precision": 0.9998361461576274,
                    "recall": 1.0,
                    "f1-score": 0.9999180663662434,
                    "support": 30510.0
                },
                "1": {
                    "precision": 1.0,
                    "recall": 0.9995405256386694,
                    "f1-score": 0.9997702100280343,
                    "support": 10882.0
                },
                "accuracy": 0.999879203710862,
                "macro avg": {
                    "precision": 0.9999180730788138,
                    "recall": 0.9997702628193347,
                    "f1-score": 0.9998441381971388,
                    "support": 41392.0
                },
                "weighted avg": {
                    "precision": 0.9998792235037981,
                    "recall": 0.999879203710862,
                    "f1-score": 0.9998791947806135,
                    "support": 41392.0
                }
            },
            {
                "0": {
                    "precision": 0.9998689083341527,
                    "recall": 0.9999672238610292,
                    "f1-score": 0.9999180636809072,
                    "support": 30510.0
                },
                "1": {
                    "precision": 0.9999080797867451,
                    "recall": 0.9996324205109355,
                    "f1-score": 0.9997702311474657,
                    "support": 10882.0
                },
                "accuracy": 0.999879203710862,
                "macro avg": {
                    "precision": 0.9998884940604489,
                    "recall": 0.9997998221859823,
                    "f1-score": 0.9998441474141864,
                    "support": 41392.0
                },
                "weighted avg": {
                    "precision": 0.9998792065499216,
                    "recall": 0.999879203710862,
                    "f1-score": 0.9998791983535755,
                    "support": 41392.0
                }
            },
            {
                "0": {
                    "precision": 0.6812796208530806,
                    "recall": 0.6360619469026548,
                    "f1-score": 0.6578947368421053,
                    "support": 904.0
                },
                "1": {
                    "precision": 0.9891407762212526,
                    "recall": 0.9898552152073279,
                    "f1-score": 0.9894978667541845,
                    "support": 30459.0
                },
                "2": {
                    "precision": 0.9962649175548874,
                    "recall": 0.9997257518968827,
                    "f1-score": 0.9979923343675853,
                    "support": 10939.0
                },
                "accuracy": 0.9848470521488346,
                "macro avg": {
                    "precision": 0.8888951048764069,
                    "recall": 0.8752143046689551,
                    "f1-score": 0.8817949793212917,
                    "support": 42302.0
                },
                "weighted avg": {
                    "precision": 0.9844039906696429,
                    "recall": 0.9848470521488346,
                    "f1-score": 0.9846080684416336,
                    "support": 42302.0
                }
            },
            {
                "0": {
                    "precision": 0.7515923566878981,
                    "recall": 0.5221238938053098,
                    "f1-score": 0.6161879895561357,
                    "support": 904.0
                },
                "1": {
                    "precision": 0.9856236786469345,
                    "recall": 0.9948783610755442,
                    "f1-score": 0.9902293967714528,
                    "support": 30459.0
                },