{
    "AdvancedTabularClassifier": {
        "filter_sizes": [
            12000,
            8000,
            6000,
            4500,
            3500,
            1500,
            1000,
            300
        ],
        "training_time_seconds": [
            39.888864517211914,
            41.69057750701904,
            41.74149513244629,
            47.65533638000488,
            41.466681241989136,
            41.85252380371094,
            43.84519696235657,
            47.198861598968506
        ],
        "num_classes": [
            2,
            3,
            4,
            4,
            4,
            4,
            4,
            4
        ],
        "test_f1_macro": [
            0.7168116377921884,
            0.5839342227350292,
            0.43990525015941095,
            0.4579215222195865,
            0.43132548030173823,
            0.45209057232258276,
            0.4445437829674606,
            0.46221158118137184
        ],
        "test_f1_micro": [
            0.7319954307077211,
            0.6369063639255218,
            0.5767852934244638,
            0.5623615366485977,
            0.5362950742399246,
            0.5868960641055857,
            0.5695262785764789,
            0.5882158849870375
        ],
        "test_f1_weighted": [
            0.7327189548684007,
            0.6504836828812051,
            0.5975551092485253,
            0.601205449650093,
            0.5780330710526671,
            0.6113215750425165,
            0.599798366088161,
            0.6157168390252659
        ],
        "cv_class_weights": [
            0.23823589086532593,
            0.9784849286079407,
            0.8526410460472107,
            0.8526410460472107,
            0.8526410460472107,
            0.8526410460472107,
            0.8526410460472107,
            0.8526410460472107
        ],
        "imbalance_ratio": [
            1.6254845993268863,
            10.114982116836668,
            15.160732046946489,
            15.160732046946489,
            15.160732046946489,
            15.160732046946489,
            15.160732046946489,
            15.160732046946489
        ],
        "total_training_samples": [
            123256,
            130785,
            135776,
            135776,
            135776,
            135776,
            135776,
            135776
        ],
        "entropy": [
            0.6644942900012158,
            0.8465637482123152,
            0.9745313681488466,
            0.9745313681488466,
            0.9745313681488466,
            0.9745313681488466,
            0.9745313681488466,
            0.9745313681488466
        ],
        "test_precision_macro": [
            0.7157388641399764,
            0.5657257105961091,
            0.45640746936647997,
            0.463379080655561,
            0.4376404374050331,
            0.4398099904872347,
            0.43422314038566434,
            0.44910663841846643
        ],
        "test_recall_macro": [
            0.7180815100606721,
            0.6692068084613222,
            0.5095374691411603,
            0.5281971528546441,
            0.522480640762237,
            0.5258051149789972,
            0.528416346378787,
            0.5300210857221378
        ],
        "classification_reports": [
            {
                "0": {
                    "precision": 0.6420197175592859,
                    "recall": 0.6607253033523,
                    "f1-score": 0.6512382175073482,
                    "support": 14587.0
                },
                "1": {
                    "precision": 0.789458010720667,
                    "recall": 0.7754377167690444,
                    "f1-score": 0.7823850580770285,
                    "support": 23931.0
                },
                "accuracy": 0.7319954307077211,
                "macro avg": {
                    "precision": 0.7157388641399764,
                    "recall": 0.7180815100606721,
                    "f1-score": 0.7168116377921884,
                    "support": 38518.0
                },
                "weighted avg": {
                    "precision": 0.7336222356974293,
                    "recall": 0.7319954307077211,
                    "f1-score": 0.7327189548684007,
                    "support": 38518.0
                }
            },
            {
                "0": {
                    "precision": 0.5360983950140643,
                    "recall": 0.6624863685932388,
                    "f1-score": 0.592628722982654,
                    "support": 14672.0
                },
                "1": {
                    "precision": 0.3287143956889915,
                    "recall": 0.7333619579218549,
                    "f1-score": 0.45395348837209304,
                    "support": 2329.0
                },
                "2": {
                    "precision": 0.8323643410852714,
                    "recall": 0.6117720988688731,
                    "f1-score": 0.7052204568503405,
                    "support": 23870.0
                },
                "accuracy": 0.6369063639255218,
                "macro avg": {
                    "precision": 0.5657257105961091,
                    "recall": 0.6692068084613222,
                    "f1-score": 0.5839342227350292,
                    "support": 40871.0
                },
                "weighted avg": {
                    "precision": 0.6973097869127607,
                    "recall": 0.6369063639255218,
                    "f1-score": 0.6504836828812051,
                    "support": 40871.0
                }
            },
            {
                "0": {
                    "precision": 0.5932584269662922,
                    "recall": 0.32592592592592595,
                    "f1-score": 0.4207171314741036,
                    "support": 14580.0
                },
                "1": {
                    "precision": 0.09109730848861283,
                    "recall": 0.465300727032386,
                    "f1-score": 0.1523644627204848,
                    "support": 1513.0
                },
                "2": {
                    "precision": 0.38827098078867545,
                    "recall": 0.5041575492341357,
                    "f1-score": 0.43869002284843867,
                    "support": 2285.0
                },
                "3": {
                    "precision": 0.7530031612223393,
                    "recall": 0.7427656743721935,
                    "f1-score": 0.7478493835946166,
                    "support": 24052.0
                },
                "accuracy": 0.5767852934244638,
                "macro avg": {
                    "precision": 0.45640746936647997,
                    "recall": 0.5095374691411603,
                    "f1-score": 0.43990525015941095,
                    "support": 42430.0
                },
                "weighted avg": {
                    "precision": 0.6548661163736422,
                    "recall": 0.5767852934244638,
                    "f1-score": 0.5975551092485253,
                    "support": 42430.0
                }
            },
            {
                "0": {
                    "precision": 0.5376268540202966,
                    "recall": 0.4723593964334705,
                    "f1-score": 0.5028842643300475,
                    "support": 14580.0
                },
                "1": {
                    "precision": 0.09181360201511335,
                    "recall": 0.48182419035029744,
                    "f1-score": 0.15423675023801967,
                    "support": 1513.0
                },
                "2": {
                    "precision": 0.42538354253835425,
                    "recall": 0.5339168490153173,
                    "f1-score": 0.47351057636328353,
                    "support": 2285.0
                },
                "3": {
                    "precision": 0.7986923240484797,
                    "recall": 0.6246881756194911,
                    "f1-score": 0.7010544979469951,