{
    "TabNet": {
        "filter_sizes": [
            12000,
            8000,
            6000,
            4500,
            3500,
            1500,
            1000,
            300
        ],
        "training_time_seconds": [
            540.060863494873,
            515.0975480079651,
            541.8296663761139,
            516.5335118770599,
            1473.9428589344025,
            909.1839015483856,
            904.5357012748718,
            931.278947353363
        ],
        "num_classes": [
            2,
            2,
            2,
            2,
            4,
            5,
            5,
            5
        ],
        "test_f1_macro": [
            0.8549324617847445,
            0.8549324617847445,
            0.8549324617847445,
            0.8549324617847445,
            0.6741094358418693,
            0.49964553937111733,
            0.49964553937111733,
            0.49964553937111733
        ],
        "test_f1_micro": [
            0.9366242352476811,
            0.9366242352476811,
            0.9366242352476811,
            0.9366242352476811,
            0.9297387173396675,
            0.8908319585199151,
            0.8908319585199151,
            0.8908319585199151
        ],
        "test_f1_weighted": [
            0.942970192073774,
            0.942970192073774,
            0.942970192073774,
            0.942970192073774,
            0.9330643318992442,
            0.906306944813166,
            0.906306944813166,
            0.906306944813166
        ],
        "cv_class_weights": [
            0.8077925281773748,
            0.8077925281773748,
            0.8077925281773748,
            0.8077925281773748,
            1.4368235608183133,
            1.6648409183442676,
            1.6648409183442676,
            1.6648409183442676
        ],
        "total_training_samples": [
            129714,
            129714,
            129714,
            129714,
            134718,
            135776,
            135776,
            135776
        ],
        "imbalance_ratio": [
            9.405422749879673,
            9.405422749879673,
            9.405422749879673,
            9.405422749879673,
            47.2953995157385,
            109.1266294227188,
            109.1266294227188,
            109.1266294227188
        ],
        "entropy": [
            0.4565216212797996,
            0.4565216212797996,
            0.4565216212797996,
            0.4565216212797996,
            0.35362736276598183,
            0.3304862772178301,
            0.3304862772178301,
            0.3304862772178301
        ],
        "test_precision_macro": [
            0.8009022133103658,
            0.8009022133103658,
            0.8009022133103658,
            0.8009022133103658,
            0.6476462639611691,
            0.4523058085216801,
            0.4523058085216801,
            0.4523058085216801
        ],
        "test_recall_macro": [
            0.953082228047359,
            0.953082228047359,
            0.953082228047359,
            0.953082228047359,
            0.7120688376411047,
            0.5950313417272161,
            0.5950313417272161,
            0.5950313417272161
        ],
        "classification_reports": [
            {
                "0": {
                    "precision": 0.6048076923076923,
                    "recall": 0.97343306680423,
                    "f1-score": 0.746070969655036,
                    "support": 3877.0
                },
                "1": {
                    "precision": 0.9969967343130394,
                    "recall": 0.932731389290488,
                    "f1-score": 0.9637939539144528,
                    "support": 36659.0
                },
                "accuracy": 0.9366242352476811,
                "macro avg": {
                    "precision": 0.8009022133103658,
                    "recall": 0.953082228047359,
                    "f1-score": 0.8549324617847445,
                    "support": 40536.0
                },
                "weighted avg": {
                    "precision": 0.9594864492366942,
                    "recall": 0.9366242352476811,
                    "f1-score": 0.942970192073774,
                    "support": 40536.0
                }
            },
            {
                "0": {
                    "precision": 0.6048076923076923,
                    "recall": 0.97343306680423,
                    "f1-score": 0.746070969655036,
                    "support": 3877.0
                },
                "1": {
                    "precision": 0.9969967343130394,
                    "recall": 0.932731389290488,
                    "f1-score": 0.9637939539144528,
                    "support": 36659.0
                },
                "accuracy": 0.9366242352476811,
                "macro avg": {
                    "precision": 0.8009022133103658,
                    "recall": 0.953082228047359,
                    "f1-score": 0.8549324617847445,
                    "support": 40536.0
                },
                "weighted avg": {
                    "precision": 0.9594864492366942,
                    "recall": 0.9366242352476811,
                    "f1-score": 0.942970192073774,
                    "support": 40536.0
                }
            },
            {
                "0": {
                    "precision": 0.6048076923076923,
                    "recall": 0.97343306680423,
                    "f1-score": 0.746070969655036,
                    "support": 3877.0
                },
                "1": {
                    "precision": 0.9969967343130394,
                    "recall": 0.932731389290488,
                    "f1-score": 0.9637939539144528,
                    "support": 36659.0
                },
                "accuracy": 0.9366242352476811,
                "macro avg": {
                    "precision": 0.8009022133103658,
                    "recall": 0.953082228047359,
                    "f1-score": 0.8549324617847445,
                    "support": 40536.0
                },
                "weighted avg": {
                    "precision": 0.9594864492366942,
                    "recall": 0.9366242352476811,
                    "f1-score": 0.942970192073774,
                    "support": 40536.0
                }
            },
            {
                "0": {
                    "precision": 0.6048076923076923,
                    "recall": 0.97343306680423,
                    "f1-score": 0.746070969655036,
                    "support": 3877.0
                },
                "1": {
                    "precision": 0.9969967343130394,
                    "recall": 0.932731389290488,
                    "f1-score": 0.9637939539144528,
                    "support": 36659.0
                },
                "accuracy": 0.9366242352476811,
                "macro avg": {
                    "precision": 0.8009022133103658,
                    "recall": 0.953082228047359,
                    "f1-score": 0.8549324617847445,
                    "support": 40536.0
                },
                "weighted avg": {
                    "precision": 0.9594864492366942,
                    "recall": 0.9366242352476811,
                    "f1-score": 0.942970192073774,
                    "support": 40536.0
                }
            },
            {
                "0": {
                    "precision": 0.7302010171954468,
                    "recall": 0.7857701329163409,
                    "f1-score": 0.7569671102184283,
                    "support": 3837.0
                },
                "1": {
                    "precision": 0.9800266681482305,
                    "recall": 0.9607047546429933,
                    "f1-score": 0.9702695269526953,
                    "support": 36722.0
                },
                "2": {
                    "precision": 0.3828326180257511,
                    "recall": 0.5883905013192612,