{
    "AdvancedTabularClassifier": {
        "filter_sizes": [
            12000,
            8000,
            6000,
            4500,
            3500,
            1500,
            1000,
            300
        ],
        "training_time_seconds": [
            47.49577307701111,
            51.6972382068634,
            49.83416152000427,
            45.94148135185242,
            43.6002893447876,
            48.11962699890137,
            52.159826040267944,
            54.61178517341614
        ],
        "num_classes": [
            2,
            2,
            2,
            2,
            4,
            5,
            5,
            5
        ],
        "test_f1_macro": [
            0.8732848472097685,
            0.8502321083282658,
            0.8528731264647869,
            0.8607372408503428,
            0.5410856340659417,
            0.457791181422873,
            0.484519307982168,
            0.48348852074645254
        ],
        "test_f1_micro": [
            0.9470594039865798,
            0.9329978290901915,
            0.9347740280244721,
            0.9404233274126702,
            0.8419714964370546,
            0.8319585199151543,
            0.8455338204100872,
            0.846830073061513
        ],
        "test_f1_weighted": [
            0.9509902306780827,
            0.9397104932417194,
            0.9410945115663417,
            0.9453999720908445,
            0.8711004374951735,
            0.8613452337501022,
            0.8719125323341673,
            0.8734972392810254
        ],
        "cv_class_weights": [
            0.8090568780899048,
            0.8090568780899048,
            0.8090568780899048,
            0.8090568780899048,
            0.8076450824737549,
            0.9004793167114258,
            0.9004793167114258,
            0.9004793167114258
        ],
        "imbalance_ratio": [
            9.474321705426357,
            9.474321705426357,
            9.474321705426357,
            9.474321705426357,
            47.042502004811546,
            110.57964184731385,
            110.57964184731385,
            110.57964184731385
        ],
        "total_training_samples": [
            129714,
            129714,
            129714,
            129714,
            134718,
            135776,
            135776,
            135776
        ],
        "entropy": [
            0.3150175183558238,
            0.3150175183558238,
            0.3150175183558238,
            0.3150175183558238,
            0.4878513770286893,
            0.5297442692876037,
            0.5297442692876037,
            0.5297442692876037
        ],
        "test_precision_macro": [
            0.8278712954985357,
            0.7971658964088266,
            0.8006025407133103,
            0.8127303127729271,
            0.4878371509711783,
            0.40807211133946525,
            0.4282647688625828,
            0.4274375926306141
        ],
        "test_recall_macro": [
            0.942764948042216,
            0.9476229194985246,
            0.9464800166131924,
            0.9389737796710076,
            0.7415498244833115,
            0.5989061327483889,
            0.6272941716937824,
            0.6328747670153666
        ],
        "classification_reports": [
            {
                "0": {
                    "precision": 0.6628754220721521,
                    "recall": 0.9374214626790651,
                    "f1-score": 0.776597959608578,
                    "support": 3979.0
                },
                "1": {
                    "precision": 0.9928671689249191,
                    "recall": 0.948108433405367,
                    "f1-score": 0.9699717348109591,
                    "support": 36557.0
                },
                "accuracy": 0.9470594039865798,
                "macro avg": {
                    "precision": 0.8278712954985357,
                    "recall": 0.942764948042216,
                    "f1-score": 0.8732848472097685,
                    "support": 40536.0
                },
                "weighted avg": {
                    "precision": 0.960475291069996,
                    "recall": 0.9470594039865798,
                    "f1-score": 0.9509902306780827,
                    "support": 40536.0
                }
            },
            {
                "0": {
                    "precision": 0.5983185427370388,
                    "recall": 0.9658205579291279,
                    "f1-score": 0.7388963660834454,
                    "support": 3979.0
                },
                "1": {
                    "precision": 0.9960132500806145,
                    "recall": 0.9294252810679213,
                    "f1-score": 0.9615678505730861,
                    "support": 36557.0
                },
                "accuracy": 0.9329978290901915,
                "macro avg": {
                    "precision": 0.7971658964088266,
                    "recall": 0.9476229194985246,
                    "f1-score": 0.8502321083282658,
                    "support": 40536.0
                },
                "weighted avg": {
                    "precision": 0.9569756726057752,
                    "recall": 0.9329978290901915,
                    "f1-score": 0.9397104932417194,
                    "support": 40536.0
                }
            },
            {
                "0": {
                    "precision": 0.6057341992713449,
                    "recall": 0.9610454888162855,
                    "f1-score": 0.743101438010105,
                    "support": 3979.0
                },
                "1": {
                    "precision": 0.9954708821552757,
                    "recall": 0.9319145444100992,
                    "f1-score": 0.9626448149194687,
                    "support": 36557.0
                },
                "accuracy": 0.9347740280244721,
                "macro avg": {
                    "precision": 0.8006025407133103,
                    "recall": 0.9464800166131924,
                    "f1-score": 0.8528731264647869,
                    "support": 40536.0
                },
                "weighted avg": {
                    "precision": 0.957214461660033,
                    "recall": 0.9347740280244721,
                    "f1-score": 0.9410945115663417,
                    "support": 40536.0
                }
            },
            {
                "0": {
                    "precision": 0.6326772989480828,
                    "recall": 0.9371701432520734,
                    "f1-score": 0.7553934974171984,
                    "support": 3979.0
                },
                "1": {
                    "precision": 0.9927833265977715,
                    "recall": 0.9407774160899417,
                    "f1-score": 0.9660809842834871,
                    "support": 36557.0
                },
                "accuracy": 0.9404233274126702,
                "macro avg": {
                    "precision": 0.8127303127729271,
                    "recall": 0.9389737796710076,
                    "f1-score": 0.8607372408503428,
                    "support": 40536.0
                },
                "weighted avg": {
                    "precision": 0.9574354411621558,
                    "recall": 0.9404233274126702,
                    "f1-score": 0.9453999720908445,
                    "support": 40536.0
                }
            },
            {
                "0": {
                    "precision": 0.5182578090629124,
                    "recall": 0.5943491422805247,
                    "f1-score": 0.5537015276145711,
                    "support": 3964.0
                },
                "1": {
                    "precision": 0.9913340580835533,
                    "recall": 0.8728804288371076,
                    "f1-score": 0.9283439258860658,
                    "support": 36564.0
                },
                "2": {
                    "precision": 0.19294532627865962,