{
    "AdvancedTabularClassifier": {
        "filter_sizes": [
            12000,
            8000,
            6000,
            4500,
            3500,
            1500,
            1000,
            300
        ],
        "training_time_seconds": [
            142.34842801094055,
            309.62937092781067,
            52.90962266921997,
            44.89372205734253,
            42.67461538314819,
            51.734440326690674,
            46.29401779174805,
            65.84280252456665
        ],
        "num_classes": [
            2,
            2,
            2,
            3,
            3,
            3,
            3,
            4
        ],
        "test_f1_macro": [
            0.999875328988763,
            0.9998441474141864,
            0.9993145120124878,
            0.7712671936575696,
            0.7667220079259143,
            0.780240202385067,
            0.759796687324282,
            0.6576702025564307
        ],
        "test_f1_micro": [
            0.9999033629686896,
            0.999879203710862,
            0.9994684963277928,
            0.9328873339322018,
            0.9291759254881566,
            0.9389154177107465,
            0.9234078766961373,
            0.9244638227669102
        ],
        "test_f1_weighted": [
            0.9999033629686896,
            0.9998791983535755,
            0.9994685748191352,
            0.9509673616284955,
            0.9482243240181465,
            0.9548490182272905,
            0.9449257286866369,
            0.9446177649258344
        ],
        "cv_class_weights": [
            0.46810213357090014,
            0.46810213357090014,
            0.46810213357090014,
            0.8690060485112061,
            0.8690060485112061,
            0.8690060485112061,
            0.8690060485112061,
            1.1515808632037638
        ],
        "imbalance_ratio": [
            2.7576668841669267,
            2.7576668841669267,
            2.7576668841669267,
            33.36020583190395,
            33.36020583190395,
            33.36020583190395,
            33.36020583190395,
            235.11352657004832
        ],
        "total_training_samples": [
            132454,
            132454,
            132454,
            135364,
            135364,
            135364,
            135364,
            135776
        ],
        "entropy": [
            0.5793640140080556,
            0.5793640140080556,
            0.5793640140080556,
            0.6705127663073001,
            0.6705127663073001,
            0.6705127663073001,
            0.6705127663073001,
            0.6877410771768522
        ],
        "test_precision_macro": [
            0.999875328988763,
            0.9998884940604489,
            0.9991671553192898,
            0.7413494248392363,
            0.7373086336556073,
            0.7471037790869048,
            0.7335320166495011,
            0.6082309537667484
        ],
        "test_recall_macro": [
            0.999875328988763,
            0.9997998221859823,
            0.9994621062714351,
            0.9320717871256926,
            0.9314402446912687,
            0.936124792979334,
            0.9316713483010202,
            0.8962068880224174
        ],
        "classification_reports": [
            {
                "0": {
                    "precision": 0.9999344477220583,
                    "recall": 0.9999344477220583,
                    "f1-score": 0.9999344477220583,
                    "support": 30510.0
                },
                "1": {
                    "precision": 0.9998162102554677,
                    "recall": 0.9998162102554677,
                    "f1-score": 0.9998162102554677,
                    "support": 10882.0
                },
                "accuracy": 0.9999033629686896,
                "macro avg": {
                    "precision": 0.999875328988763,
                    "recall": 0.999875328988763,
                    "f1-score": 0.999875328988763,
                    "support": 41392.0
                },
                "weighted avg": {
                    "precision": 0.9999033629686896,
                    "recall": 0.9999033629686896,
                    "f1-score": 0.9999033629686896,
                    "support": 41392.0
                }
            },
            {
                "0": {
                    "precision": 0.9998689083341527,
                    "recall": 0.9999672238610292,
                    "f1-score": 0.9999180636809072,
                    "support": 30510.0
                },
                "1": {
                    "precision": 0.9999080797867451,
                    "recall": 0.9996324205109355,
                    "f1-score": 0.9997702311474657,
                    "support": 10882.0
                },
                "accuracy": 0.999879203710862,
                "macro avg": {
                    "precision": 0.9998884940604489,
                    "recall": 0.9997998221859823,
                    "f1-score": 0.9998441474141864,
                    "support": 41392.0
                },
                "weighted avg": {
                    "precision": 0.9998792065499216,
                    "recall": 0.999879203710862,
                    "f1-score": 0.9998791983535755,
                    "support": 41392.0
                }
            },
            {
                "0": {
                    "precision": 0.9998032786885246,
                    "recall": 0.9994755817764668,
                    "f1-score": 0.9996394033764957,
                    "support": 30510.0
                },
                "1": {
                    "precision": 0.9985310319500551,
                    "recall": 0.9994486307664032,
                    "f1-score": 0.9989896206484798,
                    "support": 10882.0
                },
                "accuracy": 0.9994684963277928,
                "macro avg": {
                    "precision": 0.9991671553192898,
                    "recall": 0.9994621062714351,
                    "f1-score": 0.9993145120124878,
                    "support": 41392.0
                },
                "weighted avg": {
                    "precision": 0.9994688036931626,
                    "recall": 0.9994684963277928,
                    "f1-score": 0.9994685748191352,
                    "support": 41392.0
                }
            },
            {
                "0": {
                    "precision": 0.22903593839132916,
                    "recall": 0.8882743362831859,
                    "f1-score": 0.364172335600907,
                    "support": 904.0
                },
                "1": {
                    "precision": 0.995195755055213,
                    "recall": 0.9113234183656719,
                    "f1-score": 0.9514147144007815,
                    "support": 30459.0
                },
                "2": {
                    "precision": 0.9998165810711666,
                    "recall": 0.9966176067282201,
                    "f1-score": 0.9982145309710204,
                    "support": 10939.0
                },
                "accuracy": 0.9328873339322018,
                "macro avg": {
                    "precision": 0.7413494248392363,
                    "recall": 0.9320717871256926,
                    "f1-score": 0.7712671936575696,
                    "support": 42302.0
                },
                "weighted avg": {
                    "precision": 0.9800177195373738,
                    "recall": 0.9328873339322018,
                    "f1-score": 0.9509673616284955,
                    "support": 42302.0
                }
            },
            {
                "0": {
                    "precision": 0.22206896551724137,
                    "recall": 0.8904867256637168,
                    "f1-score": 0.3554868624420402,
                    "support": 904.0
                },
                "1": {
                    "precision": 0.996135370390436,