{
    "TabNet": {
        "filter_sizes": [
            12000,
            8000,
            6000,
            4500,
            3500,
            1500,
            1000,
            300
        ],
        "training_time_seconds": [
            1167.0265460014343,
            1178.2508163452148,
            1086.991022825241,
            1069.215746164322,
            1057.2003338336945,
            1049.1286997795105,
            1055.7568354606628,
            1292.7646794319153
        ],
        "num_classes": [
            2,
            2,
            2,
            3,
            3,
            3,
            3,
            4
        ],
        "test_f1_macro": [
            0.9999384454331688,
            0.9999384454331688,
            0.9999384454331688,
            0.861613985758582,
            0.861613985758582,
            0.861613985758582,
            0.861613985758582,
            0.7395303366226499
        ],
        "test_f1_micro": [
            0.9999516814843448,
            0.9999516814843448,
            0.9999516814843448,
            0.9860763084487731,
            0.9860763084487731,
            0.9860763084487731,
            0.9860763084487731,
            0.9822766910205044
        ],
        "test_f1_weighted": [
            0.9999516814843448,
            0.9999516814843448,
            0.9999516814843448,
            0.9846869520028666,
            0.9846869520028666,
            0.9846869520028666,
            0.9846869520028666,
            0.980021463759611
        ],
        "cv_class_weights": [
            0.4703670708321379,
            0.4703670708321379,
            0.4703670708321379,
            0.8657339053052465,
            0.8657339053052465,
            0.8657339053052465,
            0.8657339053052465,
            1.1498998231951623
        ],
        "total_training_samples": [
            132454,
            132454,
            132454,
            135364,
            135364,
            135364,
            135364,
            135776
        ],
        "imbalance_ratio": [
            2.7762002508837953,
            2.7762002508837953,
            2.7762002508837953,
            33.00713800135962,
            33.00713800135962,
            33.00713800135962,
            33.00713800135962,
            240.60643564356437
        ],
        "entropy": [
            0.578034739746464,
            0.578034739746464,
            0.578034739746464,
            0.672042608701162,
            0.672042608701162,
            0.672042608701162,
            0.672042608701162,
            0.6883820485420132
        ],
        "test_precision_macro": [
            0.9999384454331688,
            0.9999384454331688,
            0.9999384454331688,
            0.9114146528936353,
            0.9114146528936353,
            0.9114146528936353,
            0.9114146528936353,
            0.8560311489726423
        ],
        "test_recall_macro": [
            0.9999384454331688,
            0.9999384454331688,
            0.9999384454331688,
            0.8293640195296565,
            0.8293640195296565,
            0.8293640195296565,
            0.8293640195296565,
            0.6853266710267368
        ],
        "classification_reports": [
            {
                "0": {
                    "precision": 0.9999669890733833,
                    "recall": 0.9999669890733833,
                    "f1-score": 0.9999669890733833,
                    "support": 30293.0
                },
                "1": {
                    "precision": 0.9999099017929544,
                    "recall": 0.9999099017929544,
                    "f1-score": 0.9999099017929544,
                    "support": 11099.0
                },
                "accuracy": 0.9999516814843448,
                "macro avg": {
                    "precision": 0.9999384454331688,
                    "recall": 0.9999384454331688,
                    "f1-score": 0.9999384454331688,
                    "support": 41392.0
                },
                "weighted avg": {
                    "precision": 0.9999516814843448,
                    "recall": 0.9999516814843448,
                    "f1-score": 0.9999516814843448,
                    "support": 41392.0
                }
            },
            {
                "0": {
                    "precision": 0.9999669890733833,
                    "recall": 0.9999669890733833,
                    "f1-score": 0.9999669890733833,
                    "support": 30293.0
                },
                "1": {
                    "precision": 0.9999099017929544,
                    "recall": 0.9999099017929544,
                    "f1-score": 0.9999099017929544,
                    "support": 11099.0
                },
                "accuracy": 0.9999516814843448,
                "macro avg": {
                    "precision": 0.9999384454331688,
                    "recall": 0.9999384454331688,
                    "f1-score": 0.9999384454331688,
                    "support": 41392.0
                },
                "weighted avg": {
                    "precision": 0.9999516814843448,
                    "recall": 0.9999516814843448,
                    "f1-score": 0.9999516814843448,
                    "support": 41392.0
                }
            },
            {
                "0": {
                    "precision": 0.9999669890733833,
                    "recall": 0.9999669890733833,
                    "f1-score": 0.9999669890733833,
                    "support": 30293.0
                },
                "1": {
                    "precision": 0.9999099017929544,
                    "recall": 0.9999099017929544,
                    "f1-score": 0.9999099017929544,
                    "support": 11099.0
                },
                "accuracy": 0.9999516814843448,
                "macro avg": {
                    "precision": 0.9999384454331688,
                    "recall": 0.9999384454331688,
                    "f1-score": 0.9999384454331688,
                    "support": 41392.0
                },
                "weighted avg": {
                    "precision": 0.9999516814843448,
                    "recall": 0.9999516814843448,
                    "f1-score": 0.9999516814843448,
                    "support": 41392.0
                }
            },
            {
                "0": {
                    "precision": 0.7486910994764397,
                    "recall": 0.49310344827586206,
                    "f1-score": 0.5945945945945946,
                    "support": 870.0
                },
                "1": {
                    "precision": 0.9856454689470111,
                    "recall": 0.9952663880908853,
                    "f1-score": 0.9904325650147003,
                    "support": 30632.0
                },
                "2": {
                    "precision": 0.9999073902574551,
                    "recall": 0.9997222222222222,
                    "f1-score": 0.9998147976664506,
                    "support": 10800.0
                },
                "accuracy": 0.9860763084487731,
                "macro avg": {
                    "precision": 0.9114146528936353,
                    "recall": 0.8293640195296565,
                    "f1-score": 0.861613985758582,
                    "support": 42302.0
                },
                "weighted avg": {
                    "precision": 0.9844133392300568,
                    "recall": 0.9860763084487731,
                    "f1-score": 0.9846869520028666,
                    "support": 42302.0
                }
            },
            {
                "0": {
                    "precision": 0.7486910994764397,
                    "recall": 0.49310344827586206,
                    "f1-score": 0.5945945945945946,
                    "support": 870.0
                },
                "1": {
                    "precision": 0.9856454689470111,
                    "recall": 0.9952663880908853,