{
    "TabICLClassifier": {
        "filter_sizes": [
            12000,
            8000,
            6000,
            4500,
            3500,
            1500,
            1000,
            300
        ],
        "training_time_seconds": [
            30.20930528640747,
            30.66789436340332,
            28.997408866882324,
            29.772398710250854,
            29.64368510246277,
            29.331948041915894,
            30.374718189239502,
            30.287455797195435
        ],
        "num_classes": [
            2,
            2,
            2,
            3,
            3,
            3,
            3,
            4
        ],
        "test_f1_macro": [
            1.0,
            1.0,
            1.0,
            0.8897786941417886,
            0.8897786941417886,
            0.8897786941417886,
            0.8897786941417886,
            0.829038718519974
        ],
        "test_f1_micro": [
            1.0,
            1.0,
            1.0,
            0.9882511465178951,
            0.9882511465178951,
            0.9882511465178951,
            0.9882511465178951,
            0.9850813103935895
        ],
        "test_f1_weighted": [
            1.0,
            1.0,
            1.0,
            0.987355638061771,
            0.987355638061771,
            0.987355638061771,
            0.987355638061771,
            0.9841268475069728
        ],
        "cv_class_weights": [
            0.4684796231144397,
            0.4684796231144397,
            0.4684796231144397,
            0.868137442372907,
            0.868137442372907,
            0.868137442372907,
            0.868137442372907,
            1.1507869570454237
        ],
        "imbalance_ratio": [
            2.7627908298059713,
            2.7627908298059713,
            2.7627908298059713,
            33.25495557074505,
            33.25495557074505,
            33.25495557074505,
            33.25495557074505,
            241.43424317617865
        ],
        "total_training_samples": [
            132454,
            132454,
            132454,
            135364,
            135364,
            135364,
            135364,
            135776
        ],
        "entropy": [
            0.8353147657472386,
            0.8353147657472386,
            0.8353147657472386,
            0.6101074544235189,
            0.6101074544235189,
            0.6101074544235189,
            0.6101074544235189,
            0.49648888022639837
        ],
        "test_precision_macro": [
            1.0,
            1.0,
            1.0,
            0.9303427789694361,
            0.9303427789694361,
            0.9303427789694361,
            0.9303427789694361,
            0.8616486693017461
        ],
        "test_recall_macro": [
            1.0,
            1.0,
            1.0,
            0.8605486603182836,
            0.8605486603182836,
            0.8605486603182836,
            0.8605486603182836,
            0.8040674237455984
        ],
        "classification_reports": [
            {
                "0": {
                    "precision": 1.0,
                    "recall": 1.0,
                    "f1-score": 1.0,
                    "support": 30450.0
                },
                "1": {
                    "precision": 1.0,
                    "recall": 1.0,
                    "f1-score": 1.0,
                    "support": 10942.0
                },
                "accuracy": 1.0,
                "macro avg": {
                    "precision": 1.0,
                    "recall": 1.0,
                    "f1-score": 1.0,
                    "support": 41392.0
                },
                "weighted avg": {
                    "precision": 1.0,
                    "recall": 1.0,
                    "f1-score": 1.0,
                    "support": 41392.0
                }
            },
            {
                "0": {
                    "precision": 1.0,
                    "recall": 1.0,
                    "f1-score": 1.0,
                    "support": 30450.0
                },
                "1": {
                    "precision": 1.0,
                    "recall": 1.0,
                    "f1-score": 1.0,
                    "support": 10942.0
                },
                "accuracy": 1.0,
                "macro avg": {
                    "precision": 1.0,
                    "recall": 1.0,
                    "f1-score": 1.0,
                    "support": 41392.0
                },
                "weighted avg": {
                    "precision": 1.0,
                    "recall": 1.0,
                    "f1-score": 1.0,
                    "support": 41392.0
                }
            },
            {
                "0": {
                    "precision": 1.0,
                    "recall": 1.0,
                    "f1-score": 1.0,
                    "support": 30450.0
                },
                "1": {
                    "precision": 1.0,
                    "recall": 1.0,
                    "f1-score": 1.0,
                    "support": 10942.0
                },
                "accuracy": 1.0,
                "macro avg": {
                    "precision": 1.0,
                    "recall": 1.0,
                    "f1-score": 1.0,
                    "support": 41392.0
                },
                "weighted avg": {
                    "precision": 1.0,
                    "recall": 1.0,
                    "f1-score": 1.0,
                    "support": 41392.0
                }
            },
            {
                "0": {
                    "precision": 0.803076923076923,
                    "recall": 0.5858585858585859,
                    "f1-score": 0.6774821544451655,
                    "support": 891.0
                },
                "1": {
                    "precision": 0.9879514138313851,
                    "recall": 0.9957873950962646,
                    "f1-score": 0.9918539279802003,
                    "support": 30385.0
                },
                "2": {
                    "precision": 1.0,
                    "recall": 1.0,
                    "f1-score": 1.0,
                    "support": 11026.0
                },
                "accuracy": 0.9882511465178951,
                "macro avg": {
                    "precision": 0.9303427789694361,
                    "recall": 0.8605486603182836,
                    "f1-score": 0.8897786941417886,
                    "support": 42302.0
                },
                "weighted avg": {
                    "precision": 0.987197892480927,
                    "recall": 0.9882511465178951,
                    "f1-score": 0.987355638061771,
                    "support": 42302.0
                }
            },
            {
                "0": {
                    "precision": 0.803076923076923,
                    "recall": 0.5858585858585859,
                    "f1-score": 0.6774821544451655,
                    "support": 891.0
                },
                "1": {
                    "precision": 0.9879514138313851,
                    "recall": 0.9957873950962646,
                    "f1-score": 0.9918539279802003,
                    "support": 30385.0
                },
                "2": {
                    "precision": 1.0,
                    "recall": 1.0,
                    "f1-score": 1.0,
                    "support": 11026.0
                },
                "accuracy": 0.9882511465178951,
                "macro avg": {
                    "precision": 0.9303427789694361,
                    "recall": 0.8605486603182836,
                    "f1-score": 0.8897786941417886,
                    "support": 42302.0
                },
                "weighted avg": {
                    "precision": 0.987197892480927,
                    "recall": 0.9882511465178951,
                    "f1-score": 0.987355638061771,