{
    "AdvancedTabularClassifier": {
        "filter_sizes": [
            12000,
            8000,
            6000,
            4500,
            3500,
            1500,
            1000,
            300
        ],
        "training_time_seconds": [
            41.962164878845215,
            38.70765972137451,
            46.75273013114929,
            48.22135877609253,
            48.73208522796631,
            48.0415825843811,
            45.578181982040405,
            63.07283973693848
        ],
        "num_classes": [
            2,
            3,
            4,
            4,
            4,
            4,
            4,
            4
        ],
        "test_f1_macro": [
            0.7250435299155178,
            0.5756030818380511,
            0.4201302551465822,
            0.4553080993625185,
            0.4762990579467393,
            0.45724202825887783,
            0.43978838871646503,
            0.45214620430893815
        ],
        "test_f1_micro": [
            0.7364608754348616,
            0.6405764478481074,
            0.5392175347631393,
            0.587084609945793,
            0.5916804148008484,
            0.5747112891821824,
            0.5639406080603346,
            0.5633042658496347
        ],
        "test_f1_weighted": [
            0.7386355386469167,
            0.6547553038847476,
            0.5755133290567558,
            0.6109016389473545,
            0.623152566026549,
            0.6036566630720409,
            0.5923804214656374,
            0.5951180991956656
        ],
        "cv_class_weights": [
            0.23823589086532593,
            0.9784849286079407,
            0.8526410460472107,
            0.8526410460472107,
            0.8526410460472107,
            0.8526410460472107,
            0.8526410460472107,
            0.8526410460472107
        ],
        "imbalance_ratio": [
            1.6254845993268863,
            10.114982116836668,
            15.160732046946489,
            15.160732046946489,
            15.160732046946489,
            15.160732046946489,
            15.160732046946489,
            15.160732046946489
        ],
        "total_training_samples": [
            123256,
            130785,
            135776,
            135776,
            135776,
            135776,
            135776,
            135776
        ],
        "entropy": [
            0.6644942900012158,
            0.8465637482123152,
            0.9745313681488466,
            0.9745313681488466,
            0.9745313681488466,
            0.9745313681488466,
            0.9745313681488466,
            0.9745313681488466
        ],
        "test_precision_macro": [
            0.7225069541864126,
            0.5540596244620114,
            0.42243792918601464,
            0.4425868628395113,
            0.4752554495224772,
            0.44542607992462413,
            0.436286863423213,
            0.4407934217785502
        ],
        "test_recall_macro": [
            0.7299864492674615,
            0.6720181386004057,
            0.5175896971437135,
            0.540622424871075,
            0.5391710110897248,
            0.535915623190589,
            0.5364736821579879,
            0.5393404962374805
        ],
        "classification_reports": [
            {
                "0": {
                    "precision": 0.6379181693819177,
                    "recall": 0.7032974566394735,
                    "f1-score": 0.6690143141282728,
                    "support": 14587.0
                },
                "1": {
                    "precision": 0.8070957389909075,
                    "recall": 0.7566754418954494,
                    "f1-score": 0.7810727457027627,
                    "support": 23931.0
                },
                "accuracy": 0.7364608754348616,
                "macro avg": {
                    "precision": 0.7225069541864126,
                    "recall": 0.7299864492674615,
                    "f1-score": 0.7250435299155178,
                    "support": 38518.0
                },
                "weighted avg": {
                    "precision": 0.7430271682477138,
                    "recall": 0.7364608754348616,
                    "f1-score": 0.7386355386469167,
                    "support": 38518.0
                }
            },
            {
                "0": {
                    "precision": 0.5548221982758621,
                    "recall": 0.5614776444929117,
                    "f1-score": 0.558130081300813,
                    "support": 14672.0
                },
                "1": {
                    "precision": 0.29973562458691344,
                    "recall": 0.7788750536711034,
                    "f1-score": 0.4328839040687269,
                    "support": 2329.0
                },
                "2": {
                    "precision": 0.8076210505232587,
                    "recall": 0.6757017176372015,
                    "f1-score": 0.7357952601446135,
                    "support": 23870.0
                },
                "accuracy": 0.6405764478481074,
                "macro avg": {
                    "precision": 0.5540596244620114,
                    "recall": 0.6720181386004057,
                    "f1-score": 0.5756030818380511,
                    "support": 40871.0
                },
                "weighted avg": {
                    "precision": 0.6879290949268811,
                    "recall": 0.6405764478481074,
                    "f1-score": 0.6547553038847476,
                    "support": 40871.0
                }
            },
            {
                "0": {
                    "precision": 0.5215466351829988,
                    "recall": 0.36358024691358026,
                    "f1-score": 0.4284675072744908,
                    "support": 14580.0
                },
                "1": {
                    "precision": 0.0866444501409895,
                    "recall": 0.4467944481163252,
                    "f1-score": 0.14514224369296833,
                    "support": 1513.0
                },
                "2": {
                    "precision": 0.29441305712492155,
                    "recall": 0.6157549234135667,
                    "f1-score": 0.3983578708946772,
                    "support": 2285.0
                },
                "3": {
                    "precision": 0.7871475742951486,
                    "recall": 0.644229170131382,
                    "f1-score": 0.7085533987241923,
                    "support": 24052.0
                },
                "accuracy": 0.5392175347631393,
                "macro avg": {
                    "precision": 0.42243792918601464,
                    "recall": 0.5175896971437135,
                    "f1-score": 0.4201302551465822,
                    "support": 42430.0
                },
                "weighted avg": {
                    "precision": 0.6443660213648079,
                    "recall": 0.5392175347631393,
                    "f1-score": 0.5755133290567558,
                    "support": 42430.0
                }
            },
            {
                "0": {
                    "precision": 0.5516534450485783,
                    "recall": 0.42448559670781894,
                    "f1-score": 0.4797860382185356,
                    "support": 14580.0
                },
                "1": {
                    "precision": 0.10577644411102775,
                    "recall": 0.37276933245208194,
                    "f1-score": 0.1647918188458729,
                    "support": 1513.0
                },
                "2": {
                    "precision": 0.3289220917822839,
                    "recall": 0.674398249452954,
                    "f1-score": 0.442180774748924,
                    "support": 2285.0
                },
                "3": {
                    "precision": 0.7839954704161555,
                    "recall": 0.6908365208714452,
                    "f1-score": 0.7344737656367414,