{
    "TabNet": {
        "filter_sizes": [
            12000,
            8000,
            6000,
            4500,
            3500,
            1500,
            1000,
            300
        ],
        "training_time_seconds": [
            448.9357602596283,
            454.0553753376007,
            489.24079608917236,
            447.89366245269775,
            470.38560581207275,
            1944.1802673339844,
            1998.8239433765411,
            2075.5137946605682
        ],
        "num_classes": [
            2,
            2,
            2,
            2,
            4,
            5,
            5,
            5
        ],
        "test_f1_macro": [
            0.8654358587226036,
            0.8654358587226036,
            0.8654358587226036,
            0.8654358587226036,
            0.5643180483769688,
            0.52262393635433,
            0.52262393635433,
            0.52262393635433
        ],
        "test_f1_micro": [
            0.9583086639036905,
            0.9583086639036905,
            0.9583086639036905,
            0.9583086639036905,
            0.9324703087885986,
            0.9322177704454395,
            0.9322177704454395,
            0.9322177704454395
        ],
        "test_f1_weighted": [
            0.9560031149925554,
            0.9560031149925554,
            0.9560031149925554,
            0.9560031149925554,
            0.925875358760874,
            0.9310820622111463,
            0.9310820622111463,
            0.9310820622111463
        ],
        "cv_class_weights": [
            0.8074379018455988,
            0.8074379018455988,
            0.8074379018455988,
            0.8074379018455988,
            1.4379981650608282,
            1.6659268061773693,
            1.6659268061773693,
            1.6659268061773693
        ],
        "total_training_samples": [
            129714,
            129714,
            129714,
            129714,
            134718,
            135776,
            135776,
            135776
        ],
        "imbalance_ratio": [
            9.386259908719673,
            9.386259908719673,
            9.386259908719673,
            9.386259908719673,
            47.24939564867043,
            111.25521821631878,
            111.25521821631878,
            111.25521821631878
        ],
        "entropy": [
            0.4570947011903302,
            0.4570947011903302,
            0.4570947011903302,
            0.4570947011903302,
            0.3528971703870615,
            0.3295992223609546,
            0.3295992223609546,
            0.3295992223609546
        ],
        "test_precision_macro": [
            0.9122876365766016,
            0.9122876365766016,
            0.9122876365766016,
            0.9122876365766016,
            0.5927495393453088,
            0.5126766665453594,
            0.5126766665453594,
            0.5126766665453594
        ],
        "test_recall_macro": [
            0.8300694319147219,
            0.8300694319147219,
            0.8300694319147219,
            0.8300694319147219,
            0.5819768903914644,
            0.5438378826757932,
            0.5438378826757932,
            0.5438378826757932
        ],
        "classification_reports": [
            {
                "0": {
                    "precision": 0.8582337317397079,
                    "recall": 0.6717775467775468,
                    "f1-score": 0.7536443148688047,
                    "support": 3848.0
                },
                "1": {
                    "precision": 0.9663415414134954,
                    "recall": 0.9883613170518971,
                    "f1-score": 0.9772274025764027,
                    "support": 36688.0
                },
                "accuracy": 0.9583086639036905,
                "macro avg": {
                    "precision": 0.9122876365766016,
                    "recall": 0.8300694319147219,
                    "f1-score": 0.8654358587226036,
                    "support": 40536.0
                },
                "weighted avg": {
                    "precision": 0.956079087011859,
                    "recall": 0.9583086639036905,
                    "f1-score": 0.9560031149925554,
                    "support": 40536.0
                }
            },
            {
                "0": {
                    "precision": 0.8582337317397079,
                    "recall": 0.6717775467775468,
                    "f1-score": 0.7536443148688047,
                    "support": 3848.0
                },
                "1": {
                    "precision": 0.9663415414134954,
                    "recall": 0.9883613170518971,
                    "f1-score": 0.9772274025764027,
                    "support": 36688.0
                },
                "accuracy": 0.9583086639036905,
                "macro avg": {
                    "precision": 0.9122876365766016,
                    "recall": 0.8300694319147219,
                    "f1-score": 0.8654358587226036,
                    "support": 40536.0
                },
                "weighted avg": {
                    "precision": 0.956079087011859,
                    "recall": 0.9583086639036905,
                    "f1-score": 0.9560031149925554,
                    "support": 40536.0
                }
            },
            {
                "0": {
                    "precision": 0.8582337317397079,
                    "recall": 0.6717775467775468,
                    "f1-score": 0.7536443148688047,
                    "support": 3848.0
                },
                "1": {
                    "precision": 0.9663415414134954,
                    "recall": 0.9883613170518971,
                    "f1-score": 0.9772274025764027,
                    "support": 36688.0
                },
                "accuracy": 0.9583086639036905,
                "macro avg": {
                    "precision": 0.9122876365766016,
                    "recall": 0.8300694319147219,
                    "f1-score": 0.8654358587226036,
                    "support": 40536.0
                },
                "weighted avg": {
                    "precision": 0.956079087011859,
                    "recall": 0.9583086639036905,
                    "f1-score": 0.9560031149925554,
                    "support": 40536.0
                }
            },
            {
                "0": {
                    "precision": 0.8582337317397079,
                    "recall": 0.6717775467775468,
                    "f1-score": 0.7536443148688047,
                    "support": 3848.0
                },
                "1": {
                    "precision": 0.9663415414134954,
                    "recall": 0.9883613170518971,
                    "f1-score": 0.9772274025764027,
                    "support": 36688.0
                },
                "accuracy": 0.9583086639036905,
                "macro avg": {
                    "precision": 0.9122876365766016,
                    "recall": 0.8300694319147219,
                    "f1-score": 0.8654358587226036,
                    "support": 40536.0
                },
                "weighted avg": {
                    "precision": 0.956079087011859,
                    "recall": 0.9583086639036905,
                    "f1-score": 0.9560031149925554,
                    "support": 40536.0
                }
            },
            {
                "0": {
                    "precision": 0.7090292907286372,
                    "recall": 0.7405815423514539,
                    "f1-score": 0.7244620331437052,
                    "support": 3955.0
                },
                "1": {
                    "precision": 0.9693684438196172,
                    "recall": 0.9788692019984165,
                    "f1-score": 0.9740956572530801,
                    "support": 36629.0
                },
                "2": {
                    "precision": 0.2,
                    "recall": 0.009485094850948509,