{
    "TabNet": {
        "filter_sizes": [
            12000,
            8000,
            6000,
            4500,
            3500,
            1500,
            1000,
            300
        ],
        "training_time_seconds": [
            955.4897992610931,
            887.0154395103455,
            911.2937495708466,
            1322.7335119247437,
            1377.397432088852,
            1382.0035240650177,
            1235.698049545288,
            1918.126903295517
        ],
        "num_classes": [
            2,
            2,
            2,
            3,
            3,
            3,
            3,
            4
        ],
        "test_f1_macro": [
            0.999723075572462,
            0.999723075572462,
            0.999723075572462,
            0.8049132585601688,
            0.8049132585601688,
            0.8049132585601688,
            0.8049132585601688,
            0.734753076566713
        ],
        "test_f1_micro": [
            0.9997825666795516,
            0.9997825666795516,
            0.9997825666795516,
            0.9567159945156257,
            0.9567159945156257,
            0.9567159945156257,
            0.9567159945156257,
            0.9561159556917276
        ],
        "test_f1_weighted": [
            0.9997825945878114,
            0.9997825945878114,
            0.9997825945878114,
            0.9663753187194541,
            0.9663753187194541,
            0.9663753187194541,
            0.9663753187194541,
            0.9640109058143839
        ],
        "cv_class_weights": [
            0.47036704421043396,
            0.47036704421043396,
            0.47036704421043396,
            1.1992260217666626,
            1.1992260217666626,
            1.1992260217666626,
            1.1992260217666626,
            1.4324568510055542
        ],
        "total_training_samples": [
            132454,
            132454,
            132454,
            135364,
            135364,
            135364,
            135364,
            135776
        ],
        "imbalance_ratio": [
            2.7762002508837953,
            2.7762002508837953,
            2.7762002508837953,
            33.00713800135962,
            33.00713800135962,
            33.00713800135962,
            33.00713800135962,
            240.60643564356437
        ],
        "entropy": [
            0.578034739746464,
            0.578034739746464,
            0.578034739746464,
            0.672042608701162,
            0.672042608701162,
            0.672042608701162,
            0.672042608701162,
            0.6883820485420132
        ],
        "test_precision_macro": [
            0.9995948865682391,
            0.9995948865682391,
            0.9995948865682391,
            0.7659109162265741,
            0.7659109162265741,
            0.7659109162265741,
            0.7659109162265741,
            0.6878207203283809
        ],
        "test_recall_macro": [
            0.9998514508302248,
            0.9998514508302248,
            0.9998514508302248,
            0.9298202165566473,
            0.9298202165566473,
            0.9298202165566473,
            0.9298202165566473,
            0.8350438918375565
        ],
        "classification_reports": [
            {
                "0": {
                    "precision": 1.0,
                    "recall": 0.9997029016604496,
                    "f1-score": 0.9998514287600905,
                    "support": 30293.0
                },
                "1": {
                    "precision": 0.9991897731364782,
                    "recall": 1.0,
                    "f1-score": 0.9995947223848336,
                    "support": 11099.0
                },
                "accuracy": 0.9997825666795516,
                "macro avg": {
                    "precision": 0.9995948865682391,
                    "recall": 0.9998514508302248,
                    "f1-score": 0.999723075572462,
                    "support": 41392.0
                },
                "weighted avg": {
                    "precision": 0.9997827428498689,
                    "recall": 0.9997825666795516,
                    "f1-score": 0.9997825945878114,
                    "support": 41392.0
                }
            },
            {
                "0": {
                    "precision": 1.0,
                    "recall": 0.9997029016604496,
                    "f1-score": 0.9998514287600905,
                    "support": 30293.0
                },
                "1": {
                    "precision": 0.9991897731364782,
                    "recall": 1.0,
                    "f1-score": 0.9995947223848336,
                    "support": 11099.0
                },
                "accuracy": 0.9997825666795516,
                "macro avg": {
                    "precision": 0.9995948865682391,
                    "recall": 0.9998514508302248,
                    "f1-score": 0.999723075572462,
                    "support": 41392.0
                },
                "weighted avg": {
                    "precision": 0.9997827428498689,
                    "recall": 0.9997825666795516,
                    "f1-score": 0.9997825945878114,
                    "support": 41392.0
                }
            },
            {
                "0": {
                    "precision": 1.0,
                    "recall": 0.9997029016604496,
                    "f1-score": 0.9998514287600905,
                    "support": 30293.0
                },
                "1": {
                    "precision": 0.9991897731364782,
                    "recall": 1.0,
                    "f1-score": 0.9995947223848336,
                    "support": 11099.0
                },
                "accuracy": 0.9997825666795516,
                "macro avg": {
                    "precision": 0.9995948865682391,
                    "recall": 0.9998514508302248,
                    "f1-score": 0.999723075572462,
                    "support": 41392.0
                },
                "weighted avg": {
                    "precision": 0.9997827428498689,
                    "recall": 0.9997825666795516,
                    "f1-score": 0.9997825945878114,
                    "support": 41392.0
                }
            },
            {
                "0": {
                    "precision": 0.30246913580246915,
                    "recall": 0.8448275862068966,
                    "f1-score": 0.44545454545454544,
                    "support": 870.0
                },
                "1": {
                    "precision": 0.9953561968972515,
                    "recall": 0.9446330634630452,
                    "f1-score": 0.9693315243790094,
                    "support": 30632.0
                },
                "2": {
                    "precision": 0.9999074159800019,
                    "recall": 1.0,
                    "f1-score": 0.9999537058469515,
                    "support": 10800.0
                },
                "accuracy": 0.9567159945156257,
                "macro avg": {
                    "precision": 0.7659109162265741,
                    "recall": 0.9298202165566473,
                    "f1-score": 0.8049132585601688,
                    "support": 42302.0
                },
                "weighted avg": {
                    "precision": 0.9822679604767808,
                    "recall": 0.9567159945156257,
                    "f1-score": 0.9663753187194541,
                    "support": 42302.0
                }
            },
            {
                "0": {
                    "precision": 0.30246913580246915,
                    "recall": 0.8448275862068966,
                    "f1-score": 0.44545454545454544,
                    "support": 870.0
                },
                "1": {
                    "precision": 0.9953561968972515,
                    "recall": 0.9446330634630452,
                    "f1-score": 0.9693315243790094,