{
    "AdvancedTabularClassifier": {
        "filter_sizes": [
            12000,
            8000,
            6000,
            4500,
            3500,
            1500,
            1000,
            300
        ],
        "training_time_seconds": [
            42.442822217941284,
            41.68887662887573,
            45.653515577316284,
            42.65184259414673,
            46.131367683410645,
            42.28696346282959,
            43.847776651382446,
            50.39953541755676
        ],
        "num_classes": [
            2,
            2,
            2,
            2,
            4,
            5,
            5,
            5
        ],
        "test_f1_macro": [
            0.8910467977501595,
            0.8853549916783279,
            0.8912459520965819,
            0.8907842638072736,
            0.6215273964939325,
            0.5438050698856752,
            0.56882157942798,
            0.5410571100663032
        ],
        "test_f1_micro": [
            0.9610963094533255,
            0.959295441089402,
            0.9615896980461812,
            0.9613183343201105,
            0.9362232779097387,
            0.9285646947914211,
            0.926726372849399,
            0.9289889229318878
        ],
        "test_f1_weighted": [
            0.9612579472522281,
            0.9593499526943005,
            0.9615400705452811,
            0.9613226647517481,
            0.9295867141565615,
            0.9247891586463532,
            0.9258572102171111,
            0.9254844187806132
        ],
        "cv_class_weights": [
            0.0,
            0.0,
            0.0,
            0.0,
            0.0,
            0.0,
            0.0,
            0.0
        ],
        "imbalance_ratio": [
            9.474321705426357,
            9.474321705426357,
            9.474321705426357,
            9.474321705426357,
            47.042502004811546,
            110.57964184731385,
            110.57964184731385,
            110.57964184731385
        ],
        "total_training_samples": [
            129714,
            129714,
            129714,
            129714,
            134718,
            135776,
            135776,
            135776
        ],
        "entropy": [
            0.3150175183558238,
            0.3150175183558238,
            0.3150175183558238,
            0.3150175183558238,
            0.4878513770286893,
            0.5297442692876037,
            0.5297442692876037,
            0.5297442692876037
        ],
        "test_precision_macro": [
            0.8878325612292816,
            0.8843264836019743,
            0.8922603946859964,
            0.890696792530214,
            0.74616679146004,
            0.5798229970429565,
            0.5841316185115618,
            0.5889623803459967
        ],
        "test_recall_macro": [
            0.8943321292270373,
            0.8863907770080749,
            0.8902383593962402,
            0.8908717865107155,
            0.598384511983315,
            0.5349740160855214,
            0.562473716338979,
            0.5360636476135305
        ],
        "classification_reports": [
            {
                "0": {
                    "precision": 0.796250616674889,
                    "recall": 0.8112591103292285,
                    "f1-score": 0.8036848001991784,
                    "support": 3979.0
                },
                "1": {
                    "precision": 0.9794145057836742,
                    "recall": 0.9774051481248461,
                    "f1-score": 0.9784087953011404,
                    "support": 36557.0
                },
                "accuracy": 0.9610963094533255,
                "macro avg": {
                    "precision": 0.8878325612292816,
                    "recall": 0.8943321292270373,
                    "f1-score": 0.8910467977501595,
                    "support": 40536.0
                },
                "weighted avg": {
                    "precision": 0.9614352006039856,
                    "recall": 0.9610963094533255,
                    "f1-score": 0.9612579472522281,
                    "support": 40536.0
                }
            },
            {
                "0": {
                    "precision": 0.7909068198850862,
                    "recall": 0.7956773058557427,
                    "f1-score": 0.7932848910047607,
                    "support": 3979.0
                },
                "1": {
                    "precision": 0.9777461473188624,
                    "recall": 0.9771042481604071,
                    "f1-score": 0.9774250923518949,
                    "support": 36557.0
                },
                "accuracy": 0.959295441089402,
                "macro avg": {
                    "precision": 0.8843264836019743,
                    "recall": 0.8863907770080749,
                    "f1-score": 0.8853549916783279,
                    "support": 40536.0
                },
                "weighted avg": {
                    "precision": 0.9594060623608253,
                    "recall": 0.959295441089402,
                    "f1-score": 0.9593499526943005,
                    "support": 40536.0
                }
            },
            {
                "0": {
                    "precision": 0.8061172901921132,
                    "recall": 0.8014576526765519,
                    "f1-score": 0.8037807183364839,
                    "support": 3979.0
                },
                "1": {
                    "precision": 0.9784034991798797,
                    "recall": 0.9790190661159286,
                    "f1-score": 0.9787111858566799,
                    "support": 36557.0
                },
                "accuracy": 0.9615896980461812,
                "macro avg": {
                    "precision": 0.8922603946859964,
                    "recall": 0.8902383593962402,
                    "f1-score": 0.8912459520965819,
                    "support": 40536.0
                },
                "weighted avg": {
                    "precision": 0.961491943388427,
                    "recall": 0.9615896980461812,
                    "f1-score": 0.9615400705452811,
                    "support": 40536.0
                }
            },
            {
                "0": {
                    "precision": 0.8028133634765134,
                    "recall": 0.8032168886654938,
                    "f1-score": 0.8030150753768844,
                    "support": 3979.0
                },
                "1": {
                    "precision": 0.9785802215839147,
                    "recall": 0.9785266843559373,
                    "f1-score": 0.9785534522376628,
                    "support": 36557.0
                },
                "accuracy": 0.9613183343201105,
                "macro avg": {
                    "precision": 0.890696792530214,
                    "recall": 0.8908717865107155,
                    "f1-score": 0.8907842638072736,
                    "support": 40536.0
                },
                "weighted avg": {
                    "precision": 0.9613270064563898,
                    "recall": 0.9613183343201105,
                    "f1-score": 0.9613226647517481,
                    "support": 40536.0
                }
            },
            {
                "0": {
                    "precision": 0.6995875343721356,
                    "recall": 0.7701816347124117,
                    "f1-score": 0.7331892411143132,
                    "support": 3964.0
                },
                "1": {
                    "precision": 0.9679665362299285,
                    "recall": 0.9809648834919593,
                    "f1-score": 0.9744223637919559,
                    "support": 36564.0
                },
                "2": {
                    "precision": 0.5619047619047619,
                    "recall": 0.07301980198019802,
                    "f1-score": 0.12924424972617743,