{
    "TabNet": {
        "filter_sizes": [
            12000,
            8000,
            6000,
            4500,
            3500,
            1500,
            1000,
            300
        ],
        "training_time_seconds": [
            862.8753263950348,
            818.7223482131958,
            745.4768116474152,
            857.9283106327057,
            773.123279094696,
            972.5944318771362,
            894.0896425247192,
            943.9754948616028
        ],
        "num_classes": [
            2,
            2,
            2,
            2,
            4,
            5,
            5,
            5
        ],
        "test_f1_macro": [
            0.8918837373854522,
            0.8918837373854522,
            0.8918837373854522,
            0.8918837373854522,
            0.5753696989935853,
            0.49729462613723124,
            0.49729462613723124,
            0.49729462613723124
        ],
        "test_f1_micro": [
            0.9631685415433195,
            0.9631685415433195,
            0.9631685415433195,
            0.9631685415433195,
            0.9339192399049882,
            0.9292246052321471,
            0.9292246052321471,
            0.9292246052321471
        ],
        "test_f1_weighted": [
            0.9628588430169767,
            0.9628588430169767,
            0.9628588430169767,
            0.9628588430169767,
            0.9276817889852721,
            0.9267164142223695,
            0.9267164142223695,
            0.9267164142223695
        ],
        "cv_class_weights": [
            0.8078542023220316,
            0.8078542023220316,
            0.8078542023220316,
            0.8078542023220316,
            1.4382296470497051,
            1.6668518070342822,
            1.6668518070342822,
            1.6668518070342822
        ],
        "total_training_samples": [
            129714,
            129714,
            129714,
            129714,
            134718,
            135776,
            135776,
            135776
        ],
        "imbalance_ratio": [
            9.4087626384208,
            9.4087626384208,
            9.4087626384208,
            9.4087626384208,
            46.970764917901484,
            111.73142857142857,
            111.73142857142857,
            111.73142857142857
        ],
        "entropy": [
            0.45642190193153387,
            0.45642190193153387,
            0.45642190193153387,
            0.45642190193153387,
            0.3526153481841942,
            0.32908472092128943,
            0.32908472092128943,
            0.32908472092128943
        ],
        "test_precision_macro": [
            0.8986201867698509,
            0.8986201867698509,
            0.8986201867698509,
            0.8986201867698509,
            0.6910586605901795,
            0.4952536368548398,
            0.4952536368548398,
            0.4952536368548398
        ],
        "test_recall_macro": [
            0.8854342108403501,
            0.8854342108403501,
            0.8854342108403501,
            0.8854342108403501,
            0.6120892872167005,
            0.5220892786892439,
            0.5220892786892439,
            0.5220892786892439
        ],
        "classification_reports": [
            {
                "0": {
                    "precision": 0.8194704466434876,
                    "recall": 0.7892838742916023,
                    "f1-score": 0.8040939509250754,
                    "support": 3882.0
                },
                "1": {
                    "precision": 0.9777699268962143,
                    "recall": 0.9815845473890981,
                    "f1-score": 0.9796735238458292,
                    "support": 36654.0
                },
                "accuracy": 0.9631685415433195,
                "macro avg": {
                    "precision": 0.8986201867698509,
                    "recall": 0.8854342108403501,
                    "f1-score": 0.8918837373854522,
                    "support": 40536.0
                },
                "weighted avg": {
                    "precision": 0.9626101039649659,
                    "recall": 0.9631685415433195,
                    "f1-score": 0.9628588430169767,
                    "support": 40536.0
                }
            },
            {
                "0": {
                    "precision": 0.8194704466434876,
                    "recall": 0.7892838742916023,
                    "f1-score": 0.8040939509250754,
                    "support": 3882.0
                },
                "1": {
                    "precision": 0.9777699268962143,
                    "recall": 0.9815845473890981,
                    "f1-score": 0.9796735238458292,
                    "support": 36654.0
                },
                "accuracy": 0.9631685415433195,
                "macro avg": {
                    "precision": 0.8986201867698509,
                    "recall": 0.8854342108403501,
                    "f1-score": 0.8918837373854522,
                    "support": 40536.0
                },
                "weighted avg": {
                    "precision": 0.9626101039649659,
                    "recall": 0.9631685415433195,
                    "f1-score": 0.9628588430169767,
                    "support": 40536.0
                }
            },
            {
                "0": {
                    "precision": 0.8194704466434876,
                    "recall": 0.7892838742916023,
                    "f1-score": 0.8040939509250754,
                    "support": 3882.0
                },
                "1": {
                    "precision": 0.9777699268962143,
                    "recall": 0.9815845473890981,
                    "f1-score": 0.9796735238458292,
                    "support": 36654.0
                },
                "accuracy": 0.9631685415433195,
                "macro avg": {
                    "precision": 0.8986201867698509,
                    "recall": 0.8854342108403501,
                    "f1-score": 0.8918837373854522,
                    "support": 40536.0
                },
                "weighted avg": {
                    "precision": 0.9626101039649659,
                    "recall": 0.9631685415433195,
                    "f1-score": 0.9628588430169767,
                    "support": 40536.0
                }
            },
            {
                "0": {
                    "precision": 0.8194704466434876,
                    "recall": 0.7892838742916023,
                    "f1-score": 0.8040939509250754,
                    "support": 3882.0
                },
                "1": {
                    "precision": 0.9777699268962143,
                    "recall": 0.9815845473890981,
                    "f1-score": 0.9796735238458292,
                    "support": 36654.0
                },
                "accuracy": 0.9631685415433195,
                "macro avg": {
                    "precision": 0.8986201867698509,
                    "recall": 0.8854342108403501,
                    "f1-score": 0.8918837373854522,
                    "support": 40536.0
                },
                "weighted avg": {
                    "precision": 0.9626101039649659,
                    "recall": 0.9631685415433195,
                    "f1-score": 0.9628588430169767,
                    "support": 40536.0
                }
            },
            {
                "0": {
                    "precision": 0.7015032211882606,
                    "recall": 0.7437389324563622,
                    "f1-score": 0.7220039292730844,
                    "support": 3953.0
                },
                "1": {
                    "precision": 0.9739825462849686,
                    "recall": 0.9785316289741068,
                    "f1-score": 0.9762517882689556,
                    "support": 36612.0
                },
                "2": {
                    "precision": 0.6,
                    "recall": 0.011612903225806452,