{
    "AdvancedTabularClassifier": {
        "filter_sizes": [
            12000,
            8000,
            6000,
            4500,
            3500,
            1500,
            1000,
            300
        ],
        "training_time_seconds": [
            41.74905753135681,
            48.741480588912964,
            46.36718010902405,
            41.51470184326172,
            43.39926242828369,
            48.570732831954956,
            51.70292258262634,
            48.58472800254822
        ],
        "num_classes": [
            2,
            2,
            2,
            2,
            4,
            5,
            5,
            5
        ],
        "test_f1_macro": [
            0.8746090331429113,
            0.8711279049906719,
            0.862727326709972,
            0.8376399669451304,
            0.5593600191790966,
            0.4826739834038765,
            0.4827208757411447,
            0.4435842729727014
        ],
        "test_f1_micro": [
            0.9476268008683639,
            0.9454805604894415,
            0.9403246496940991,
            0.9257696862048549,
            0.8524465558194775,
            0.8476785293424464,
            0.8556210228611831,
            0.8150365307565401
        ],
        "test_f1_weighted": [
            0.9515098457689027,
            0.9497982788405879,
            0.9456739943011684,
            0.9337755769917838,
            0.8788348689304099,
            0.8728099803962237,
            0.8790014562772556,
            0.8507735613592164
        ],
        "cv_class_weights": [
            0.8090568780899048,
            0.8090568780899048,
            0.8090568780899048,
            0.8090568780899048,
            0.8076450824737549,
            0.9004793167114258,
            0.9004793167114258,
            0.9004793167114258
        ],
        "imbalance_ratio": [
            9.474321705426357,
            9.474321705426357,
            9.474321705426357,
            9.474321705426357,
            47.042502004811546,
            110.57964184731385,
            110.57964184731385,
            110.57964184731385
        ],
        "total_training_samples": [
            129714,
            129714,
            129714,
            129714,
            134718,
            135776,
            135776,
            135776
        ],
        "entropy": [
            0.3150175183558238,
            0.3150175183558238,
            0.3150175183558238,
            0.3150175183558238,
            0.4878513770286893,
            0.5297442692876037,
            0.5297442692876037,
            0.5297442692876037
        ],
        "test_precision_macro": [
            0.8290806643454203,
            0.8236520065352628,
            0.8118374463847103,
            0.7840507954891375,
            0.5039549968287554,
            0.4306023630267865,
            0.4325548900421417,
            0.39960196245631724
        ],
        "test_recall_macro": [
            0.9441993497016159,
            0.9461449355017499,
            0.9491094728435978,
            0.9422716897544205,
            0.760762404097311,
            0.6135086257497768,
            0.6208546614576509,
            0.6071483187992602
        ],
        "classification_reports": [
            {
                "0": {
                    "precision": 0.6650071123755334,
                    "recall": 0.9399346569489822,
                    "f1-score": 0.7789232531500573,
                    "support": 3979.0
                },
                "1": {
                    "precision": 0.9931542163153071,
                    "recall": 0.9484640424542495,
                    "f1-score": 0.9702948131357652,
                    "support": 36557.0
                },
                "accuracy": 0.9476268008683639,
                "macro avg": {
                    "precision": 0.8290806643454203,
                    "recall": 0.9441993497016159,
                    "f1-score": 0.8746090331429113,
                    "support": 40536.0
                },
                "weighted avg": {
                    "precision": 0.960943407982557,
                    "recall": 0.9476268008683639,
                    "f1-score": 0.9515098457689027,
                    "support": 40536.0
                }
            },
            {
                "0": {
                    "precision": 0.6533726374198023,
                    "recall": 0.94697160090475,
                    "f1-score": 0.7732403037143444,
                    "support": 3979.0
                },
                "1": {
                    "precision": 0.9939313756507233,
                    "recall": 0.9453182700987499,
                    "f1-score": 0.9690155062669994,
                    "support": 36557.0
                },
                "accuracy": 0.9454805604894415,
                "macro avg": {
                    "precision": 0.8236520065352628,
                    "recall": 0.9461449355017499,
                    "f1-score": 0.8711279049906719,
                    "support": 40536.0
                },
                "weighted avg": {
                    "precision": 0.9605022455091002,
                    "recall": 0.9454805604894415,
                    "f1-score": 0.9497982788405879,
                    "support": 40536.0
                }
            },
            {
                "0": {
                    "precision": 0.6282894736842105,
                    "recall": 0.9600402111083187,
                    "f1-score": 0.7595188388507804,
                    "support": 3979.0
                },
                "1": {
                    "precision": 0.9953854190852102,
                    "recall": 0.9381787345788768,
                    "f1-score": 0.9659358145691634,
                    "support": 36557.0
                },
                "accuracy": 0.9403246496940991,
                "macro avg": {
                    "precision": 0.8118374463847103,
                    "recall": 0.9491094728435978,
                    "f1-score": 0.862727326709972,
                    "support": 40536.0
                },
                "weighted avg": {
                    "precision": 0.9593514056958629,
                    "recall": 0.9403246496940991,
                    "f1-score": 0.9456739943011684,
                    "support": 40536.0
                }
            },
            {
                "0": {
                    "precision": 0.5724745965331739,
                    "recall": 0.9628047248052275,
                    "f1-score": 0.7180208040483553,
                    "support": 3979.0
                },
                "1": {
                    "precision": 0.995626994445101,
                    "recall": 0.9217386547036135,
                    "f1-score": 0.9572591298419056,
                    "support": 36557.0
                },
                "accuracy": 0.9257696862048549,
                "macro avg": {
                    "precision": 0.7840507954891375,
                    "recall": 0.9422716897544205,
                    "f1-score": 0.8376399669451304,
                    "support": 40536.0
                },
                "weighted avg": {
                    "precision": 0.9540904987057197,
                    "recall": 0.9257696862048549,
                    "f1-score": 0.9337755769917838,
                    "support": 40536.0
                }
            },
            {
                "0": {
                    "precision": 0.5298318359824925,
                    "recall": 0.5802219979818365,
                    "f1-score": 0.5538832028898254,
                    "support": 3964.0
                },
                "1": {
                    "precision": 0.9932449029722427,
                    "recall": 0.8846953287386501,
                    "f1-score": 0.9358328993808945,
                    "support": 36564.0
                },
                "2": {
                    "precision": 0.20527859237536658,