{
    "TabNet": {
        "filter_sizes": [
            12000,
            8000,
            6000,
            4500,
            3500,
            1500,
            1000,
            300
        ],
        "training_time_seconds": [
            2412.9846901893616,
            1822.0358982086182,
            1530.9201891422272,
            1442.331505537033,
            1482.7411050796509,
            1517.2859795093536,
            1434.64688205719,
            1289.9131016731262
        ],
        "num_classes": [
            2,
            3,
            4,
            4,
            4,
            4,
            4,
            4
        ],
        "test_f1_macro": [
            0.6961616579667957,
            0.6414017645846287,
            0.46611973008890634,
            0.46611973008890634,
            0.46611973008890634,
            0.46611973008890634,
            0.46611973008890634,
            0.46611973008890634
        ],
        "test_f1_micro": [
            0.7342800768471883,
            0.7106016490910425,
            0.6715295781286825,
            0.6715295781286825,
            0.6715295781286825,
            0.6715295781286825,
            0.6715295781286825,
            0.6715295781286825
        ],
        "test_f1_weighted": [
            0.7211399372888444,
            0.7005814379414809,
            0.650116232938682,
            0.650116232938682,
            0.650116232938682,
            0.650116232938682,
            0.650116232938682,
            0.650116232938682
        ],
        "cv_class_weights": [
            0.24084831570065557,
            0.6468723918763555,
            0.8728635995526584,
            0.8728635995526584,
            0.8728635995526584,
            0.8728635995526584,
            0.8728635995526584,
            0.8728635995526584
        ],
        "total_training_samples": [
            123256,
            130785,
            135776,
            135776,
            135776,
            135776,
            135776,
            135776
        ],
        "imbalance_ratio": [
            1.6345196109864273,
            10.146957214988042,
            15.435871541102808,
            15.435871541102808,
            15.435871541102808,
            15.435871541102808,
            15.435871541102808,
            15.435871541102808
        ],
        "entropy": [
            0.6638560989740301,
            0.8462124691333818,
            0.9715420616343557,
            0.9715420616343557,
            0.9715420616343557,
            0.9715420616343557,
            0.9715420616343557,
            0.9715420616343557
        ],
        "test_precision_macro": [
            0.731530757963227,
            0.6815759213203654,
            0.532367502201671,
            0.532367502201671,
            0.532367502201671,
            0.532367502201671,
            0.532367502201671,
            0.532367502201671
        ],
        "test_recall_macro": [
            0.6891981225640013,
            0.6175121147373561,
            0.4576679737463297,
            0.4576679737463297,
            0.4576679737463297,
            0.4576679737463297,
            0.4576679737463297,
            0.4576679737463297
        ],
        "classification_reports": [
            {
                "0": {
                    "precision": 0.7257584770969661,
                    "recall": 0.4949624721076476,
                    "f1-score": 0.5885427135678392,
                    "support": 14789.0
                },
                "1": {
                    "precision": 0.7373030388294879,
                    "recall": 0.8834337730203549,
                    "f1-score": 0.8037806023657522,
                    "support": 23729.0
                },
                "accuracy": 0.7342800768471883,
                "macro avg": {
                    "precision": 0.731530757963227,
                    "recall": 0.6891981225640013,
                    "f1-score": 0.6961616579667957,
                    "support": 38518.0
                },
                "weighted avg": {
                    "precision": 0.7328705001861973,
                    "recall": 0.7342800768471883,
                    "f1-score": 0.7211399372888444,
                    "support": 38518.0
                }
            },
            {
                "0": {
                    "precision": 0.6399692281391572,
                    "recall": 0.5109185205404667,
                    "f1-score": 0.5682085531059082,
                    "support": 14654.0
                },
                "1": {
                    "precision": 0.6608996539792388,
                    "recall": 0.4862112855324565,
                    "f1-score": 0.560254216572965,
                    "support": 2357.0
                },
                "2": {
                    "precision": 0.7438588818426999,
                    "recall": 0.855406538139145,
                    "f1-score": 0.7957425240750127,
                    "support": 23860.0
                },
                "accuracy": 0.7106016490910425,
                "macro avg": {
                    "precision": 0.6815759213203654,
                    "recall": 0.6175121147373561,
                    "f1-score": 0.6414017645846287,
                    "support": 40871.0
                },
                "weighted avg": {
                    "precision": 0.7018258049557656,
                    "recall": 0.7106016490910425,
                    "f1-score": 0.7005814379414809,
                    "support": 40871.0
                }
            },
            {
                "0": {
                    "precision": 0.5838808949513432,
                    "recall": 0.4789847161572052,
                    "f1-score": 0.5262566063195772,
                    "support": 14656.0
                },
                "1": {
                    "precision": 0.2787878787878788,
                    "recall": 0.028606965174129355,
                    "f1-score": 0.05188945290468133,
                    "support": 1608.0
                },
                "2": {
                    "precision": 0.5465686274509803,
                    "recall": 0.4692760942760943,
                    "f1-score": 0.5049818840579711,
                    "support": 2376.0
                },
                "3": {
                    "precision": 0.7202326076164811,
                    "recall": 0.8538041193778899,
                    "f1-score": 0.781350977073396,
                    "support": 23790.0
                },
                "accuracy": 0.6715295781286825,
                "macro avg": {
                    "precision": 0.532367502201671,
                    "recall": 0.4576679737463297,
                    "f1-score": 0.46611973008890634,
                    "support": 42430.0
                },
                "weighted avg": {
                    "precision": 0.6466799457816972,
                    "recall": 0.6715295781286825,
                    "f1-score": 0.650116232938682,
                    "support": 42430.0
                }
            },
            {
                "0": {
                    "precision": 0.5838808949513432,
                    "recall": 0.4789847161572052,
                    "f1-score": 0.5262566063195772,
                    "support": 14656.0
                },
                "1": {
                    "precision": 0.2787878787878788,
                    "recall": 0.028606965174129355,
                    "f1-score": 0.05188945290468133,
                    "support": 1608.0
                },
                "2": {
                    "precision": 0.5465686274509803,
                    "recall": 0.4692760942760943,
                    "f1-score": 0.5049818840579711,
                    "support": 2376.0
                },
                "3": {
                    "precision": 0.7202326076164811,
                    "recall": 0.8538041193778899,
                    "f1-score": 0.781350977073396,