{
    "AdvancedTabularClassifier": {
        "filter_sizes": [
            12000,
            8000,
            6000,
            4500,
            3500,
            1500,
            1000,
            300
        ],
        "training_time_seconds": [
            66.51535248756409,
            61.1195330619812,
            110.09017992019653,
            55.79923439025879,
            54.84660196304321,
            50.7901816368103,
            59.31607627868652,
            49.39689922332764
        ],
        "num_classes": [
            2,
            2,
            2,
            3,
            3,
            3,
            3,
            4
        ],
        "test_f1_macro": [
            0.9997818321790737,
            0.9995636514606707,
            0.9998129713670996,
            0.8733399587566707,
            0.8798051494774687,
            0.8652663935037269,
            0.8708754943191078,
            0.7761829830543818
        ],
        "test_f1_micro": [
            0.9998308851952068,
            0.9996617703904136,
            0.9998550444530344,
            0.9855798780199517,
            0.985508959387263,
            0.9837832726585032,
            0.9841615053661765,
            0.9825123733207636
        ],
        "test_f1_weighted": [
            0.9998308876944689,
            0.9996617703904136,
            0.9998550358806861,
            0.9846586275091079,
            0.9852071388109493,
            0.9832393256599813,
            0.9837774035182754,
            0.9815527419366551
        ],
        "cv_class_weights": [
            0.4689628097301705,
            0.4689628097301705,
            0.4689628097301705,
            0.8670708603107885,
            0.8670708603107885,
            0.8670708603107885,
            0.8670708603107885,
            1.150705879465884
        ],
        "imbalance_ratio": [
            2.7576668841669267,
            2.7576668841669267,
            2.7576668841669267,
            33.36020583190395,
            33.36020583190395,
            33.36020583190395,
            33.36020583190395,
            235.11352657004832
        ],
        "total_training_samples": [
            132454,
            132454,
            132454,
            135364,
            135364,
            135364,
            135364,
            135776
        ],
        "entropy": [
            0.8349603436254895,
            0.8349603436254895,
            0.8349603436254895,
            0.6104528465987762,
            0.6104528465987762,
            0.6104528465987762,
            0.6104528465987762,
            0.4964203336633599
        ],
        "test_precision_macro": [
            0.9997670613233289,
            0.9995636514606707,
            0.9998721060622389,
            0.905344575278615,
            0.8891772571312941,
            0.8803079701386262,
            0.8816879300849303,
            0.8018731712404225
        ],
        "test_recall_macro": [
            0.9997966054136591,
            0.9995636514606707,
            0.9997538747498493,
            0.8493178724911222,
            0.8712468011630553,
            0.8523241784524037,
            0.8611838282839134,
            0.7565341282198224
        ],
        "classification_reports": [
            {
                "0": {
                    "precision": 0.999901668360156,
                    "recall": 0.9998688954441167,
                    "f1-score": 0.9998852816335896,
                    "support": 30510.0
                },
                "1": {
                    "precision": 0.9996324542865019,
                    "recall": 0.9997243153832016,
                    "f1-score": 0.9996783827245578,
                    "support": 10882.0
                },
                "accuracy": 0.9998308851952068,
                "macro avg": {
                    "precision": 0.9997670613233289,
                    "recall": 0.9997966054136591,
                    "f1-score": 0.9997818321790737,
                    "support": 41392.0
                },
                "weighted avg": {
                    "precision": 0.9998308916992191,
                    "recall": 0.9998308851952068,
                    "f1-score": 0.9998308876944689,
                    "support": 41392.0
                }
            },
            {
                "0": {
                    "precision": 0.9997705670272042,
                    "recall": 0.9997705670272042,
                    "f1-score": 0.9997705670272042,
                    "support": 30510.0
                },
                "1": {
                    "precision": 0.9993567358941371,
                    "recall": 0.9993567358941371,
                    "f1-score": 0.9993567358941371,
                    "support": 10882.0
                },
                "accuracy": 0.9996617703904136,
                "macro avg": {
                    "precision": 0.9995636514606707,
                    "recall": 0.9995636514606707,
                    "f1-score": 0.9995636514606707,
                    "support": 41392.0
                },
                "weighted avg": {
                    "precision": 0.9996617703904136,
                    "recall": 0.9996617703904136,
                    "f1-score": 0.9996617703904136,
                    "support": 41392.0
                }
            },
            {
                "0": {
                    "precision": 0.9998361407878351,
                    "recall": 0.9999672238610292,
                    "f1-score": 0.9999016780283168,
                    "support": 30510.0
                },
                "1": {
                    "precision": 0.9999080713366427,
                    "recall": 0.9995405256386694,
                    "f1-score": 0.9997242647058824,
                    "support": 10882.0
                },
                "accuracy": 0.9998550444530344,
                "macro avg": {
                    "precision": 0.9998721060622389,
                    "recall": 0.9997538747498493,
                    "f1-score": 0.9998129713670996,
                    "support": 41392.0
                },
                "weighted avg": {
                    "precision": 0.9998550514041891,
                    "recall": 0.9998550444530344,
                    "f1-score": 0.9998550358806861,
                    "support": 41392.0
                }
            },
            {
                "0": {
                    "precision": 0.7307132459970888,
                    "recall": 0.5553097345132744,
                    "f1-score": 0.6310496543054682,
                    "support": 904.0
                },
                "1": {
                    "precision": 0.9865997196048385,
                    "recall": 0.9934666272694441,
                    "f1-score": 0.9900212661540978,
                    "support": 30459.0
                },
                "2": {
                    "precision": 0.9987207602339181,
                    "recall": 0.9991772556906482,
                    "f1-score": 0.9989489558104465,
                    "support": 10939.0
                },
                "accuracy": 0.9855798780199517,
                "macro avg": {
                    "precision": 0.905344575278615,
                    "recall": 0.8493178724911222,
                    "f1-score": 0.8733399587566707,
                    "support": 42302.0
                },
                "weighted avg": {
                    "precision": 0.9842658037450706,
                    "recall": 0.9855798780199517,
                    "f1-score": 0.9846586275091079,
                    "support": 42302.0
                }
            },
            {
                "0": {
                    "precision": 0.6791314837153196,
                    "recall": 0.6227876106194691,
                    "f1-score": 0.6497403346797461,
                    "support": 904.0
                },
                "1": {
                    "precision": 0.9887658849731429,