{
    "TabNet": {
        "filter_sizes": [
            12000,
            8000,
            6000,
            4500,
            3500,
            1500,
            1000,
            300
        ],
        "training_time_seconds": [
            918.1646873950958,
            803.4796824455261,
            732.3992171287537,
            741.3607301712036,
            684.9791042804718,
            574.2695517539978,
            560.0755593776703,
            523.4319512844086
        ],
        "num_classes": [
            2,
            2,
            2,
            2,
            4,
            5,
            5,
            5
        ],
        "test_f1_macro": [
            0.8148045505593007,
            0.8148045505593007,
            0.8148045505593007,
            0.8148045505593007,
            0.5443521047253815,
            0.45238992820419455,
            0.45238992820419455,
            0.45238992820419455
        ],
        "test_f1_micro": [
            0.9476268008683639,
            0.9476268008683639,
            0.9476268008683639,
            0.9476268008683639,
            0.9249643705463183,
            0.9281876031110063,
            0.9281876031110063,
            0.9281876031110063
        ],
        "test_f1_weighted": [
            0.9420514312771914,
            0.9420514312771914,
            0.9420514312771914,
            0.9420514312771914,
            0.9131005713567734,
            0.9161725301201061,
            0.9161725301201061,
            0.9161725301201061
        ],
        "cv_class_weights": [
            0.8071449496584794,
            0.8071449496584794,
            0.8071449496584794,
            0.8071449496584794,
            1.4400464779189588,
            1.6659026502804735,
            1.6659026502804735,
            1.6659026502804735
        ],
        "total_training_samples": [
            129714,
            129714,
            129714,
            129714,
            134718,
            135776,
            135776,
            135776
        ],
        "imbalance_ratio": [
            9.370482890949791,
            9.370482890949791,
            9.370482890949791,
            9.370482890949791,
            47.79845276872964,
            112.97109826589596,
            112.97109826589596,
            112.97109826589596
        ],
        "entropy": [
            0.31716177628398884,
            0.31716177628398884,
            0.31716177628398884,
            0.31716177628398884,
            0.48628086853409125,
            0.5306746939607255,
            0.5306746939607255,
            0.5306746939607255
        ],
        "test_precision_macro": [
            0.9050981911852821,
            0.9050981911852821,
            0.9050981911852821,
            0.9050981911852821,
            0.602112138706312,
            0.4644538481700904,
            0.4644538481700904,
            0.4644538481700904
        ],
        "test_recall_macro": [
            0.7623536499415101,
            0.7623536499415101,
            0.7623536499415101,
            0.7623536499415101,
            0.5134867248757946,
            0.4475340206989148,
            0.4475340206989148,
            0.4475340206989148
        ],
        "classification_reports": [
            {
                "0": {
                    "precision": 0.8569030633655057,
                    "recall": 0.5339958158995816,
                    "f1-score": 0.6579668116642501,
                    "support": 3824.0
                },
                "1": {
                    "precision": 0.9532933190050585,
                    "recall": 0.9907114839834387,
                    "f1-score": 0.9716422894543512,
                    "support": 36712.0
                },
                "accuracy": 0.9476268008683639,
                "macro avg": {
                    "precision": 0.9050981911852821,
                    "recall": 0.7623536499415101,
                    "f1-score": 0.8148045505593007,
                    "support": 40536.0
                },
                "weighted avg": {
                    "precision": 0.9442002575888939,
                    "recall": 0.9476268008683639,
                    "f1-score": 0.9420514312771914,
                    "support": 40536.0
                }
            },
            {
                "0": {
                    "precision": 0.8569030633655057,
                    "recall": 0.5339958158995816,
                    "f1-score": 0.6579668116642501,
                    "support": 3824.0
                },
                "1": {
                    "precision": 0.9532933190050585,
                    "recall": 0.9907114839834387,
                    "f1-score": 0.9716422894543512,
                    "support": 36712.0
                },
                "accuracy": 0.9476268008683639,
                "macro avg": {
                    "precision": 0.9050981911852821,
                    "recall": 0.7623536499415101,
                    "f1-score": 0.8148045505593007,
                    "support": 40536.0
                },
                "weighted avg": {
                    "precision": 0.9442002575888939,
                    "recall": 0.9476268008683639,
                    "f1-score": 0.9420514312771914,
                    "support": 40536.0
                }
            },
            {
                "0": {
                    "precision": 0.8569030633655057,
                    "recall": 0.5339958158995816,
                    "f1-score": 0.6579668116642501,
                    "support": 3824.0
                },
                "1": {
                    "precision": 0.9532933190050585,
                    "recall": 0.9907114839834387,
                    "f1-score": 0.9716422894543512,
                    "support": 36712.0
                },
                "accuracy": 0.9476268008683639,
                "macro avg": {
                    "precision": 0.9050981911852821,
                    "recall": 0.7623536499415101,
                    "f1-score": 0.8148045505593007,
                    "support": 40536.0
                },
                "weighted avg": {
                    "precision": 0.9442002575888939,
                    "recall": 0.9476268008683639,
                    "f1-score": 0.9420514312771914,
                    "support": 40536.0
                }
            },
            {
                "0": {
                    "precision": 0.8569030633655057,
                    "recall": 0.5339958158995816,
                    "f1-score": 0.6579668116642501,
                    "support": 3824.0
                },
                "1": {
                    "precision": 0.9532933190050585,
                    "recall": 0.9907114839834387,
                    "f1-score": 0.9716422894543512,
                    "support": 36712.0
                },
                "accuracy": 0.9476268008683639,
                "macro avg": {
                    "precision": 0.9050981911852821,
                    "recall": 0.7623536499415101,
                    "f1-score": 0.8148045505593007,
                    "support": 40536.0
                },
                "weighted avg": {
                    "precision": 0.9442002575888939,
                    "recall": 0.9476268008683639,
                    "f1-score": 0.9420514312771914,
                    "support": 40536.0
                }
            },
            {
                "0": {
                    "precision": 0.6804204993429698,
                    "recall": 0.646280579131303,
                    "f1-score": 0.6629112789655613,
                    "support": 4006.0
                },
                "1": {
                    "precision": 0.9512626796280642,
                    "recall": 0.9871977630352541,
                    "f1-score": 0.9688971399359647,
                    "support": 36478.0
                },
                "2": {
                    "precision": 0.0,
                    "recall": 0.0,