{
    "AdvancedTabularClassifier": {
        "filter_sizes": [
            12000,
            8000,
            6000,
            4500,
            3500,
            1500,
            1000,
            300
        ],
        "training_time_seconds": [
            47.46547174453735,
            42.59340023994446,
            47.60926795005798,
            50.03479862213135,
            43.734829902648926,
            42.12979245185852,
            52.788321018218994,
            50.39424920082092
        ],
        "num_classes": [
            2,
            2,
            2,
            2,
            4,
            5,
            5,
            5
        ],
        "test_f1_macro": [
            0.8703976490328224,
            0.8674947305671057,
            0.8541982987390841,
            0.8388472368974482,
            0.609214703172834,
            0.4655255922868591,
            0.47066500814239404,
            0.4699389903925506
        ],
        "test_f1_micro": [
            0.9449871718965858,
            0.9434576672587329,
            0.9361308466548254,
            0.9262630747977106,
            0.8814726840855107,
            0.8384162149422578,
            0.8434126797077539,
            0.8247937779872732
        ],
        "test_f1_weighted": [
            0.9494161673684,
            0.9481255318032529,
            0.9420384457097957,
            0.9342360550892002,
            0.8986549725893341,
            0.8660908416216164,
            0.8714763504590214,
            0.857967666029381
        ],
        "cv_class_weights": [
            0.8077925281773748,
            0.8077925281773748,
            0.8077925281773748,
            0.8077925281773748,
            1.4368235608183133,
            1.6648409183442676,
            1.6648409183442676,
            1.6648409183442676
        ],
        "imbalance_ratio": [
            9.474321705426357,
            9.474321705426357,
            9.474321705426357,
            9.474321705426357,
            47.042502004811546,
            110.57964184731385,
            110.57964184731385,
            110.57964184731385
        ],
        "total_training_samples": [
            129714,
            129714,
            129714,
            129714,
            134718,
            135776,
            135776,
            135776
        ],
        "entropy": [
            0.3150175183558238,
            0.3150175183558238,
            0.3150175183558238,
            0.3150175183558238,
            0.4878513770286893,
            0.5297442692876037,
            0.5297442692876037,
            0.5297442692876037
        ],
        "test_precision_macro": [
            0.8224149325748125,
            0.8189821147430346,
            0.8034256041198611,
            0.7849637963305918,
            0.5502696810387346,
            0.416865398035156,
            0.4198192749488438,
            0.42121004697759024
        ],
        "test_recall_macro": [
            0.9468792320609973,
            0.9459192588097387,
            0.9423050390593508,
            0.9442249718124126,
            0.7594925779527916,
            0.5886544189688021,
            0.624325715550098,
            0.6058128465073934
        ],
        "classification_reports": [
            {
                "0": {
                    "precision": 0.6506459948320413,
                    "recall": 0.9492334757476752,
                    "f1-score": 0.7720768601798855,
                    "support": 3979.0
                },
                "1": {
                    "precision": 0.9941838703175837,
                    "recall": 0.9445249883743195,
                    "f1-score": 0.9687184378857592,
                    "support": 36557.0
                },
                "accuracy": 0.9449871718965858,
                "macro avg": {
                    "precision": 0.8224149325748125,
                    "recall": 0.9468792320609973,
                    "f1-score": 0.8703976490328224,
                    "support": 40536.0
                },
                "weighted avg": {
                    "precision": 0.9604623090743192,
                    "recall": 0.9449871718965858,
                    "f1-score": 0.9494161673684,
                    "support": 40536.0
                }
            },
            {
                "0": {
                    "precision": 0.6438192668371696,
                    "recall": 0.9489821563206836,
                    "f1-score": 0.7671678179601787,
                    "support": 3979.0
                },
                "1": {
                    "precision": 0.9941449626488996,
                    "recall": 0.9428563612987937,
                    "f1-score": 0.9678216431740326,
                    "support": 36557.0
                },
                "accuracy": 0.9434576672587329,
                "macro avg": {
                    "precision": 0.8189821147430346,
                    "recall": 0.9459192588097387,
                    "f1-score": 0.8674947305671057,
                    "support": 40536.0
                },
                "weighted avg": {
                    "precision": 0.9597571112665513,
                    "recall": 0.9434576672587329,
                    "f1-score": 0.9481255318032529,
                    "support": 40536.0
                }
            },
            {
                "0": {
                    "precision": 0.6126418152350082,
                    "recall": 0.9499874340286504,
                    "f1-score": 0.7449009754655631,
                    "support": 3979.0
                },
                "1": {
                    "precision": 0.994209393004714,
                    "recall": 0.9346226440900511,
                    "f1-score": 0.9634956220126052,
                    "support": 36557.0
                },
                "accuracy": 0.9361308466548254,
                "macro avg": {
                    "precision": 0.8034256041198611,
                    "recall": 0.9423050390593508,
                    "f1-score": 0.8541982987390841,
                    "support": 40536.0
                },
                "weighted avg": {
                    "precision": 0.9567548490944697,
                    "recall": 0.9361308466548254,
                    "f1-score": 0.9420384457097957,
                    "support": 40536.0
                }
            },
            {
                "0": {
                    "precision": 0.5738585496866607,
                    "recall": 0.966574516210103,
                    "f1-score": 0.7201572886433855,
                    "support": 3979.0
                },
                "1": {
                    "precision": 0.9960690429745227,
                    "recall": 0.9218754274147222,
                    "f1-score": 0.9575371851515109,
                    "support": 36557.0
                },
                "accuracy": 0.9262630747977106,
                "macro avg": {
                    "precision": 0.7849637963305918,
                    "recall": 0.9442249718124126,
                    "f1-score": 0.8388472368974482,
                    "support": 40536.0
                },
                "weighted avg": {
                    "precision": 0.954625004273309,
                    "recall": 0.9262630747977106,
                    "f1-score": 0.9342360550892002,
                    "support": 40536.0
                }
            },
            {
                "0": {
                    "precision": 0.5745306491743949,
                    "recall": 0.6407669021190716,
                    "f1-score": 0.6058437686344663,
                    "support": 3964.0
                },
                "1": {
                    "precision": 0.989865765845853,
                    "recall": 0.9136035444699705,
                    "f1-score": 0.9502069377480052,
                    "support": 36564.0
                },
                "2": {
                    "precision": 0.23365617433414043,