{
    "AdvancedTabularClassifier": {
        "filter_sizes": [
            12000,
            8000,
            6000,
            4500,
            3500,
            1500,
            1000,
            300
        ],
        "training_time_seconds": [
            39.21505808830261,
            40.52485632896423,
            56.91014552116394,
            45.81568121910095,
            54.47224140167236,
            41.732850313186646,
            44.74427127838135,
            45.23710918426514
        ],
        "num_classes": [
            2,
            3,
            4,
            4,
            4,
            4,
            4,
            4
        ],
        "test_f1_macro": [
            0.7149958014959612,
            0.646654046108658,
            0.5015595331477827,
            0.49873053383691746,
            0.47902821457518263,
            0.49348132930103583,
            0.4901695464085603,
            0.49998922345801955
        ],
        "test_f1_micro": [
            0.7348252764941067,
            0.709892099532676,
            0.6892057506481263,
            0.684892764553382,
            0.683643648362008,
            0.6824416686306858,
            0.6837379212821117,
            0.6875795427763375
        ],
        "test_f1_weighted": [
            0.7332326729903186,
            0.7072172864856174,
            0.6736148033445735,
            0.6700421946512068,
            0.665692179985529,
            0.6705884127306014,
            0.6629370793224642,
            0.6681829484345454
        ],
        "cv_class_weights": [
            0.0,
            0.0,
            0.0,
            0.0,
            0.0,
            0.0,
            0.0,
            0.0
        ],
        "imbalance_ratio": [
            1.6254845993268863,
            10.114982116836668,
            15.160732046946489,
            15.160732046946489,
            15.160732046946489,
            15.160732046946489,
            15.160732046946489,
            15.160732046946489
        ],
        "total_training_samples": [
            123256,
            130785,
            135776,
            135776,
            135776,
            135776,
            135776,
            135776
        ],
        "entropy": [
            0.6644942900012158,
            0.8465637482123152,
            0.9745313681488466,
            0.9745313681488466,
            0.9745313681488466,
            0.9745313681488466,
            0.9745313681488466,
            0.9745313681488466
        ],
        "test_precision_macro": [
            0.7179601962243497,
            0.7110544867394092,
            0.592227663206379,
            0.5743190769400596,
            0.5680168777632308,
            0.5731377855167352,
            0.5716853466758536,
            0.5640110212387327
        ],
        "test_recall_macro": [
            0.7127837199575204,
            0.6127806708738689,
            0.4836576820020779,
            0.47969963907168534,
            0.44595734413362154,
            0.47739108223658683,
            0.4795693970666953,
            0.47987850139058663
        ],
        "classification_reports": [
            {
                "0": {
                    "precision": 0.6587756880400842,
                    "recall": 0.621923630630013,
                    "f1-score": 0.6398194513012201,
                    "support": 14587.0
                },
                "1": {
                    "precision": 0.7771447044086152,
                    "recall": 0.8036438092850278,
                    "f1-score": 0.7901721516907022,
                    "support": 23931.0
                },
                "accuracy": 0.7348252764941067,
                "macro avg": {
                    "precision": 0.7179601962243497,
                    "recall": 0.7127837199575204,
                    "f1-score": 0.7149958014959612,
                    "support": 38518.0
                },
                "weighted avg": {
                    "precision": 0.7323176406522477,
                    "recall": 0.7348252764941067,
                    "f1-score": 0.7332326729903186,
                    "support": 38518.0
                }
            },
            {
                "0": {
                    "precision": 0.6092132855306771,
                    "recall": 0.6138222464558343,
                    "f1-score": 0.6115090816499745,
                    "support": 14672.0
                },
                "1": {
                    "precision": 0.7564491654021245,
                    "recall": 0.42808072133963077,
                    "f1-score": 0.5467507540444201,
                    "support": 2329.0
                },
                "2": {
                    "precision": 0.767501009285426,
                    "recall": 0.7964390448261416,
                    "f1-score": 0.7817023026315789,
                    "support": 23870.0
                },
                "accuracy": 0.709892099532676,
                "macro avg": {
                    "precision": 0.7110544867394092,
                    "recall": 0.6127806708738689,
                    "f1-score": 0.646654046108658,
                    "support": 40871.0
                },
                "weighted avg": {
                    "precision": 0.7100486047116724,
                    "recall": 0.709892099532676,
                    "f1-score": 0.7072172864856174,
                    "support": 40871.0
                }
            },
            {
                "0": {
                    "precision": 0.6038476337052713,
                    "recall": 0.5382030178326475,
                    "f1-score": 0.5691387126019946,
                    "support": 14580.0
                },
                "1": {
                    "precision": 0.4186046511627907,
                    "recall": 0.059484467944481166,
                    "f1-score": 0.10416666666666667,
                    "support": 1513.0
                },
                "2": {
                    "precision": 0.6090909090909091,
                    "recall": 0.4984682713347921,
                    "f1-score": 0.5482551143200962,
                    "support": 2285.0
                },
                "3": {
                    "precision": 0.7373674588665448,
                    "recall": 0.8384749708963911,
                    "f1-score": 0.7846776390023734,
                    "support": 24052.0
                },
                "accuracy": 0.6892057506481263,
                "macro avg": {
                    "precision": 0.592227663206379,
                    "recall": 0.4836576820020779,
                    "f1-score": 0.5015595331477827,
                    "support": 42430.0
                },
                "weighted avg": {
                    "precision": 0.6732119298742167,
                    "recall": 0.6892057506481263,
                    "f1-score": 0.6736148033445735,
                    "support": 42430.0
                }
            },
            {
                "0": {
                    "precision": 0.594948196324586,
                    "recall": 0.5395747599451303,
                    "f1-score": 0.5659101535805489,
                    "support": 14580.0
                },
                "1": {
                    "precision": 0.3424124513618677,
                    "recall": 0.05816259087904825,
                    "f1-score": 0.09943502824858758,
                    "support": 1513.0
                },
                "2": {
                    "precision": 0.6239554317548747,
                    "recall": 0.49015317286652077,
                    "f1-score": 0.5490196078431373,
                    "support": 2285.0
                },
                "3": {
                    "precision": 0.73596022831891,
                    "recall": 0.830908032596042,
                    "f1-score": 0.7805573456753959,
                    "support": 24052.0
                },
                "accuracy": 0.684892764553382,