{
    "AdvancedTabularClassifier": {
        "filter_sizes": [
            12000,
            8000,
            6000,
            4500,
            3500,
            1500,
            1000,
            300
        ],
        "training_time_seconds": [
            84.7259202003479,
            157.48905324935913,
            119.38754987716675,
            51.739896297454834,
            54.299116134643555,
            49.53803253173828,
            52.75983214378357,
            44.97993445396423
        ],
        "num_classes": [
            2,
            2,
            2,
            3,
            3,
            3,
            3,
            4
        ],
        "test_f1_macro": [
            0.9998129824263392,
            0.9998129713670996,
            0.999781806379861,
            0.87238866959942,
            0.8684992792597144,
            0.8644649749700904,
            0.8772443625058471,
            0.7497633636628129
        ],
        "test_f1_micro": [
            0.9998550444530344,
            0.9998550444530344,
            0.9998308851952068,
            0.9849888894142121,
            0.9857217152853293,
            0.9838541912911919,
            0.9862654248026098,
            0.9804619373085082
        ],
        "test_f1_weighted": [
            0.9998550401675502,
            0.9998550358806861,
            0.9998308776950058,
            0.9843084060240955,
            0.9843531812667561,
            0.9830144031861784,
            0.985140846911556,
            0.9785196585364918
        ],
        "cv_class_weights": [
            0.4674679511377535,
            0.4674679511377535,
            0.4674679511377535,
            0.8669670577449843,
            0.8669670577449843,
            0.8669670577449843,
            0.8669670577449843,
            1.1500824855751932
        ],
        "imbalance_ratio": [
            2.7576668841669267,
            2.7576668841669267,
            2.7576668841669267,
            33.36020583190395,
            33.36020583190395,
            33.36020583190395,
            33.36020583190395,
            235.11352657004832
        ],
        "total_training_samples": [
            132454,
            132454,
            132454,
            135364,
            135364,
            135364,
            135364,
            135776
        ],
        "entropy": [
            0.8360554397158242,
            0.8360554397158242,
            0.8360554397158242,
            0.6107378405458541,
            0.6107378405458541,
            0.6107378405458541,
            0.6107378405458541,
            0.49708373072547246
        ],
        "test_precision_macro": [
            0.999842540254172,
            0.9998721060622389,
            0.9998261474955905,
            0.8942565562746623,
            0.9204388878053713,
            0.889696914455195,
            0.9225429160621673,
            0.8062658672693042
        ],
        "test_recall_macro": [
            0.9997834341164968,
            0.9997538747498493,
            0.9997374866803639,
            0.8545150185152902,
            0.8349743772156524,
            0.8446286520465556,
            0.8460831662359013,
            0.7121031952329033
        ],
        "classification_reports": [
            {
                "0": {
                    "precision": 0.9998689040377556,
                    "recall": 0.9999344477220583,
                    "f1-score": 0.9999016748058077,
                    "support": 30510.0
                },
                "1": {
                    "precision": 0.9998161764705882,
                    "recall": 0.9996324205109355,
                    "f1-score": 0.9997242900468707,
                    "support": 10882.0
                },
                "accuracy": 0.9998550444530344,
                "macro avg": {
                    "precision": 0.999842540254172,
                    "recall": 0.9997834341164968,
                    "f1-score": 0.9998129824263392,
                    "support": 41392.0
                },
                "weighted avg": {
                    "precision": 0.9998550419053165,
                    "recall": 0.9998550444530344,
                    "f1-score": 0.9998550401675502,
                    "support": 41392.0
                }
            },
            {
                "0": {
                    "precision": 0.9998361407878351,
                    "recall": 0.9999672238610292,
                    "f1-score": 0.9999016780283168,
                    "support": 30510.0
                },
                "1": {
                    "precision": 0.9999080713366427,
                    "recall": 0.9995405256386694,
                    "f1-score": 0.9997242647058824,
                    "support": 10882.0
                },
                "accuracy": 0.9998550444530344,
                "macro avg": {
                    "precision": 0.9998721060622389,
                    "recall": 0.9997538747498493,
                    "f1-score": 0.9998129713670996,
                    "support": 41392.0
                },
                "weighted avg": {
                    "precision": 0.9998550514041891,
                    "recall": 0.9998550444530344,
                    "f1-score": 0.9998550358806861,
                    "support": 41392.0
                }
            },
            {
                "0": {
                    "precision": 0.9998361354176908,
                    "recall": 0.9999344477220583,
                    "f1-score": 0.9998852891532701,
                    "support": 30510.0
                },
                "1": {
                    "precision": 0.9998161595734902,
                    "recall": 0.9995405256386694,
                    "f1-score": 0.9996783236064519,
                    "support": 10882.0
                },
                "accuracy": 0.9998308851952068,
                "macro avg": {
                    "precision": 0.9998261474955905,
                    "recall": 0.9997374866803639,
                    "f1-score": 0.999781806379861,
                    "support": 41392.0
                },
                "weighted avg": {
                    "precision": 0.999830883747402,
                    "recall": 0.9998308851952068,
                    "f1-score": 0.9998308776950058,
                    "support": 41392.0
                }
            },
            {
                "0": {
                    "precision": 0.696236559139785,
                    "recall": 0.5730088495575221,
                    "f1-score": 0.6286407766990292,
                    "support": 904.0
                },
                "1": {
                    "precision": 0.9867162766408826,
                    "recall": 0.9925473587445418,
                    "f1-score": 0.989623228256244,
                    "support": 30459.0
                },
                "2": {
                    "precision": 0.999816833043319,
                    "recall": 0.9979888472438065,
                    "f1-score": 0.9989020038429866,
                    "support": 10939.0
                },
                "accuracy": 0.9849888894142121,
                "macro avg": {
                    "precision": 0.8942565562746623,
                    "recall": 0.8545150185152902,
                    "f1-score": 0.87238866959942,
                    "support": 42302.0
                },
                "weighted avg": {
                    "precision": 0.9838963939371158,
                    "recall": 0.9849888894142121,
                    "f1-score": 0.9843084060240955,
                    "support": 42302.0
                }
            },
            {
                "0": {
                    "precision": 0.7777777777777778,
                    "recall": 0.5110619469026548,
                    "f1-score": 0.616822429906542,
                    "support": 904.0
                },
                "1": {
                    "precision": 0.9852749967494474,