{
    "TabNet": {
        "filter_sizes": [
            12000,
            8000,
            6000,
            4500,
            3500,
            1500,
            1000,
            300
        ],
        "training_time_seconds": [
            573.7139067649841,
            587.8141181468964,
            634.8520858287811,
            1101.5781359672546,
            1064.2150247097015,
            1098.8914649486542,
            1119.2215280532837,
            1032.7891969680786
        ],
        "num_classes": [
            2,
            2,
            2,
            3,
            3,
            3,
            3,
            4
        ],
        "test_f1_macro": [
            0.9994754203713849,
            0.9994754203713849,
            0.9994754203713849,
            0.8529306630819432,
            0.8529306630819432,
            0.8529306630819432,
            0.8529306630819432,
            0.7285198924560377
        ],
        "test_f1_micro": [
            0.9995892926169309,
            0.9995892926169309,
            0.9995892926169309,
            0.9856507966526405,
            0.9856507966526405,
            0.9856507966526405,
            0.9856507966526405,
            0.982700919160971
        ],
        "test_f1_weighted": [
            0.9995892867122252,
            0.9995892867122252,
            0.9995892867122252,
            0.9835044516219031,
            0.9835044516219031,
            0.9835044516219031,
            0.9835044516219031,
            0.9808486582870454
        ],
        "cv_class_weights": [
            0.0,
            0.0,
            0.0,
            0.0,
            0.0,
            0.0,
            0.0,
            0.0
        ],
        "total_training_samples": [
            132454,
            132454,
            132454,
            135364,
            135364,
            135364,
            135364,
            135776
        ],
        "imbalance_ratio": [
            2.7723285486443383,
            2.7723285486443383,
            2.7723285486443383,
            33.478141135972464,
            33.478141135972464,
            33.478141135972464,
            33.478141135972464,
            237.7041564792176
        ],
        "entropy": [
            0.5783120727919063,
            0.5783120727919063,
            0.5783120727919063,
            0.6702610364042936,
            0.6702610364042936,
            0.6702610364042936,
            0.6702610364042936,
            0.6888877997856493
        ],
        "test_precision_macro": [
            0.9994897833617014,
            0.9994897833617014,
            0.9994897833617014,
            0.9346962274885101,
            0.9346962274885101,
            0.9346962274885101,
            0.9346962274885101,
            0.8662187258546132
        ],
        "test_recall_macro": [
            0.9994610596971962,
            0.9994610596971962,
            0.9994610596971962,
            0.8107109658850593,
            0.8107109658850593,
            0.8107109658850593,
            0.8107109658850593,
            0.6812641395755653
        ],
        "classification_reports": [
            {
                "0": {
                    "precision": 0.9997033521210323,
                    "recall": 0.9997363043048322,
                    "f1-score": 0.9997198279413946,
                    "support": 30338.0
                },
                "1": {
                    "precision": 0.9992762146023704,
                    "recall": 0.9991858150895604,
                    "f1-score": 0.9992310128013752,
                    "support": 11054.0
                },
                "accuracy": 0.9995892926169309,
                "macro avg": {
                    "precision": 0.9994897833617014,
                    "recall": 0.9994610596971962,
                    "f1-score": 0.9994754203713849,
                    "support": 41392.0
                },
                "weighted avg": {
                    "precision": 0.9995892822976052,
                    "recall": 0.9995892926169309,
                    "f1-score": 0.9995892867122252,
                    "support": 41392.0
                }
            },
            {
                "0": {
                    "precision": 0.9997033521210323,
                    "recall": 0.9997363043048322,
                    "f1-score": 0.9997198279413946,
                    "support": 30338.0
                },
                "1": {
                    "precision": 0.9992762146023704,
                    "recall": 0.9991858150895604,
                    "f1-score": 0.9992310128013752,
                    "support": 11054.0
                },
                "accuracy": 0.9995892926169309,
                "macro avg": {
                    "precision": 0.9994897833617014,
                    "recall": 0.9994610596971962,
                    "f1-score": 0.9994754203713849,
                    "support": 41392.0
                },
                "weighted avg": {
                    "precision": 0.9995892822976052,
                    "recall": 0.9995892926169309,
                    "f1-score": 0.9995892867122252,
                    "support": 41392.0
                }
            },
            {
                "0": {
                    "precision": 0.9997033521210323,
                    "recall": 0.9997363043048322,
                    "f1-score": 0.9997198279413946,
                    "support": 30338.0
                },
                "1": {
                    "precision": 0.9992762146023704,
                    "recall": 0.9991858150895604,
                    "f1-score": 0.9992310128013752,
                    "support": 11054.0
                },
                "accuracy": 0.9995892926169309,
                "macro avg": {
                    "precision": 0.9994897833617014,
                    "recall": 0.9994610596971962,
                    "f1-score": 0.9994754203713849,
                    "support": 41392.0
                },
                "weighted avg": {
                    "precision": 0.9995892822976052,
                    "recall": 0.9995892926169309,
                    "f1-score": 0.9995892867122252,
                    "support": 41392.0
                }
            },
            {
                "0": {
                    "precision": 0.8209876543209876,
                    "recall": 0.4351145038167939,
                    "f1-score": 0.5687811831789024,
                    "support": 917.0
                },
                "1": {
                    "precision": 0.9831924608957544,
                    "recall": 0.9971098265895953,
                    "f1-score": 0.9901022388181389,
                    "support": 30448.0
                },
                "2": {
                    "precision": 0.9999085672487885,
                    "recall": 0.9999085672487885,
                    "f1-score": 0.9999085672487885,
                    "support": 10937.0
                },
                "accuracy": 0.9856507966526405,
                "macro avg": {
                    "precision": 0.9346962274885101,
                    "recall": 0.8107109658850593,
                    "f1-score": 0.8529306630819432,
                    "support": 42302.0
                },
                "weighted avg": {
                    "precision": 0.9839981496942527,
                    "recall": 0.9856507966526405,
                    "f1-score": 0.9835044516219031,
                    "support": 42302.0
                }
            },
            {
                "0": {
                    "precision": 0.8209876543209876,
                    "recall": 0.4351145038167939,
                    "f1-score": 0.5687811831789024,
                    "support": 917.0
                },
                "1": {
                    "precision": 0.9831924608957544,
                    "recall": 0.9971098265895953,
                    "f1-score": 0.9901022388181389,