{
    "TabNet": {
        "filter_sizes": [
            12000,
            8000,
            6000,
            4500,
            3500,
            1500,
            1000,
            300
        ],
        "training_time_seconds": [
            2007.264952659607,
            1704.2414245605469,
            924.4112966060638,
            933.5383939743042,
            920.7324316501617,
            981.1920685768127,
            921.5898244380951,
            999.8362271785736
        ],
        "num_classes": [
            2,
            3,
            4,
            4,
            4,
            4,
            4,
            4
        ],
        "test_f1_macro": [
            0.7242846629062074,
            0.60774726200543,
            0.4617997941906349,
            0.4617997941906349,
            0.4617997941906349,
            0.4617997941906349,
            0.4617997941906349,
            0.4617997941906349
        ],
        "test_f1_micro": [
            0.7311906121813179,
            0.6775953610139218,
            0.5822766910205044,
            0.5822766910205044,
            0.5822766910205044,
            0.5822766910205044,
            0.5822766910205044,
            0.5822766910205044
        ],
        "test_f1_weighted": [
            0.7347274188802835,
            0.6789220010434133,
            0.6099474186058501,
            0.6099474186058501,
            0.6099474186058501,
            0.6099474186058501,
            0.6099474186058501,
            0.6099474186058501
        ],
        "cv_class_weights": [
            0.23904722929000854,
            0.9787768125534058,
            0.8542402386665344,
            0.8542402386665344,
            0.8542402386665344,
            0.8542402386665344,
            0.8542402386665344,
            0.8542402386665344
        ],
        "total_training_samples": [
            123256,
            130785,
            135776,
            135776,
            135776,
            135776,
            135776,
            135776
        ],
        "imbalance_ratio": [
            1.6282838621630842,
            10.135145888594165,
            15.329518072289156,
            15.329518072289156,
            15.329518072289156,
            15.329518072289156,
            15.329518072289156,
            15.329518072289156
        ],
        "entropy": [
            0.6642968690879474,
            0.8462100782824566,
            0.9722755876548224,
            0.9722755876548224,
            0.9722755876548224,
            0.9722755876548224,
            0.9722755876548224,
            0.9722755876548224
        ],
        "test_precision_macro": [
            0.7232828104543212,
            0.5842759340914813,
            0.464785125584279,
            0.464785125584279,
            0.464785125584279,
            0.464785125584279,
            0.464785125584279,
            0.464785125584279
        ],
        "test_recall_macro": [
            0.7354356983889206,
            0.6684622518506708,
            0.5238036344764855,
            0.5238036344764855,
            0.5238036344764855,
            0.5238036344764855,
            0.5238036344764855,
            0.5238036344764855
        ],
        "classification_reports": [
            {
                "0": {
                    "precision": 0.6208642808912896,
                    "recall": 0.7531740614334471,
                    "f1-score": 0.680648942076368,
                    "support": 14650.0
                },
                "1": {
                    "precision": 0.8257013400173527,
                    "recall": 0.7176973353443942,
                    "f1-score": 0.767920383736047,
                    "support": 23868.0
                },
                "accuracy": 0.7311906121813179,
                "macro avg": {
                    "precision": 0.7232828104543212,
                    "recall": 0.7354356983889206,
                    "f1-score": 0.7242846629062074,
                    "support": 38518.0
                },
                "weighted avg": {
                    "precision": 0.7477932732382669,
                    "recall": 0.7311906121813179,
                    "f1-score": 0.7347274188802835,
                    "support": 38518.0
                }
            },
            {
                "0": {
                    "precision": 0.601272365805169,
                    "recall": 0.5130623600461424,
                    "f1-score": 0.5536760398359696,
                    "support": 14737.0
                },
                "1": {
                    "precision": 0.3780432822362489,
                    "recall": 0.7166666666666667,
                    "f1-score": 0.4949822904368359,
                    "support": 2340.0
                },
                "2": {
                    "precision": 0.773512154233026,
                    "recall": 0.7756577288392031,
                    "f1-score": 0.7745834557434843,
                    "support": 23794.0
                },
                "accuracy": 0.6775953610139218,
                "macro avg": {
                    "precision": 0.5842759340914813,
                    "recall": 0.6684622518506708,
                    "f1-score": 0.60774726200543,
                    "support": 40871.0
                },
                "weighted avg": {
                    "precision": 0.6887651472468062,
                    "recall": 0.6775953610139218,
                    "f1-score": 0.6789220010434133,
                    "support": 40871.0
                }
            },
            {
                "0": {
                    "precision": 0.5469481413492427,
                    "recall": 0.40854243795420264,
                    "f1-score": 0.46772104705466816,
                    "support": 14586.0
                },
                "1": {
                    "precision": 0.09956527836208105,
                    "recall": 0.45165394402035625,
                    "f1-score": 0.16316212800183844,
                    "support": 1572.0
                },
                "2": {
                    "precision": 0.43133922501699523,
                    "recall": 0.5331932773109244,
                    "f1-score": 0.4768883878241263,
                    "support": 2380.0
                },
                "3": {
                    "precision": 0.7812878576087969,
                    "recall": 0.7018248786204587,
                    "f1-score": 0.7394276138819068,
                    "support": 23892.0
                },
                "accuracy": 0.5822766910205044,
                "macro avg": {
                    "precision": 0.464785125584279,
                    "recall": 0.5238036344764855,
                    "f1-score": 0.4617997941906349,
                    "support": 42430.0
                },
                "weighted avg": {
                    "precision": 0.6558430133592994,
                    "recall": 0.5822766910205044,
                    "f1-score": 0.6099474186058501,
                    "support": 42430.0
                }
            },
            {
                "0": {
                    "precision": 0.5469481413492427,
                    "recall": 0.40854243795420264,
                    "f1-score": 0.46772104705466816,
                    "support": 14586.0
                },
                "1": {
                    "precision": 0.09956527836208105,
                    "recall": 0.45165394402035625,
                    "f1-score": 0.16316212800183844,
                    "support": 1572.0
                },
                "2": {
                    "precision": 0.43133922501699523,
                    "recall": 0.5331932773109244,
                    "f1-score": 0.4768883878241263,
                    "support": 2380.0
                },
                "3": {
                    "precision": 0.7812878576087969,
                    "recall": 0.7018248786204587,
                    "f1-score": 0.7394276138819068,