{
    "TabNet": {
        "filter_sizes": [
            12000,
            8000,
            6000,
            4500,
            3500,
            1500,
            1000,
            300
        ],
        "training_time_seconds": [
            876.1412405967712,
            886.3908212184906,
            837.400242805481,
            801.7171700000763,
            750.4833409786224,
            755.4909837245941,
            770.6207127571106,
            409.4121789932251
        ],
        "num_classes": [
            2,
            2,
            2,
            3,
            3,
            3,
            3,
            4
        ],
        "test_f1_macro": [
            0.9999691423747874,
            0.9999691423747874,
            0.9999691423747874,
            0.8680690461549808,
            0.8680690461549808,
            0.8680690461549808,
            0.8680690461549808,
            0.730542437828393
        ],
        "test_f1_micro": [
            0.9999758407421724,
            0.9999758407421724,
            0.9999758407421724,
            0.9832159235969931,
            0.9832159235969931,
            0.9832159235969931,
            0.9832159235969931,
            0.9728022625500825
        ],
        "test_f1_weighted": [
            0.9999758403948368,
            0.9999758403948368,
            0.9999758403948368,
            0.9832167309134401,
            0.9832167309134401,
            0.9832167309134401,
            0.9832167309134401,
            0.974378415091675
        ],
        "cv_class_weights": [
            0.46982348588944084,
            0.46982348588944084,
            0.46982348588944084,
            0.8676793902517999,
            0.8676793902517999,
            0.8676793902517999,
            0.8676793902517999,
            1.1499011785704858
        ],
        "total_training_samples": [
            132454,
            132454,
            132454,
            135364,
            135364,
            135364,
            135364,
            135776
        ],
        "imbalance_ratio": [
            2.7723285486443383,
            2.7723285486443383,
            2.7723285486443383,
            33.478141135972464,
            33.478141135972464,
            33.478141135972464,
            33.478141135972464,
            237.7041564792176
        ],
        "entropy": [
            0.5783120727919063,
            0.5783120727919063,
            0.5783120727919063,
            0.6702610364042936,
            0.6702610364042936,
            0.6702610364042936,
            0.6702610364042936,
            0.6888877997856493
        ],
        "test_precision_macro": [
            0.9999835195622796,
            0.9999835195622796,
            0.9999835195622796,
            0.8681280503931811,
            0.8681280503931811,
            0.8681280503931811,
            0.8681280503931811,
            0.7019772914976109
        ],
        "test_recall_macro": [
            0.9999547675049756,
            0.9999547675049756,
            0.9999547675049756,
            0.8680100984854491,
            0.8680100984854491,
            0.8680100984854491,
            0.8680100984854491,
            0.7922762538840781
        ],
        "classification_reports": [
            {
                "0": {
                    "precision": 0.9999670391245592,
                    "recall": 1.0,
                    "f1-score": 0.9999835192906703,
                    "support": 30338.0
                },
                "1": {
                    "precision": 1.0,
                    "recall": 0.9999095350099512,
                    "f1-score": 0.9999547654589044,
                    "support": 11054.0
                },
                "accuracy": 0.9999758407421724,
                "macro avg": {
                    "precision": 0.9999835195622796,
                    "recall": 0.9999547675049756,
                    "f1-score": 0.9999691423747874,
                    "support": 41392.0
                },
                "weighted avg": {
                    "precision": 0.9999758415384826,
                    "recall": 0.9999758407421724,
                    "f1-score": 0.9999758403948368,
                    "support": 41392.0
                }
            },
            {
                "0": {
                    "precision": 0.9999670391245592,
                    "recall": 1.0,
                    "f1-score": 0.9999835192906703,
                    "support": 30338.0
                },
                "1": {
                    "precision": 1.0,
                    "recall": 0.9999095350099512,
                    "f1-score": 0.9999547654589044,
                    "support": 11054.0
                },
                "accuracy": 0.9999758407421724,
                "macro avg": {
                    "precision": 0.9999835195622796,
                    "recall": 0.9999547675049756,
                    "f1-score": 0.9999691423747874,
                    "support": 41392.0
                },
                "weighted avg": {
                    "precision": 0.9999758415384826,
                    "recall": 0.9999758407421724,
                    "f1-score": 0.9999758403948368,
                    "support": 41392.0
                }
            },
            {
                "0": {
                    "precision": 0.9999670391245592,
                    "recall": 1.0,
                    "f1-score": 0.9999835192906703,
                    "support": 30338.0
                },
                "1": {
                    "precision": 1.0,
                    "recall": 0.9999095350099512,
                    "f1-score": 0.9999547654589044,
                    "support": 11054.0
                },
                "accuracy": 0.9999758407421724,
                "macro avg": {
                    "precision": 0.9999835195622796,
                    "recall": 0.9999547675049756,
                    "f1-score": 0.9999691423747874,
                    "support": 41392.0
                },
                "weighted avg": {
                    "precision": 0.9999758415384826,
                    "recall": 0.9999758407421724,
                    "f1-score": 0.9999758403948368,
                    "support": 41392.0
                }
            },
            {
                "0": {
                    "precision": 0.6161395856052344,
                    "recall": 0.6161395856052344,
                    "f1-score": 0.6161395856052344,
                    "support": 917.0
                },
                "1": {
                    "precision": 0.9882445655743088,
                    "recall": 0.9884393063583815,
                    "f1-score": 0.9883419263735181,
                    "support": 30448.0
                },
                "2": {
                    "precision": 1.0,
                    "recall": 0.9994514034927311,
                    "f1-score": 0.9997256264861899,
                    "support": 10937.0
                },
                "accuracy": 0.9832159235969931,
                "macro avg": {
                    "precision": 0.8681280503931811,
                    "recall": 0.8680100984854491,
                    "f1-score": 0.8680690461549808,
                    "support": 42302.0
                },
                "weighted avg": {
                    "precision": 0.9832175909556652,
                    "recall": 0.9832159235969931,
                    "f1-score": 0.9832167309134401,
                    "support": 42302.0
                }
            },
            {
                "0": {
                    "precision": 0.6161395856052344,
                    "recall": 0.6161395856052344,
                    "f1-score": 0.6161395856052344,
                    "support": 917.0
                },
                "1": {
                    "precision": 0.9882445655743088,
                    "recall": 0.9884393063583815,
                    "f1-score": 0.9883419263735181,