{
    "TabNet": {
        "filter_sizes": [
            12000,
            8000,
            6000,
            4500,
            3500,
            1500,
            1000,
            300
        ],
        "training_time_seconds": [
            833.4444348812103,
            845.3683059215546,
            920.0603606700897,
            1123.9788527488708,
            1165.9091517925262,
            1026.0021631717682,
            1066.3727781772614,
            1318.890851020813
        ],
        "num_classes": [
            2,
            2,
            2,
            3,
            3,
            3,
            3,
            4
        ],
        "test_f1_macro": [
            0.9999688845969097,
            0.9999688845969097,
            0.9999688845969097,
            0.85415642654447,
            0.85415642654447,
            0.85415642654447,
            0.85415642654447,
            0.7301883374473805
        ],
        "test_f1_micro": [
            0.9999758407421724,
            0.9999758407421724,
            0.9999758407421724,
            0.9852489244007375,
            0.9852489244007375,
            0.9852489244007375,
            0.9852489244007375,
            0.9832901249116192
        ],
        "test_f1_weighted": [
            0.9999758403867413,
            0.9999758403867413,
            0.9999758403867413,
            0.9836228216386971,
            0.9836228216386971,
            0.9836228216386971,
            0.9836228216386971,
            0.9820453360251187
        ],
        "cv_class_weights": [
            0.0,
            0.0,
            0.0,
            0.0,
            0.0,
            0.0,
            0.0,
            0.0
        ],
        "total_training_samples": [
            132454,
            132454,
            132454,
            135364,
            135364,
            135364,
            135364,
            135776
        ],
        "imbalance_ratio": [
            2.7601203656390165,
            2.7601203656390165,
            2.7601203656390165,
            33.302667578659374,
            33.302667578659374,
            33.302667578659374,
            33.302667578659374,
            235.78208232445522
        ],
        "entropy": [
            0.5791877937277327,
            0.5791877937277327,
            0.5791877937277327,
            0.6696847299531715,
            0.6696847299531715,
            0.6696847299531715,
            0.6696847299531715,
            0.6882454437129856
        ],
        "test_precision_macro": [
            0.9999835968768453,
            0.9999835968768453,
            0.9999835968768453,
            0.9083557673224633,
            0.9083557673224633,
            0.9083557673224633,
            0.9083557673224633,
            0.8782167639560954
        ],
        "test_recall_macro": [
            0.9999541746860966,
            0.9999541746860966,
            0.9999541746860966,
            0.8206553041134278,
            0.8206553041134278,
            0.8206553041134278,
            0.8206553041134278,
            0.69380471639269
        ],
        "classification_reports": [
            {
                "0": {
                    "precision": 0.9999671937536907,
                    "recall": 1.0,
                    "f1-score": 0.9999835966077785,
                    "support": 30481.0
                },
                "1": {
                    "precision": 1.0,
                    "recall": 0.9999083493721932,
                    "f1-score": 0.999954172586041,
                    "support": 10911.0
                },
                "accuracy": 0.9999758407421724,
                "macro avg": {
                    "precision": 0.9999835968768453,
                    "recall": 0.9999541746860966,
                    "f1-score": 0.9999688845969097,
                    "support": 41392.0
                },
                "weighted avg": {
                    "precision": 0.999975841534747,
                    "recall": 0.9999758407421724,
                    "f1-score": 0.9999758403867413,
                    "support": 41392.0
                }
            },
            {
                "0": {
                    "precision": 0.9999671937536907,
                    "recall": 1.0,
                    "f1-score": 0.9999835966077785,
                    "support": 30481.0
                },
                "1": {
                    "precision": 1.0,
                    "recall": 0.9999083493721932,
                    "f1-score": 0.999954172586041,
                    "support": 10911.0
                },
                "accuracy": 0.9999758407421724,
                "macro avg": {
                    "precision": 0.9999835968768453,
                    "recall": 0.9999541746860966,
                    "f1-score": 0.9999688845969097,
                    "support": 41392.0
                },
                "weighted avg": {
                    "precision": 0.999975841534747,
                    "recall": 0.9999758407421724,
                    "f1-score": 0.9999758403867413,
                    "support": 41392.0
                }
            },
            {
                "0": {
                    "precision": 0.9999671937536907,
                    "recall": 1.0,
                    "f1-score": 0.9999835966077785,
                    "support": 30481.0
                },
                "1": {
                    "precision": 1.0,
                    "recall": 0.9999083493721932,
                    "f1-score": 0.999954172586041,
                    "support": 10911.0
                },
                "accuracy": 0.9999758407421724,
                "macro avg": {
                    "precision": 0.9999835968768453,
                    "recall": 0.9999541746860966,
                    "f1-score": 0.9999688845969097,
                    "support": 41392.0
                },
                "weighted avg": {
                    "precision": 0.999975841534747,
                    "recall": 0.9999758407421724,
                    "f1-score": 0.9999758403867413,
                    "support": 41392.0
                }
            },
            {
                "0": {
                    "precision": 0.7406749555950266,
                    "recall": 0.4669652855543113,
                    "f1-score": 0.5728021978021978,
                    "support": 893.0
                },
                "1": {
                    "precision": 0.9843923463723634,
                    "recall": 0.9951805638080148,
                    "f1-score": 0.9897570584372948,
                    "support": 30294.0
                },
                "2": {
                    "precision": 1.0,
                    "recall": 0.9998200629779577,
                    "f1-score": 0.9999100233939175,
                    "support": 11115.0
                },
                "accuracy": 0.9852489244007375,
                "macro avg": {
                    "precision": 0.9083557673224633,
                    "recall": 0.8206553041134278,
                    "f1-score": 0.85415642654447,
                    "support": 42302.0
                },
                "weighted avg": {
                    "precision": 0.9833484108635699,
                    "recall": 0.9852489244007375,
                    "f1-score": 0.9836228216386971,
                    "support": 42302.0
                }
            },
            {
                "0": {
                    "precision": 0.7406749555950266,
                    "recall": 0.4669652855543113,
                    "f1-score": 0.5728021978021978,
                    "support": 893.0
                },
                "1": {
                    "precision": 0.9843923463723634,
                    "recall": 0.9951805638080148,
                    "f1-score": 0.9897570584372948,
                    "support": 30294.0
                },
                "2": {
                    "precision": 1.0,
                    "recall": 0.9998200629779577,