{
    "TabNet": {
        "filter_sizes": [
            12000,
            8000,
            6000,
            4500,
            3500,
            1500,
            1000,
            300
        ],
        "training_time_seconds": [
            1003.1441972255707,
            1005.8230550289154,
            1060.337938785553,
            1569.0602521896362,
            1538.3778591156006,
            1484.7264170646667,
            1491.1270594596863,
            1390.5978779792786
        ],
        "num_classes": [
            2,
            2,
            2,
            3,
            3,
            3,
            3,
            4
        ],
        "test_f1_macro": [
            0.9999071863766463,
            0.9999071863766463,
            0.9999071863766463,
            0.8578940389773244,
            0.8578940389773244,
            0.8578940389773244,
            0.8578940389773244,
            0.7501799677190772
        ],
        "test_f1_micro": [
            0.9999275222265172,
            0.9999275222265172,
            0.9999275222265172,
            0.9858871920949364,
            0.9858871920949364,
            0.9858871920949364,
            0.9858871920949364,
            0.9827951920810747
        ],
        "test_f1_weighted": [
            0.9999275232761095,
            0.9999275232761095,
            0.9999275232761095,
            0.9839586005767672,
            0.9839586005767672,
            0.9839586005767672,
            0.9839586005767672,
            0.9804225893026498
        ],
        "cv_class_weights": [
            0.4692648013650022,
            0.4692648013650022,
            0.4692648013650022,
            0.8667902007756005,
            0.8667902007756005,
            0.8667902007756005,
            0.8667902007756005,
            1.1506919191508056
        ],
        "total_training_samples": [
            132454,
            132454,
            132454,
            135364,
            135364,
            135364,
            135364,
            135776
        ],
        "imbalance_ratio": [
            2.7683575635153206,
            2.7683575635153206,
            2.7683575635153206,
            33.45197934595525,
            33.45197934595525,
            33.45197934595525,
            33.45197934595525,
            242.02487562189054
        ],
        "entropy": [
            0.8347386105489557,
            0.8347386105489557,
            0.8347386105489557,
            0.6106164368418217,
            0.6106164368418217,
            0.6106164368418217,
            0.6106164368418217,
            0.49660586795117595
        ],
        "test_precision_macro": [
            0.9998927086573406,
            0.9998927086573406,
            0.9998927086573406,
            0.9313172048398174,
            0.9313172048398174,
            0.9313172048398174,
            0.9313172048398174,
            0.870819937369766
        ],
        "test_recall_macro": [
            0.9999216664293937,
            0.9999216664293937,
            0.9999216664293937,
            0.8175418836424106,
            0.8175418836424106,
            0.8175418836424106,
            0.8175418836424106,
            0.6914802646364435
        ],
        "classification_reports": [
            {
                "0": {
                    "precision": 0.9999670868577824,
                    "recall": 0.9999341758820431,
                    "f1-score": 0.9999506310991163,
                    "support": 30384.0
                },
                "1": {
                    "precision": 0.9998183304568989,
                    "recall": 0.9999091569767442,
                    "f1-score": 0.9998637416541764,
                    "support": 11008.0
                },
                "accuracy": 0.9999275222265172,
                "macro avg": {
                    "precision": 0.9998927086573406,
                    "recall": 0.9999216664293937,
                    "f1-score": 0.9999071863766463,
                    "support": 41392.0
                },
                "weighted avg": {
                    "precision": 0.9999275258203615,
                    "recall": 0.9999275222265172,
                    "f1-score": 0.9999275232761095,
                    "support": 41392.0
                }
            },
            {
                "0": {
                    "precision": 0.9999670868577824,
                    "recall": 0.9999341758820431,
                    "f1-score": 0.9999506310991163,
                    "support": 30384.0
                },
                "1": {
                    "precision": 0.9998183304568989,
                    "recall": 0.9999091569767442,
                    "f1-score": 0.9998637416541764,
                    "support": 11008.0
                },
                "accuracy": 0.9999275222265172,
                "macro avg": {
                    "precision": 0.9998927086573406,
                    "recall": 0.9999216664293937,
                    "f1-score": 0.9999071863766463,
                    "support": 41392.0
                },
                "weighted avg": {
                    "precision": 0.9999275258203615,
                    "recall": 0.9999275222265172,
                    "f1-score": 0.9999275232761095,
                    "support": 41392.0
                }
            },
            {
                "0": {
                    "precision": 0.9999670868577824,
                    "recall": 0.9999341758820431,
                    "f1-score": 0.9999506310991163,
                    "support": 30384.0
                },
                "1": {
                    "precision": 0.9998183304568989,
                    "recall": 0.9999091569767442,
                    "f1-score": 0.9998637416541764,
                    "support": 11008.0
                },
                "accuracy": 0.9999275222265172,
                "macro avg": {
                    "precision": 0.9998927086573406,
                    "recall": 0.9999216664293937,
                    "f1-score": 0.9999071863766463,
                    "support": 41392.0
                },
                "weighted avg": {
                    "precision": 0.9999275258203615,
                    "recall": 0.9999275222265172,
                    "f1-score": 0.9999275232761095,
                    "support": 41392.0
                }
            },
            {
                "0": {
                    "precision": 0.810077519379845,
                    "recall": 0.4558342420937841,
                    "f1-score": 0.5833914863921842,
                    "support": 917.0
                },
                "1": {
                    "precision": 0.983874095139607,
                    "recall": 0.996791408833448,
                    "f1-score": 0.9902906305397889,
                    "support": 30543.0
                },
                "2": {
                    "precision": 1.0,
                    "recall": 1.0,
                    "f1-score": 1.0,
                    "support": 10842.0
                },
                "accuracy": 0.9858871920949364,
                "macro avg": {
                    "precision": 0.9313172048398174,
                    "recall": 0.8175418836424106,
                    "f1-score": 0.8578940389773244,
                    "support": 42302.0
                },
                "weighted avg": {
                    "precision": 0.9842396948872472,
                    "recall": 0.9858871920949364,
                    "f1-score": 0.9839586005767672,
                    "support": 42302.0
                }
            },
            {
                "0": {
                    "precision": 0.810077519379845,
                    "recall": 0.4558342420937841,
                    "f1-score": 0.5833914863921842,
                    "support": 917.0
                },
                "1": {
                    "precision": 0.983874095139607,
                    "recall": 0.996791408833448,