{
    "TabNet": {
        "filter_sizes": [
            12000,
            8000,
            6000,
            4500,
            3500,
            1500,
            1000,
            300
        ],
        "training_time_seconds": [
            808.1213035583496,
            855.7627782821655,
            807.6801686286926,
            838.6000413894653,
            890.0483224391937,
            1049.4821236133575,
            1019.4397640228271,
            1007.1314172744751
        ],
        "num_classes": [
            2,
            2,
            2,
            2,
            4,
            5,
            5,
            5
        ],
        "test_f1_macro": [
            0.8722420233244127,
            0.8722420233244127,
            0.8722420233244127,
            0.8722420233244127,
            0.6455247499383315,
            0.5159247233450741,
            0.5159247233450741,
            0.5159247233450741
        ],
        "test_f1_micro": [
            0.9465660153937241,
            0.9465660153937241,
            0.9465660153937241,
            0.9465660153937241,
            0.9186223277909739,
            0.9149893942964883,
            0.9149893942964883,
            0.9149893942964883
        ],
        "test_f1_weighted": [
            0.9511719009233446,
            0.9511719009233446,
            0.9511719009233446,
            0.9511719009233446,
            0.9262939227898136,
            0.9166751829552041,
            0.9166751829552041,
            0.9166751829552041
        ],
        "cv_class_weights": [
            0.8074842095375061,
            0.8074842095375061,
            0.8074842095375061,
            0.8074842095375061,
            0.8081349730491638,
            0.8940883278846741,
            0.8940883278846741,
            0.8940883278846741
        ],
        "total_training_samples": [
            129714,
            129714,
            129714,
            129714,
            134718,
            135776,
            135776,
            135776
        ],
        "imbalance_ratio": [
            9.38875540605478,
            9.38875540605478,
            9.38875540605478,
            9.38875540605478,
            47.3830303030303,
            109.24674115456239,
            109.24674115456239,
            109.24674115456239
        ],
        "entropy": [
            0.3167821114408765,
            0.3167821114408765,
            0.3167821114408765,
            0.3167821114408765,
            0.48875892978599284,
            0.5296953370589613,
            0.5296953370589613,
            0.5296953370589613
        ],
        "test_precision_macro": [
            0.8212473323962927,
            0.8212473323962927,
            0.8212473323962927,
            0.8212473323962927,
            0.5945865791515873,
            0.5029410779610136,
            0.5029410779610136,
            0.5029410779610136
        ],
        "test_recall_macro": [
            0.9559525400067607,
            0.9559525400067607,
            0.9559525400067607,
            0.9559525400067607,
            0.724831264448774,
            0.5421905083735459,
            0.5421905083735459,
            0.5421905083735459
        ],
        "classification_reports": [
            {
                "0": {
                    "precision": 0.6460898213976071,
                    "recall": 0.9675408984679305,
                    "f1-score": 0.7747972551466001,
                    "support": 3851.0
                },
                "1": {
                    "precision": 0.9964048433949783,
                    "recall": 0.9443641815455909,
                    "f1-score": 0.9696867915022253,
                    "support": 36685.0
                },
                "accuracy": 0.9465660153937241,
                "macro avg": {
                    "precision": 0.8212473323962927,
                    "recall": 0.9559525400067607,
                    "f1-score": 0.8722420233244127,
                    "support": 40536.0
                },
                "weighted avg": {
                    "precision": 0.9631242249394849,
                    "recall": 0.9465660153937241,
                    "f1-score": 0.9511719009233446,
                    "support": 40536.0
                }
            },
            {
                "0": {
                    "precision": 0.6460898213976071,
                    "recall": 0.9675408984679305,
                    "f1-score": 0.7747972551466001,
                    "support": 3851.0
                },
                "1": {
                    "precision": 0.9964048433949783,
                    "recall": 0.9443641815455909,
                    "f1-score": 0.9696867915022253,
                    "support": 36685.0
                },
                "accuracy": 0.9465660153937241,
                "macro avg": {
                    "precision": 0.8212473323962927,
                    "recall": 0.9559525400067607,
                    "f1-score": 0.8722420233244127,
                    "support": 40536.0
                },
                "weighted avg": {
                    "precision": 0.9631242249394849,
                    "recall": 0.9465660153937241,
                    "f1-score": 0.9511719009233446,
                    "support": 40536.0
                }
            },
            {
                "0": {
                    "precision": 0.6460898213976071,
                    "recall": 0.9675408984679305,
                    "f1-score": 0.7747972551466001,
                    "support": 3851.0
                },
                "1": {
                    "precision": 0.9964048433949783,
                    "recall": 0.9443641815455909,
                    "f1-score": 0.9696867915022253,
                    "support": 36685.0
                },
                "accuracy": 0.9465660153937241,
                "macro avg": {
                    "precision": 0.8212473323962927,
                    "recall": 0.9559525400067607,
                    "f1-score": 0.8722420233244127,
                    "support": 40536.0
                },
                "weighted avg": {
                    "precision": 0.9631242249394849,
                    "recall": 0.9465660153937241,
                    "f1-score": 0.9511719009233446,
                    "support": 40536.0
                }
            },
            {
                "0": {
                    "precision": 0.6460898213976071,
                    "recall": 0.9675408984679305,
                    "f1-score": 0.7747972551466001,
                    "support": 3851.0
                },
                "1": {
                    "precision": 0.9964048433949783,
                    "recall": 0.9443641815455909,
                    "f1-score": 0.9696867915022253,
                    "support": 36685.0
                },
                "accuracy": 0.9465660153937241,
                "macro avg": {
                    "precision": 0.8212473323962927,
                    "recall": 0.9559525400067607,
                    "f1-score": 0.8722420233244127,
                    "support": 40536.0
                },
                "weighted avg": {
                    "precision": 0.9631242249394849,
                    "recall": 0.9465660153937241,
                    "f1-score": 0.9511719009233446,
                    "support": 40536.0
                }
            },
            {
                "0": {
                    "precision": 0.6748911465892597,
                    "recall": 0.8333333333333334,
                    "f1-score": 0.7457898957497995,
                    "support": 3906.0
                },
                "1": {
                    "precision": 0.991303599104529,
                    "recall": 0.9429413852412023,
                    "f1-score": 0.9665178883743056,
                    "support": 36629.0
                },
                "2": {
                    "precision": 0.30319634703196346,
                    "recall": 0.4267352185089974,