{
    "AdvancedTabularClassifier": {
        "filter_sizes": [
            12000,
            8000,
            6000,
            4500,
            3500,
            1500,
            1000,
            300
        ],
        "training_time_seconds": [
            413.9638919830322,
            142.60106778144836,
            64.15957117080688,
            47.23084735870361,
            57.90409994125366,
            46.009225845336914,
            53.11714291572571,
            46.82456707954407
        ],
        "num_classes": [
            2,
            2,
            2,
            3,
            3,
            3,
            3,
            4
        ],
        "test_f1_macro": [
            0.9998441381971388,
            0.9998129713670996,
            0.9998129713670996,
            0.8731807277681632,
            0.860921367136423,
            0.8726927447617481,
            0.8726283426352861,
            0.711856501104583
        ],
        "test_f1_micro": [
            0.999879203710862,
            0.9998550444530344,
            0.9998550444530344,
            0.9821757836508912,
            0.9781097820434022,
            0.9819157486643657,
            0.9810410855278711,
            0.967923638934716
        ],
        "test_f1_weighted": [
            0.9998791947806135,
            0.9998550358806861,
            0.9998550358806861,
            0.9828804987476693,
            0.9801092997041173,
            0.98256948316217,
            0.9822926707805437,
            0.9730514169043543
        ],
        "cv_class_weights": [
            0.4674679511377535,
            0.4674679511377535,
            0.4674679511377535,
            0.8669670577449843,
            0.8669670577449843,
            0.8669670577449843,
            0.8669670577449843,
            1.1500824855751932
        ],
        "imbalance_ratio": [
            2.7576668841669267,
            2.7576668841669267,
            2.7576668841669267,
            33.36020583190395,
            33.36020583190395,
            33.36020583190395,
            33.36020583190395,
            235.11352657004832
        ],
        "total_training_samples": [
            132454,
            132454,
            132454,
            135364,
            135364,
            135364,
            135364,
            135776
        ],
        "entropy": [
            0.8360554397158242,
            0.8360554397158242,
            0.8360554397158242,
            0.6107378405458541,
            0.6107378405458541,
            0.6107378405458541,
            0.6107378405458541,
            0.49708373072547246
        ],
        "test_precision_macro": [
            0.9999180730788138,
            0.9998721060622389,
            0.9998721060622389,
            0.8572517095080077,
            0.8309594728698381,
            0.8584038881693482,
            0.8483630048494343,
            0.6924410146609538
        ],
        "test_recall_macro": [
            0.9997702628193347,
            0.9997538747498493,
            0.9997538747498493,
            0.8922248520453259,
            0.906709419371191,
            0.8896320403417546,
            0.9055228629020853,
            0.8474163413342225
        ],
        "classification_reports": [
            {
                "0": {
                    "precision": 0.9998361461576274,
                    "recall": 1.0,
                    "f1-score": 0.9999180663662434,
                    "support": 30510.0
                },
                "1": {
                    "precision": 1.0,
                    "recall": 0.9995405256386694,
                    "f1-score": 0.9997702100280343,
                    "support": 10882.0
                },
                "accuracy": 0.999879203710862,
                "macro avg": {
                    "precision": 0.9999180730788138,
                    "recall": 0.9997702628193347,
                    "f1-score": 0.9998441381971388,
                    "support": 41392.0
                },
                "weighted avg": {
                    "precision": 0.9998792235037981,
                    "recall": 0.999879203710862,
                    "f1-score": 0.9998791947806135,
                    "support": 41392.0
                }
            },
            {
                "0": {
                    "precision": 0.9998361407878351,
                    "recall": 0.9999672238610292,
                    "f1-score": 0.9999016780283168,
                    "support": 30510.0
                },
                "1": {
                    "precision": 0.9999080713366427,
                    "recall": 0.9995405256386694,
                    "f1-score": 0.9997242647058824,
                    "support": 10882.0
                },
                "accuracy": 0.9998550444530344,
                "macro avg": {
                    "precision": 0.9998721060622389,
                    "recall": 0.9997538747498493,
                    "f1-score": 0.9998129713670996,
                    "support": 41392.0
                },
                "weighted avg": {
                    "precision": 0.9998550514041891,
                    "recall": 0.9998550444530344,
                    "f1-score": 0.9998550358806861,
                    "support": 41392.0
                }
            },
            {
                "0": {
                    "precision": 0.9998361407878351,
                    "recall": 0.9999672238610292,
                    "f1-score": 0.9999016780283168,
                    "support": 30510.0
                },
                "1": {
                    "precision": 0.9999080713366427,
                    "recall": 0.9995405256386694,
                    "f1-score": 0.9997242647058824,
                    "support": 10882.0
                },
                "accuracy": 0.9998550444530344,
                "macro avg": {
                    "precision": 0.9998721060622389,
                    "recall": 0.9997538747498493,
                    "f1-score": 0.9998129713670996,
                    "support": 41392.0
                },
                "weighted avg": {
                    "precision": 0.9998550514041891,
                    "recall": 0.9998550444530344,
                    "f1-score": 0.9998550358806861,
                    "support": 41392.0
                }
            },
            {
                "0": {
                    "precision": 0.5834109972041006,
                    "recall": 0.6924778761061947,
                    "f1-score": 0.6332827516439049,
                    "support": 904.0
                },
                "1": {
                    "precision": 0.9907159612779595,
                    "recall": 0.9844709281328999,
                    "f1-score": 0.9875835721107927,
                    "support": 30459.0
                },
                "2": {
                    "precision": 0.9976281700419631,
                    "recall": 0.9997257518968827,
                    "f1-score": 0.9986758595497922,
                    "support": 10939.0
                },
                "accuracy": 0.9821757836508912,
                "macro avg": {
                    "precision": 0.8572517095080077,
                    "recall": 0.8922248520453259,
                    "f1-score": 0.8731807277681632,
                    "support": 42302.0
                },
                "weighted avg": {
                    "precision": 0.9837992425447238,
                    "recall": 0.9821757836508912,
                    "f1-score": 0.9828804987476693,
                    "support": 42302.0
                }
            },
            {
                "0": {
                    "precision": 0.5014903129657228,
                    "recall": 0.7444690265486725,
                    "f1-score": 0.5992876224398932,
                    "support": 904.0
                },
                "1": {
                    "precision": 0.9914797310790122,
                    "recall": 0.9780360484585837,