{
    "TabNet": {
        "filter_sizes": [
            12000,
            8000,
            6000,
            4500,
            3500,
            1500,
            1000,
            300
        ],
        "training_time_seconds": [
            1049.8905086517334,
            949.9148380756378,
            885.2832629680634,
            804.8114154338837,
            802.7311456203461,
            738.0120182037354,
            713.1639640331268,
            1023.1773071289062
        ],
        "num_classes": [
            2,
            2,
            2,
            3,
            3,
            3,
            3,
            4
        ],
        "test_f1_macro": [
            0.9998141302201379,
            0.9998141302201379,
            0.9998141302201379,
            0.7982595993190708,
            0.7982595993190708,
            0.7982595993190708,
            0.7982595993190708,
            0.7498733449337903
        ],
        "test_f1_micro": [
            0.9998550444530344,
            0.9998550444530344,
            0.9998550444530344,
            0.9524372370100704,
            0.9524372370100704,
            0.9524372370100704,
            0.9524372370100704,
            0.9650483148715532
        ],
        "test_f1_weighted": [
            0.9998550570938891,
            0.9998550570938891,
            0.9998550570938891,
            0.963130644497358,
            0.963130644497358,
            0.963130644497358,
            0.963130644497358,
            0.9697177704961646
        ],
        "cv_class_weights": [
            0.4689628097301705,
            0.4689628097301705,
            0.4689628097301705,
            0.8670708603107885,
            0.8670708603107885,
            0.8670708603107885,
            0.8670708603107885,
            1.150705879465884
        ],
        "total_training_samples": [
            132454,
            132454,
            132454,
            135364,
            135364,
            135364,
            135364,
            135776
        ],
        "imbalance_ratio": [
            2.766214563962581,
            2.766214563962581,
            2.766214563962581,
            33.46024096385542,
            33.46024096385542,
            33.46024096385542,
            33.46024096385542,
            237.8557457212714
        ],
        "entropy": [
            0.5787504080633712,
            0.5787504080633712,
            0.5787504080633712,
            0.670650998925844,
            0.670650998925844,
            0.670650998925844,
            0.670650998925844,
            0.6881847093027704
        ],
        "test_precision_macro": [
            0.9997269997269997,
            0.9997269997269997,
            0.9997269997269997,
            0.7613758407676167,
            0.7613758407676167,
            0.7613758407676167,
            0.7613758407676167,
            0.7311461245667267
        ],
        "test_recall_macro": [
            0.999901344996547,
            0.999901344996547,
            0.999901344996547,
            0.9207788717623103,
            0.9207788717623103,
            0.9207788717623103,
            0.9207788717623103,
            0.7966291685535802
        ],
        "classification_reports": [
            {
                "0": {
                    "precision": 1.0,
                    "recall": 0.9998026899930942,
                    "f1-score": 0.9999013352627771,
                    "support": 30409.0
                },
                "1": {
                    "precision": 0.9994539994539995,
                    "recall": 1.0,
                    "f1-score": 0.9997269251774986,
                    "support": 10983.0
                },
                "accuracy": 0.9998550444530344,
                "macro avg": {
                    "precision": 0.9997269997269997,
                    "recall": 0.999901344996547,
                    "f1-score": 0.9998141302201379,
                    "support": 41392.0
                },
                "weighted avg": {
                    "precision": 0.9998551235988422,
                    "recall": 0.9998550444530344,
                    "f1-score": 0.9998550570938891,
                    "support": 41392.0
                }
            },
            {
                "0": {
                    "precision": 1.0,
                    "recall": 0.9998026899930942,
                    "f1-score": 0.9999013352627771,
                    "support": 30409.0
                },
                "1": {
                    "precision": 0.9994539994539995,
                    "recall": 1.0,
                    "f1-score": 0.9997269251774986,
                    "support": 10983.0
                },
                "accuracy": 0.9998550444530344,
                "macro avg": {
                    "precision": 0.9997269997269997,
                    "recall": 0.999901344996547,
                    "f1-score": 0.9998141302201379,
                    "support": 41392.0
                },
                "weighted avg": {
                    "precision": 0.9998551235988422,
                    "recall": 0.9998550444530344,
                    "f1-score": 0.9998550570938891,
                    "support": 41392.0
                }
            },
            {
                "0": {
                    "precision": 1.0,
                    "recall": 0.9998026899930942,
                    "f1-score": 0.9999013352627771,
                    "support": 30409.0
                },
                "1": {
                    "precision": 0.9994539994539995,
                    "recall": 1.0,
                    "f1-score": 0.9997269251774986,
                    "support": 10983.0
                },
                "accuracy": 0.9998550444530344,
                "macro avg": {
                    "precision": 0.9997269997269997,
                    "recall": 0.999901344996547,
                    "f1-score": 0.9998141302201379,
                    "support": 41392.0
                },
                "weighted avg": {
                    "precision": 0.9998551235988422,
                    "recall": 0.9998550444530344,
                    "f1-score": 0.9998550570938891,
                    "support": 41392.0
                }
            },
            {
                "0": {
                    "precision": 0.29,
                    "recall": 0.8231441048034934,
                    "f1-score": 0.42889647326507396,
                    "support": 916.0
                },
                "1": {
                    "precision": 0.9943114810960805,
                    "recall": 0.939468423294989,
                    "f1-score": 0.9661122626089008,
                    "support": 30513.0
                },
                "2": {
                    "precision": 0.9998160412067697,
                    "recall": 0.9997240871884484,
                    "f1-score": 0.9997700620832375,
                    "support": 10873.0
                },
                "accuracy": 0.9524372370100704,
                "macro avg": {
                    "precision": 0.7613758407676167,
                    "recall": 0.9207788717623103,
                    "f1-score": 0.7982595993190708,
                    "support": 42302.0
                },
                "weighted avg": {
                    "precision": 0.980475297591743,
                    "recall": 0.9524372370100704,
                    "f1-score": 0.963130644497358,
                    "support": 42302.0
                }
            },
            {
                "0": {
                    "precision": 0.29,
                    "recall": 0.8231441048034934,
                    "f1-score": 0.42889647326507396,
                    "support": 916.0
                },
                "1": {
                    "precision": 0.9943114810960805,
                    "recall": 0.939468423294989,
                    "f1-score": 0.9661122626089008,
                    "support": 30513.0
                },