{
    "AdvancedTabularClassifier": {
        "filter_sizes": [
            12000,
            8000,
            6000,
            4500,
            3500,
            1500,
            1000,
            300
        ],
        "training_time_seconds": [
            44.79670000076294,
            39.50677418708801,
            40.73997735977173,
            43.901758670806885,
            46.854475021362305,
            39.48968172073364,
            47.55275201797485,
            46.98380517959595
        ],
        "num_classes": [
            2,
            2,
            2,
            2,
            4,
            5,
            5,
            5
        ],
        "test_f1_macro": [
            0.8945895618306035,
            0.8918011682669367,
            0.89083454522719,
            0.8967277984573966,
            0.6811825795821931,
            0.5647089490989478,
            0.5762215234824825,
            0.5732892830058219
        ],
        "test_f1_micro": [
            0.9612689954608249,
            0.9608742845865403,
            0.9589500690744029,
            0.9618117229129662,
            0.9282660332541568,
            0.9113834551025218,
            0.919820881451803,
            0.9214235210935658
        ],
        "test_f1_weighted": [
            0.9619680540392063,
            0.961279493061924,
            0.9601370916323901,
            0.9626166763602415,
            0.9312234985548073,
            0.9178752047080982,
            0.9230162709334823,
            0.9233371721793552
        ],
        "cv_class_weights": [
            0.8080700618283301,
            0.8080700618283301,
            0.8080700618283301,
            0.8080700618283301,
            1.436942292305175,
            1.6658859875023757,
            1.6658859875023757,
            1.6658859875023757
        ],
        "imbalance_ratio": [
            9.474321705426357,
            9.474321705426357,
            9.474321705426357,
            9.474321705426357,
            47.042502004811546,
            110.57964184731385,
            110.57964184731385,
            110.57964184731385
        ],
        "total_training_samples": [
            129714,
            129714,
            129714,
            129714,
            134718,
            135776,
            135776,
            135776
        ],
        "entropy": [
            0.3150175183558238,
            0.3150175183558238,
            0.3150175183558238,
            0.3150175183558238,
            0.4878513770286893,
            0.5297442692876037,
            0.5297442692876037,
            0.5297442692876037
        ],
        "test_precision_macro": [
            0.8810027778470102,
            0.8839030278881261,
            0.8698814969041673,
            0.8808998168378293,
            0.6471393592418307,
            0.5305363461420234,
            0.5531029351228087,
            0.5599973278996215
        ],
        "test_recall_macro": [
            0.9095454998467865,
            0.9001441032334436,
            0.9153147302326189,
            0.9144376799490099,
            0.739264318256786,
            0.6174198105311287,
            0.617303301850235,
            0.599490008263041
        ],
        "classification_reports": [
            {
                "0": {
                    "precision": 0.7790132036136206,
                    "recall": 0.8451872329731088,
                    "f1-score": 0.8107521697203471,
                    "support": 3979.0
                },
                "1": {
                    "precision": 0.9829923520803998,
                    "recall": 0.973903766720464,
                    "f1-score": 0.9784269539408597,
                    "support": 36557.0
                },
                "accuracy": 0.9612689954608249,
                "macro avg": {
                    "precision": 0.8810027778470102,
                    "recall": 0.9095454998467865,
                    "f1-score": 0.8945895618306035,
                    "support": 40536.0
                },
                "weighted avg": {
                    "precision": 0.9629698281078984,
                    "recall": 0.9612689954608249,
                    "f1-score": 0.9619680540392063,
                    "support": 40536.0
                }
            },
            {
                "0": {
                    "precision": 0.7869992804029743,
                    "recall": 0.8245790399597889,
                    "f1-score": 0.8053510063819342,
                    "support": 3979.0
                },
                "1": {
                    "precision": 0.980806775373278,
                    "recall": 0.9757091665070985,
                    "f1-score": 0.978251330151939,
                    "support": 36557.0
                },
                "accuracy": 0.9608742845865403,
                "macro avg": {
                    "precision": 0.8839030278881261,
                    "recall": 0.9001441032334436,
                    "f1-score": 0.8918011682669367,
                    "support": 40536.0
                },
                "weighted avg": {
                    "precision": 0.9617826974552093,
                    "recall": 0.9608742845865403,
                    "f1-score": 0.961279493061924,
                    "support": 40536.0
                }
            },
            {
                "0": {
                    "precision": 0.7551245316288296,
                    "recall": 0.8610203568735864,
                    "f1-score": 0.8046031000469704,
                    "support": 3979.0
                },
                "1": {
                    "precision": 0.984638462179505,
                    "recall": 0.9696091035916514,
                    "f1-score": 0.9770659904074095,
                    "support": 36557.0
                },
                "accuracy": 0.9589500690744029,
                "macro avg": {
                    "precision": 0.8698814969041673,
                    "recall": 0.9153147302326189,
                    "f1-score": 0.89083454522719,
                    "support": 40536.0
                },
                "weighted avg": {
                    "precision": 0.9621094526654648,
                    "recall": 0.9589500690744029,
                    "f1-score": 0.9601370916323901,
                    "support": 40536.0
                }
            },
            {
                "0": {
                    "precision": 0.7777016221156043,
                    "recall": 0.8554913294797688,
                    "f1-score": 0.8147438966012446,
                    "support": 3979.0
                },
                "1": {
                    "precision": 0.9840980115600542,
                    "recall": 0.973384030418251,
                    "f1-score": 0.9787117003135486,
                    "support": 36557.0
                },
                "accuracy": 0.9618117229129662,
                "macro avg": {
                    "precision": 0.8808998168378293,
                    "recall": 0.9144376799490099,
                    "f1-score": 0.8967277984573966,
                    "support": 40536.0
                },
                "weighted avg": {
                    "precision": 0.9638382120337203,
                    "recall": 0.9618117229129662,
                    "f1-score": 0.9626166763602415,
                    "support": 40536.0
                }
            },
            {
                "0": {
                    "precision": 0.7345799609265978,
                    "recall": 0.6639757820383451,
                    "f1-score": 0.6974956936531072,
                    "support": 3964.0
                },
                "1": {
                    "precision": 0.9796934653903613,
                    "recall": 0.9684936002625534,
                    "f1-score": 0.9740613395681474,
                    "support": 36564.0
                },
                "2": {
                    "precision": 0.3708999158957107,