{
    "TabNet": {
        "filter_sizes": [
            12000,
            8000,
            6000,
            4500,
            3500,
            1500,
            1000,
            300
        ],
        "training_time_seconds": [
            719.7531971931458,
            679.1209931373596,
            673.02459025383,
            729.885703086853,
            733.2039620876312,
            730.8499245643616,
            752.7304275035858,
            745.4628472328186
        ],
        "num_classes": [
            2,
            2,
            2,
            3,
            3,
            3,
            3,
            4
        ],
        "test_f1_macro": [
            0.9999690603332358,
            0.9999690603332358,
            0.9999690603332358,
            0.873511833516138,
            0.873511833516138,
            0.873511833516138,
            0.873511833516138,
            0.7269434742259216
        ],
        "test_f1_micro": [
            0.9999758407421724,
            0.9999758407421724,
            0.9999758407421724,
            0.9837832726585032,
            0.9837832726585032,
            0.9837832726585032,
            0.9837832726585032,
            0.9771152486448268
        ],
        "test_f1_weighted": [
            0.999975840392252,
            0.999975840392252,
            0.999975840392252,
            0.9838845170345356,
            0.9838845170345356,
            0.9838845170345356,
            0.9838845170345356,
            0.977635001851793
        ],
        "cv_class_weights": [
            0.015067607164382935,
            0.015067607164382935,
            0.015067607164382935,
            0.6960189342498779,
            0.6960189342498779,
            0.6960189342498779,
            0.6960189342498779,
            1.300489902496338
        ],
        "total_training_samples": [
            132454,
            132454,
            132454,
            135364,
            135364,
            135364,
            135364,
            135776
        ],
        "imbalance_ratio": [
            2.7683575635153206,
            2.7683575635153206,
            2.7683575635153206,
            33.45197934595525,
            33.45197934595525,
            33.45197934595525,
            33.45197934595525,
            242.02487562189054
        ],
        "entropy": [
            0.5785967144065348,
            0.5785967144065348,
            0.5785967144065348,
            0.67083072117716,
            0.67083072117716,
            0.67083072117716,
            0.67083072117716,
            0.6884419144397642
        ],
        "test_precision_macro": [
            0.9999835445120948,
            0.9999835445120948,
            0.9999835445120948,
            0.8709555089182238,
            0.8709555089182238,
            0.8709555089182238,
            0.8709555089182238,
            0.7216695780552612
        ],
        "test_recall_macro": [
            0.9999545784883721,
            0.9999545784883721,
            0.9999545784883721,
            0.8761385566008398,
            0.8761385566008398,
            0.8761385566008398,
            0.8761385566008398,
            0.734436552138901
        ],
        "classification_reports": [
            {
                "0": {
                    "precision": 0.9999670890241895,
                    "recall": 1.0,
                    "f1-score": 0.9999835442413072,
                    "support": 30384.0
                },
                "1": {
                    "precision": 1.0,
                    "recall": 0.9999091569767442,
                    "f1-score": 0.9999545764251646,
                    "support": 11008.0
                },
                "accuracy": 0.9999758407421724,
                "macro avg": {
                    "precision": 0.9999835445120948,
                    "recall": 0.9999545784883721,
                    "f1-score": 0.9999690603332358,
                    "support": 41392.0
                },
                "weighted avg": {
                    "precision": 0.9999758415372771,
                    "recall": 0.9999758407421724,
                    "f1-score": 0.999975840392252,
                    "support": 41392.0
                }
            },
            {
                "0": {
                    "precision": 0.9999670890241895,
                    "recall": 1.0,
                    "f1-score": 0.9999835442413072,
                    "support": 30384.0
                },
                "1": {
                    "precision": 1.0,
                    "recall": 0.9999091569767442,
                    "f1-score": 0.9999545764251646,
                    "support": 11008.0
                },
                "accuracy": 0.9999758407421724,
                "macro avg": {
                    "precision": 0.9999835445120948,
                    "recall": 0.9999545784883721,
                    "f1-score": 0.9999690603332358,
                    "support": 41392.0
                },
                "weighted avg": {
                    "precision": 0.9999758415372771,
                    "recall": 0.9999758407421724,
                    "f1-score": 0.999975840392252,
                    "support": 41392.0
                }
            },
            {
                "0": {
                    "precision": 0.9999670890241895,
                    "recall": 1.0,
                    "f1-score": 0.9999835442413072,
                    "support": 30384.0
                },
                "1": {
                    "precision": 1.0,
                    "recall": 0.9999091569767442,
                    "f1-score": 0.9999545764251646,
                    "support": 11008.0
                },
                "accuracy": 0.9999758407421724,
                "macro avg": {
                    "precision": 0.9999835445120948,
                    "recall": 0.9999545784883721,
                    "f1-score": 0.9999690603332358,
                    "support": 41392.0
                },
                "weighted avg": {
                    "precision": 0.9999758415372771,
                    "recall": 0.9999758407421724,
                    "f1-score": 0.999975840392252,
                    "support": 41392.0
                }
            },
            {
                "0": {
                    "precision": 0.6238044633368757,
                    "recall": 0.6401308615049073,
                    "f1-score": 0.6318622174381054,
                    "support": 917.0
                },
                "1": {
                    "precision": 0.9891542973229791,
                    "recall": 0.9883770422027961,
                    "f1-score": 0.9887655170154924,
                    "support": 30543.0
                },
                "2": {
                    "precision": 0.9999077660948165,
                    "recall": 0.9999077660948165,
                    "f1-score": 0.9999077660948165,
                    "support": 10842.0
                },
                "accuracy": 0.9837832726585032,
                "macro avg": {
                    "precision": 0.8709555089182238,
                    "recall": 0.8761385566008398,
                    "f1-score": 0.873511833516138,
                    "support": 42302.0
                },
                "weighted avg": {
                    "precision": 0.9839905535439379,
                    "recall": 0.9837832726585032,
                    "f1-score": 0.9838845170345356,
                    "support": 42302.0
                }
            },
            {
                "0": {
                    "precision": 0.6238044633368757,
                    "recall": 0.6401308615049073,
                    "f1-score": 0.6318622174381054,
                    "support": 917.0
                },
                "1": {
                    "precision": 0.9891542973229791,
                    "recall": 0.9883770422027961,
                    "f1-score": 0.9887655170154924,