{
    "AdvancedTabularClassifier": {
        "filter_sizes": [
            12000,
            8000,
            6000,
            4500,
            3500,
            1500,
            1000,
            300
        ],
        "training_time_seconds": [
            57.65947222709656,
            54.56623077392578,
            66.70431971549988,
            55.71696949005127,
            49.17248511314392,
            49.010791301727295,
            45.70835518836975,
            54.214921951293945
        ],
        "num_classes": [
            2,
            3,
            4,
            4,
            4,
            4,
            4,
            4
        ],
        "test_f1_macro": [
            0.7181993702907079,
            0.5771260267283155,
            0.47328104785837816,
            0.46935150334054077,
            0.42975443844287053,
            0.45410130050368047,
            0.44941425463679185,
            0.45425570249037106
        ],
        "test_f1_micro": [
            0.7271665195493017,
            0.6480878862763328,
            0.5859297666745228,
            0.6180768324298845,
            0.5273391468300731,
            0.5737685599811454,
            0.5525335847277869,
            0.5785764789064342
        ],
        "test_f1_weighted": [
            0.7303939624421123,
            0.6598219856220682,
            0.612558480832604,
            0.6309700804458399,
            0.5705797187832765,
            0.6057220851099884,
            0.5952425573421466,
            0.6062570204345044
        ],
        "cv_class_weights": [
            0.23823589086532593,
            0.9784849882125854,
            0.8526409268379211,
            0.8526409268379211,
            0.8526409268379211,
            0.8526409268379211,
            0.8526409268379211,
            0.8526409268379211
        ],
        "imbalance_ratio": [
            1.6254845993268863,
            10.114982116836668,
            15.160732046946489,
            15.160732046946489,
            15.160732046946489,
            15.160732046946489,
            15.160732046946489,
            15.160732046946489
        ],
        "total_training_samples": [
            123256,
            130785,
            135776,
            135776,
            135776,
            135776,
            135776,
            135776
        ],
        "entropy": [
            0.6644942900012158,
            0.8465637482123152,
            0.9745313681488466,
            0.9745313681488466,
            0.9745313681488466,
            0.9745313681488466,
            0.9745313681488466,
            0.9745313681488466
        ],
        "test_precision_macro": [
            0.7161349164107709,
            0.5550330193095354,
            0.4627800092779998,
            0.4514981485207648,
            0.4323092416067642,
            0.45321473071030227,
            0.4610631495047453,
            0.4395531021565321
        ],
        "test_recall_macro": [
            0.7266555565962867,
            0.663022196921273,
            0.5369492619048589,
            0.5179808419792536,
            0.5217042394554943,
            0.5263781097539008,
            0.5286817221368821,
            0.5344268095826901
        ],
        "classification_reports": [
            {
                "0": {
                    "precision": 0.6195193434935522,
                    "recall": 0.7245492561870158,
                    "f1-score": 0.667930609536449,
                    "support": 14587.0
                },
                "1": {
                    "precision": 0.8127504893279895,
                    "recall": 0.7287618570055576,
                    "f1-score": 0.7684681310449668,
                    "support": 23931.0
                },
                "accuracy": 0.7271665195493017,
                "macro avg": {
                    "precision": 0.7161349164107709,
                    "recall": 0.7266555565962867,
                    "f1-score": 0.7181993702907079,
                    "support": 38518.0
                },
                "weighted avg": {
                    "precision": 0.739572683515462,
                    "recall": 0.7271665195493017,
                    "f1-score": 0.7303939624421123,
                    "support": 38518.0
                }
            },
            {
                "0": {
                    "precision": 0.5652606163897174,
                    "recall": 0.5425299890948746,
                    "f1-score": 0.5536620991862001,
                    "support": 14672.0
                },
                "1": {
                    "precision": 0.30281813408016806,
                    "recall": 0.742808072133963,
                    "f1-score": 0.430241233523999,
                    "support": 2329.0
                },
                "2": {
                    "precision": 0.7970203074587208,
                    "recall": 0.7037285295349811,
                    "f1-score": 0.7474747474747475,
                    "support": 23870.0
                },
                "accuracy": 0.6480878862763328,
                "macro avg": {
                    "precision": 0.5550330193095354,
                    "recall": 0.663022196921273,
                    "f1-score": 0.5771260267283155,
                    "support": 40871.0
                },
                "weighted avg": {
                    "precision": 0.6856607848347803,
                    "recall": 0.6480878862763328,
                    "f1-score": 0.6598219856220682,
                    "support": 40871.0
                }
            },
            {
                "0": {
                    "precision": 0.5206237723945003,
                    "recall": 0.5999314128943759,
                    "f1-score": 0.5574710812274943,
                    "support": 14580.0
                },
                "1": {
                    "precision": 0.11117948717948718,
                    "recall": 0.3582286847323199,
                    "f1-score": 0.1696931747025673,
                    "support": 1513.0
                },
                "2": {
                    "precision": 0.3997080291970803,
                    "recall": 0.5991247264770241,
                    "f1-score": 0.47950963222416815,
                    "support": 2285.0
                },
                "3": {
                    "precision": 0.8196087483409313,
                    "recall": 0.590512223515716,
                    "f1-score": 0.6864503032792828,
                    "support": 24052.0
                },
                "accuracy": 0.5859297666745228,
                "macro avg": {
                    "precision": 0.4627800092779998,
                    "recall": 0.5369492619048589,
                    "f1-score": 0.47328104785837816,
                    "support": 42430.0
                },
                "weighted avg": {
                    "precision": 0.6689953247095402,
                    "recall": 0.5859297666745228,
                    "f1-score": 0.612558480832604,
                    "support": 42430.0
                }
            },
            {
                "0": {
                    "precision": 0.5638424348101767,
                    "recall": 0.4879286694101509,
                    "f1-score": 0.5231459352134427,
                    "support": 14580.0
                },
                "1": {
                    "precision": 0.11579892280071813,
                    "recall": 0.255783212161269,
                    "f1-score": 0.15942327497425335,
                    "support": 1513.0
                },
                "2": {
                    "precision": 0.3596786732314071,
                    "recall": 0.6074398249452954,
                    "f1-score": 0.4518229166666667,
                    "support": 2285.0
                },
                "3": {
                    "precision": 0.7666725632407572,
                    "recall": 0.7207716614002994,
                    "f1-score": 0.7430138865078004,