{
    "TabNet": {
        "filter_sizes": [
            12000,
            8000,
            6000,
            4500,
            3500,
            1500,
            1000,
            300
        ],
        "training_time_seconds": [
            738.554345369339,
            734.071653842926,
            798.5053799152374,
            961.8913171291351,
            969.7231514453888,
            987.5513882637024,
            893.3469097614288,
            757.8780419826508
        ],
        "num_classes": [
            2,
            2,
            2,
            3,
            3,
            3,
            3,
            4
        ],
        "test_f1_macro": [
            1.0,
            1.0,
            1.0,
            0.8699111295187274,
            0.8699111295187274,
            0.8699111295187274,
            0.8699111295187274,
            0.7345787590357019
        ],
        "test_f1_micro": [
            1.0,
            1.0,
            1.0,
            0.9826485745354829,
            0.9826485745354829,
            0.9826485745354829,
            0.9826485745354829,
            0.9768795663445675
        ],
        "test_f1_weighted": [
            1.0,
            1.0,
            1.0,
            0.9832066623436949,
            0.9832066623436949,
            0.9832066623436949,
            0.9832066623436949,
            0.9782655562377391
        ],
        "cv_class_weights": [
            0.4674679511377535,
            0.4674679511377535,
            0.4674679511377535,
            0.8669670577449843,
            0.8669670577449843,
            0.8669670577449843,
            0.8669670577449843,
            1.1500824855751932
        ],
        "total_training_samples": [
            132454,
            132454,
            132454,
            135364,
            135364,
            135364,
            135364,
            135776
        ],
        "imbalance_ratio": [
            2.7556425087898377,
            2.7556425087898377,
            2.7556425087898377,
            33.26557152635181,
            33.26557152635181,
            33.26557152635181,
            33.26557152635181,
            237.19024390243902
        ],
        "entropy": [
            0.8360554397158242,
            0.8360554397158242,
            0.8360554397158242,
            0.6107378405458541,
            0.6107378405458541,
            0.6107378405458541,
            0.6107378405458541,
            0.49708373072547246
        ],
        "test_precision_macro": [
            1.0,
            1.0,
            1.0,
            0.8575760258518494,
            0.8575760258518494,
            0.8575760258518494,
            0.8575760258518494,
            0.707042933815691
        ],
        "test_recall_macro": [
            1.0,
            1.0,
            1.0,
            0.8841319967264615,
            0.8841319967264615,
            0.8841319967264615,
            0.8841319967264615,
            0.7801113459210206
        ],
        "classification_reports": [
            {
                "0": {
                    "precision": 1.0,
                    "recall": 1.0,
                    "f1-score": 1.0,
                    "support": 30533.0
                },
                "1": {
                    "precision": 1.0,
                    "recall": 1.0,
                    "f1-score": 1.0,
                    "support": 10859.0
                },
                "accuracy": 1.0,
                "macro avg": {
                    "precision": 1.0,
                    "recall": 1.0,
                    "f1-score": 1.0,
                    "support": 41392.0
                },
                "weighted avg": {
                    "precision": 1.0,
                    "recall": 1.0,
                    "f1-score": 1.0,
                    "support": 41392.0
                }
            },
            {
                "0": {
                    "precision": 1.0,
                    "recall": 1.0,
                    "f1-score": 1.0,
                    "support": 30533.0
                },
                "1": {
                    "precision": 1.0,
                    "recall": 1.0,
                    "f1-score": 1.0,
                    "support": 10859.0
                },
                "accuracy": 1.0,
                "macro avg": {
                    "precision": 1.0,
                    "recall": 1.0,
                    "f1-score": 1.0,
                    "support": 41392.0
                },
                "weighted avg": {
                    "precision": 1.0,
                    "recall": 1.0,
                    "f1-score": 1.0,
                    "support": 41392.0
                }
            },
            {
                "0": {
                    "precision": 1.0,
                    "recall": 1.0,
                    "f1-score": 1.0,
                    "support": 30533.0
                },
                "1": {
                    "precision": 1.0,
                    "recall": 1.0,
                    "f1-score": 1.0,
                    "support": 10859.0
                },
                "accuracy": 1.0,
                "macro avg": {
                    "precision": 1.0,
                    "recall": 1.0,
                    "f1-score": 1.0,
                    "support": 41392.0
                },
                "weighted avg": {
                    "precision": 1.0,
                    "recall": 1.0,
                    "f1-score": 1.0,
                    "support": 41392.0
                }
            },
            {
                "0": {
                    "precision": 0.5830078125,
                    "recall": 0.6670391061452514,
                    "f1-score": 0.6221990620114644,
                    "support": 895.0
                },
                "1": {
                    "precision": 0.9899957218547405,
                    "recall": 0.9859076459214106,
                    "f1-score": 0.9879474548440066,
                    "support": 30513.0
                },
                "2": {
                    "precision": 0.9997245432008081,
                    "recall": 0.9994492381127226,
                    "f1-score": 0.9995868717007115,
                    "support": 10894.0
                },
                "accuracy": 0.9826485745354829,
                "macro avg": {
                    "precision": 0.8575760258518494,
                    "recall": 0.8841319967264615,
                    "f1-score": 0.8699111295187274,
                    "support": 42302.0
                },
                "weighted avg": {
                    "precision": 0.9838903746104393,
                    "recall": 0.9826485745354829,
                    "f1-score": 0.9832066623436949,
                    "support": 42302.0
                }
            },
            {
                "0": {
                    "precision": 0.5830078125,
                    "recall": 0.6670391061452514,
                    "f1-score": 0.6221990620114644,
                    "support": 895.0
                },
                "1": {
                    "precision": 0.9899957218547405,
                    "recall": 0.9859076459214106,
                    "f1-score": 0.9879474548440066,
                    "support": 30513.0
                },
                "2": {
                    "precision": 0.9997245432008081,
                    "recall": 0.9994492381127226,
                    "f1-score": 0.9995868717007115,
                    "support": 10894.0
                },
                "accuracy": 0.9826485745354829,
                "macro avg": {
                    "precision": 0.8575760258518494,
                    "recall": 0.8841319967264615,
                    "f1-score": 0.8699111295187274,
                    "support": 42302.0
                },
                "weighted avg": {
                    "precision": 0.9838903746104393,
                    "recall": 0.9826485745354829,