{
    "TabNet": {
        "filter_sizes": [
            12000,
            8000,
            6000,
            4500,
            3500,
            1500,
            1000,
            300
        ],
        "training_time_seconds": [
            2370.225200653076,
            1921.6367030143738,
            1570.2489428520203,
            1620.5224566459656,
            1531.8033351898193,
            1502.9819300174713,
            1485.7192854881287,
            1484.0038611888885
        ],
        "num_classes": [
            2,
            3,
            4,
            4,
            4,
            4,
            4,
            4
        ],
        "test_f1_macro": [
            0.704641138663221,
            0.6427617044146551,
            0.46940140165858646,
            0.46940140165858646,
            0.46940140165858646,
            0.46940140165858646,
            0.46940140165858646,
            0.46940140165858646
        ],
        "test_f1_micro": [
            0.7396022638766291,
            0.7115314036847643,
            0.6754419043129861,
            0.6754419043129861,
            0.6754419043129861,
            0.6754419043129861,
            0.6754419043129861,
            0.6754419043129861
        ],
        "test_f1_weighted": [
            0.7289598567599004,
            0.7012028679490712,
            0.6509788760318999,
            0.6509788760318999,
            0.6509788760318999,
            0.6509788760318999,
            0.6509788760318999,
            0.6509788760318999
        ],
        "cv_class_weights": [
            0.23904718634386968,
            0.6471474488662129,
            0.8719895522931513,
            0.8719895522931513,
            0.8719895522931513,
            0.8719895522931513,
            0.8719895522931513,
            0.8719895522931513
        ],
        "total_training_samples": [
            123256,
            130785,
            135776,
            135776,
            135776,
            135776,
            135776,
            135776
        ],
        "imbalance_ratio": [
            1.6282838621630842,
            10.135145888594165,
            15.329518072289156,
            15.329518072289156,
            15.329518072289156,
            15.329518072289156,
            15.329518072289156,
            15.329518072289156
        ],
        "entropy": [
            0.6642968690879474,
            0.8462100782824566,
            0.9722755876548224,
            0.9722755876548224,
            0.9722755876548224,
            0.9722755876548224,
            0.9722755876548224,
            0.9722755876548224
        ],
        "test_precision_macro": [
            0.7327855684690798,
            0.6890789858204233,
            0.5318256468282879,
            0.5318256468282879,
            0.5318256468282879,
            0.5318256468282879,
            0.5318256468282879,
            0.5318256468282879
        ],
        "test_recall_macro": [
            0.6971962460197754,
            0.6161281315221124,
            0.4558808812094393,
            0.4558808812094393,
            0.4558808812094393,
            0.4558808812094393,
            0.4558808812094393,
            0.4558808812094393
        ],
        "classification_reports": [
            {
                "0": {
                    "precision": 0.7175960813865863,
                    "recall": 0.52,
                    "f1-score": 0.603023826486187,
                    "support": 14650.0
                },
                "1": {
                    "precision": 0.7479750555515734,
                    "recall": 0.8743924920395508,
                    "f1-score": 0.8062584508402549,
                    "support": 23868.0
                },
                "accuracy": 0.7396022638766291,
                "macro avg": {
                    "precision": 0.7327855684690798,
                    "recall": 0.6971962460197754,
                    "f1-score": 0.704641138663221,
                    "support": 38518.0
                },
                "weighted avg": {
                    "precision": 0.7364206661357922,
                    "recall": 0.7396022638766291,
                    "f1-score": 0.7289598567599004,
                    "support": 38518.0
                }
            },
            {
                "0": {
                    "precision": 0.645575032064985,
                    "recall": 0.5123159394720771,
                    "f1-score": 0.5712772397094431,
                    "support": 14737.0
                },
                "1": {
                    "precision": 0.6802431610942249,
                    "recall": 0.4782051282051282,
                    "f1-score": 0.5616060225846926,
                    "support": 2340.0
                },
                "2": {
                    "precision": 0.7414187643020596,
                    "recall": 0.8578633268891317,
                    "f1-score": 0.7954018509498295,
                    "support": 23794.0
                },
                "accuracy": 0.7115314036847643,
                "macro avg": {
                    "precision": 0.6890789858204233,
                    "recall": 0.6161281315221124,
                    "f1-score": 0.6427617044146551,
                    "support": 40871.0
                },
                "weighted avg": {
                    "precision": 0.7033575474616568,
                    "recall": 0.7115314036847643,
                    "f1-score": 0.7012028679490712,
                    "support": 40871.0
                }
            },
            {
                "0": {
                    "precision": 0.6001277255724843,
                    "recall": 0.45098039215686275,
                    "f1-score": 0.5149724038047521,
                    "support": 14586.0
                },
                "1": {
                    "precision": 0.23481781376518218,
                    "recall": 0.03689567430025445,
                    "f1-score": 0.06377130291368883,
                    "support": 1572.0
                },
                "2": {
                    "precision": 0.5788359788359788,
                    "recall": 0.45966386554621846,
                    "f1-score": 0.5124121779859485,
                    "support": 2380.0
                },
                "3": {
                    "precision": 0.7135210691395063,
                    "recall": 0.8759835928344215,
                    "f1-score": 0.7864497219299564,
                    "support": 23892.0
                },
                "accuracy": 0.6754419043129861,
                "macro avg": {
                    "precision": 0.5318256468282879,
                    "recall": 0.4558808812094393,
                    "f1-score": 0.46940140165858646,
                    "support": 42430.0
                },
                "weighted avg": {
                    "precision": 0.6492498614647616,
                    "recall": 0.6754419043129861,
                    "f1-score": 0.6509788760318999,
                    "support": 42430.0
                }
            },
            {
                "0": {
                    "precision": 0.6001277255724843,
                    "recall": 0.45098039215686275,
                    "f1-score": 0.5149724038047521,
                    "support": 14586.0
                },
                "1": {
                    "precision": 0.23481781376518218,
                    "recall": 0.03689567430025445,
                    "f1-score": 0.06377130291368883,
                    "support": 1572.0
                },
                "2": {
                    "precision": 0.5788359788359788,
                    "recall": 0.45966386554621846,
                    "f1-score": 0.5124121779859485,
                    "support": 2380.0
                },
                "3": {
                    "precision": 0.7135210691395063,
                    "recall": 0.8759835928344215,
                    "f1-score": 0.7864497219299564,