{
    "TabNet": {
        "filter_sizes": [
            12000,
            8000,
            6000,
            4500,
            3500,
            1500,
            1000,
            300
        ],
        "training_time_seconds": [
            465.4886517524719,
            432.5130100250244,
            420.3382682800293,
            429.85070991516113,
            1204.064145565033,
            1234.5718755722046,
            1340.899394273758,
            1329.861125946045
        ],
        "num_classes": [
            2,
            2,
            2,
            2,
            4,
            5,
            5,
            5
        ],
        "test_f1_macro": [
            0.8580013661480963,
            0.8580013661480963,
            0.8580013661480963,
            0.8580013661480963,
            0.5857434631427878,
            0.4809652651978418,
            0.4809652651978418,
            0.4809652651978418
        ],
        "test_f1_micro": [
            0.9564831261101243,
            0.9564831261101243,
            0.9564831261101243,
            0.9564831261101243,
            0.9338479809976247,
            0.9292246052321471,
            0.9292246052321471,
            0.9292246052321471
        ],
        "test_f1_weighted": [
            0.9537875533213063,
            0.9537875533213063,
            0.9537875533213063,
            0.9537875533213063,
            0.9258124717201198,
            0.9237177584384534,
            0.9237177584384534,
            0.9237177584384534
        ],
        "cv_class_weights": [
            0.8074841574540913,
            0.8074841574540913,
            0.8074841574540913,
            0.8074841574540913,
            1.4380572822310065,
            1.667052044340106,
            1.667052044340106,
            1.667052044340106
        ],
        "total_training_samples": [
            129714,
            129714,
            129714,
            129714,
            134718,
            135776,
            135776,
            135776
        ],
        "imbalance_ratio": [
            9.38875540605478,
            9.38875540605478,
            9.38875540605478,
            9.38875540605478,
            47.3830303030303,
            109.24674115456239,
            109.24674115456239,
            109.24674115456239
        ],
        "entropy": [
            0.3167821114408765,
            0.3167821114408765,
            0.3167821114408765,
            0.3167821114408765,
            0.48875892978599284,
            0.5296953370589613,
            0.5296953370589613,
            0.5296953370589613
        ],
        "test_precision_macro": [
            0.9103861216770917,
            0.9103861216770917,
            0.9103861216770917,
            0.9103861216770917,
            0.6727675733461904,
            0.48053144235041867,
            0.48053144235041867,
            0.48053144235041867
        ],
        "test_recall_macro": [
            0.8197754596415822,
            0.8197754596415822,
            0.8197754596415822,
            0.8197754596415822,
            0.5892477154285568,
            0.5053464967971285,
            0.5053464967971285,
            0.5053464967971285
        ],
        "classification_reports": [
            {
                "0": {
                    "precision": 0.8565083703450632,
                    "recall": 0.6509997403271878,
                    "f1-score": 0.7397462378282679,
                    "support": 3851.0
                },
                "1": {
                    "precision": 0.9642638730091202,
                    "recall": 0.9885511789559766,
                    "f1-score": 0.9762564944679247,
                    "support": 36685.0
                },
                "accuracy": 0.9564831261101243,
                "macro avg": {
                    "precision": 0.9103861216770917,
                    "recall": 0.8197754596415822,
                    "f1-score": 0.8580013661480963,
                    "support": 40536.0
                },
                "weighted avg": {
                    "precision": 0.9540268875946916,
                    "recall": 0.9564831261101243,
                    "f1-score": 0.9537875533213063,
                    "support": 40536.0
                }
            },
            {
                "0": {
                    "precision": 0.8565083703450632,
                    "recall": 0.6509997403271878,
                    "f1-score": 0.7397462378282679,
                    "support": 3851.0
                },
                "1": {
                    "precision": 0.9642638730091202,
                    "recall": 0.9885511789559766,
                    "f1-score": 0.9762564944679247,
                    "support": 36685.0
                },
                "accuracy": 0.9564831261101243,
                "macro avg": {
                    "precision": 0.9103861216770917,
                    "recall": 0.8197754596415822,
                    "f1-score": 0.8580013661480963,
                    "support": 40536.0
                },
                "weighted avg": {
                    "precision": 0.9540268875946916,
                    "recall": 0.9564831261101243,
                    "f1-score": 0.9537875533213063,
                    "support": 40536.0
                }
            },
            {
                "0": {
                    "precision": 0.8565083703450632,
                    "recall": 0.6509997403271878,
                    "f1-score": 0.7397462378282679,
                    "support": 3851.0
                },
                "1": {
                    "precision": 0.9642638730091202,
                    "recall": 0.9885511789559766,
                    "f1-score": 0.9762564944679247,
                    "support": 36685.0
                },
                "accuracy": 0.9564831261101243,
                "macro avg": {
                    "precision": 0.9103861216770917,
                    "recall": 0.8197754596415822,
                    "f1-score": 0.8580013661480963,
                    "support": 40536.0
                },
                "weighted avg": {
                    "precision": 0.9540268875946916,
                    "recall": 0.9564831261101243,
                    "f1-score": 0.9537875533213063,
                    "support": 40536.0
                }
            },
            {
                "0": {
                    "precision": 0.8565083703450632,
                    "recall": 0.6509997403271878,
                    "f1-score": 0.7397462378282679,
                    "support": 3851.0
                },
                "1": {
                    "precision": 0.9642638730091202,
                    "recall": 0.9885511789559766,
                    "f1-score": 0.9762564944679247,
                    "support": 36685.0
                },
                "accuracy": 0.9564831261101243,
                "macro avg": {
                    "precision": 0.9103861216770917,
                    "recall": 0.8197754596415822,
                    "f1-score": 0.8580013661480963,
                    "support": 40536.0
                },
                "weighted avg": {
                    "precision": 0.9540268875946916,
                    "recall": 0.9564831261101243,
                    "f1-score": 0.9537875533213063,
                    "support": 40536.0
                }
            },
            {
                "0": {
                    "precision": 0.7034114052953157,
                    "recall": 0.7073732718894009,
                    "f1-score": 0.7053867755935666,
                    "support": 3906.0
                },
                "1": {
                    "precision": 0.9658463353171411,
                    "recall": 0.9835922356602692,
                    "f1-score": 0.9746385142903519,
                    "support": 36629.0
                },
                "2": {
                    "precision": 0.4117647058823529,