{
    "AdvancedTabularClassifier": {
        "filter_sizes": [
            12000,
            8000,
            6000,
            4500,
            3500,
            1500,
            1000,
            300
        ],
        "training_time_seconds": [
            43.79566550254822,
            48.47546648979187,
            41.55104351043701,
            44.49668025970459,
            49.50937342643738,
            53.5189893245697,
            48.07129096984863,
            48.26446795463562
        ],
        "num_classes": [
            2,
            2,
            2,
            2,
            4,
            5,
            5,
            5
        ],
        "test_f1_macro": [
            0.8706518111893714,
            0.8542019888192008,
            0.8484814545345412,
            0.846351044220548,
            0.5876973645263043,
            0.4950873677793427,
            0.5090820549492159,
            0.46267713980312947
        ],
        "test_f1_micro": [
            0.9456285770672982,
            0.9357608052101836,
            0.9321590684823367,
            0.9307775804223406,
            0.8669358669833729,
            0.8535705868489276,
            0.8637520622201272,
            0.8320292246052321
        ],
        "test_f1_weighted": [
            0.9497974621119007,
            0.9418404583879532,
            0.9389757218028748,
            0.9378861778860831,
            0.887579178062065,
            0.8756382003304618,
            0.8855472940249058,
            0.8651886370032599
        ],
        "cv_class_weights": [
            0.8090568780899048,
            0.8090568780899048,
            0.8090568780899048,
            0.8090568780899048,
            0.8076450824737549,
            0.9004793167114258,
            0.9004793167114258,
            0.9004793167114258
        ],
        "imbalance_ratio": [
            9.474321705426357,
            9.474321705426357,
            9.474321705426357,
            9.474321705426357,
            47.042502004811546,
            110.57964184731385,
            110.57964184731385,
            110.57964184731385
        ],
        "total_training_samples": [
            129714,
            129714,
            129714,
            129714,
            134718,
            135776,
            135776,
            135776
        ],
        "entropy": [
            0.3150175183558238,
            0.3150175183558238,
            0.3150175183558238,
            0.3150175183558238,
            0.4878513770286893,
            0.5297442692876037,
            0.5297442692876037,
            0.5297442692876037
        ],
        "test_precision_macro": [
            0.8244176057397989,
            0.802589462723075,
            0.7955916449723073,
            0.7930252020817806,
            0.521218466485101,
            0.43738249988959615,
            0.45484761824361586,
            0.4180354295773962
        ],
        "test_recall_macro": [
            0.9425315785297106,
            0.9451234059370823,
            0.9458141029721353,
            0.9461680002137766,
            0.7664182193927398,
            0.6187716410504425,
            0.6370535267930588,
            0.6161443020104576
        ],
        "classification_reports": [
            {
                "0": {
                    "precision": 0.655838454784899,
                    "recall": 0.9386780598140236,
                    "f1-score": 0.7721728344014885,
                    "support": 3979.0
                },
                "1": {
                    "precision": 0.9929967566946988,
                    "recall": 0.9463850972453975,
                    "f1-score": 0.9691307879772543,
                    "support": 36557.0
                },
                "accuracy": 0.9456285770672982,
                "macro avg": {
                    "precision": 0.8244176057397989,
                    "recall": 0.9425315785297106,
                    "f1-score": 0.8706518111893714,
                    "support": 40536.0
                },
                "weighted avg": {
                    "precision": 0.9599014122280743,
                    "recall": 0.9456285770672982,
                    "f1-score": 0.9497974621119007,
                    "support": 40536.0
                }
            },
            {
                "0": {
                    "precision": 0.6101939413367526,
                    "recall": 0.9567730585574264,
                    "f1-score": 0.7451556077510276,
                    "support": 3979.0
                },
                "1": {
                    "precision": 0.9949849841093973,
                    "recall": 0.9334737533167382,
                    "f1-score": 0.9632483698873741,
                    "support": 36557.0
                },
                "accuracy": 0.9357608052101836,
                "macro avg": {
                    "precision": 0.802589462723075,
                    "recall": 0.9451234059370823,
                    "f1-score": 0.8542019888192008,
                    "support": 40536.0
                },
                "weighted avg": {
                    "precision": 0.9572140259686741,
                    "recall": 0.9357608052101836,
                    "f1-score": 0.9418404583879532,
                    "support": 40536.0
                }
            },
            {
                "0": {
                    "precision": 0.5955230840976217,
                    "recall": 0.9628047248052275,
                    "f1-score": 0.7358816749903957,
                    "support": 3979.0
                },
                "1": {
                    "precision": 0.9956602058469929,
                    "recall": 0.9288234811390431,
                    "f1-score": 0.9610812340786866,
                    "support": 36557.0
                },
                "accuracy": 0.9321590684823367,
                "macro avg": {
                    "precision": 0.7955916449723073,
                    "recall": 0.9458141029721353,
                    "f1-score": 0.8484814545345412,
                    "support": 40536.0
                },
                "weighted avg": {
                    "precision": 0.9563828818031616,
                    "recall": 0.9321590684823367,
                    "f1-score": 0.9389757218028748,
                    "support": 40536.0
                }
            },
            {
                "0": {
                    "precision": 0.5901060070671378,
                    "recall": 0.9653179190751445,
                    "f1-score": 0.7324561403508771,
                    "support": 3979.0
                },
                "1": {
                    "precision": 0.9959443970964235,
                    "recall": 0.9270180813524086,
                    "f1-score": 0.9602459480902188,
                    "support": 36557.0
                },
                "accuracy": 0.9307775804223406,
                "macro avg": {
                    "precision": 0.7930252020817806,
                    "recall": 0.9461680002137766,
                    "f1-score": 0.846351044220548,
                    "support": 40536.0
                },
                "weighted avg": {
                    "precision": 0.9561074384935389,
                    "recall": 0.9307775804223406,
                    "f1-score": 0.9378861778860831,
                    "support": 40536.0
                }
            },
            {
                "0": {
                    "precision": 0.5166498486377397,
                    "recall": 0.6458123107971746,
                    "f1-score": 0.5740553873752663,
                    "support": 3964.0
                },
                "1": {
                    "precision": 0.9932352495070529,
                    "recall": 0.895470955037742,
                    "f1-score": 0.9418228365142602,
                    "support": 36564.0
                },
                "2": {
                    "precision": 0.2616992276238074,