{
    "TabICLClassifier": {
        "filter_sizes": [
            12000,
            8000,
            6000,
            4500,
            3500,
            1500,
            1000,
            300
        ],
        "training_time_seconds": [
            50.592135190963745,
            49.56368803977966,
            51.84538292884827,
            53.14362382888794,
            50.335766553878784,
            52.37944459915161,
            52.960111141204834,
            53.598753452301025
        ],
        "num_classes": [
            2,
            2,
            2,
            2,
            4,
            5,
            5,
            5
        ],
        "test_f1_macro": [
            0.9293035238301961,
            0.9293035238301961,
            0.9293035238301961,
            0.9293035238301961,
            0.7502358699099039,
            0.6730912969328884,
            0.6730912969328884,
            0.6730912969328884
        ],
        "test_f1_micro": [
            0.9748125123347148,
            0.9748125123347148,
            0.9748125123347148,
            0.9748125123347148,
            0.9530403800475059,
            0.9473250058920575,
            0.9473250058920575,
            0.9473250058920575
        ],
        "test_f1_weighted": [
            0.9752560860934681,
            0.9752560860934681,
            0.9752560860934681,
            0.9752560860934681,
            0.9531290120384582,
            0.9466290061177318,
            0.9466290061177318,
            0.9466290061177318
        ],
        "cv_class_weights": [
            0.8074379018455988,
            0.8074379018455988,
            0.8074379018455988,
            0.8074379018455988,
            1.4379981650608282,
            1.6659268061773693,
            1.6659268061773693,
            1.6659268061773693
        ],
        "imbalance_ratio": [
            9.386259908719673,
            9.386259908719673,
            9.386259908719673,
            9.386259908719673,
            47.24939564867043,
            111.25521821631878,
            111.25521821631878,
            111.25521821631878
        ],
        "total_training_samples": [
            129714,
            129714,
            129714,
            129714,
            134718,
            135776,
            135776,
            135776
        ],
        "entropy": [
            0.4570947011903302,
            0.4570947011903302,
            0.4570947011903302,
            0.4570947011903302,
            0.3528971703870615,
            0.3295992223609546,
            0.3295992223609546,
            0.3295992223609546
        ],
        "test_precision_macro": [
            0.9148488550516299,
            0.9148488550516299,
            0.9148488550516299,
            0.9148488550516299,
            0.7511471975050903,
            0.7058659834006141,
            0.7058659834006141,
            0.7058659834006141
        ],
        "test_recall_macro": [
            0.9451445316714615,
            0.9451445316714615,
            0.9451445316714615,
            0.9451445316714615,
            0.753521553271964,
            0.6646497281967003,
            0.6646497281967003,
            0.6646497281967003
        ],
        "classification_reports": [
            {
                "0": {
                    "precision": 0.83937575030012,
                    "recall": 0.9085239085239085,
                    "f1-score": 0.8725820541619868,
                    "support": 3848.0
                },
                "1": {
                    "precision": 0.9903219598031399,
                    "recall": 0.9817651548190144,
                    "f1-score": 0.9860249934984054,
                    "support": 36688.0
                },
                "accuracy": 0.9748125123347148,
                "macro avg": {
                    "precision": 0.9148488550516299,
                    "recall": 0.9451445316714615,
                    "f1-score": 0.9293035238301961,
                    "support": 40536.0
                },
                "weighted avg": {
                    "precision": 0.975992943270487,
                    "recall": 0.9748125123347148,
                    "f1-score": 0.9752560860934681,
                    "support": 40536.0
                }
            },
            {
                "0": {
                    "precision": 0.83937575030012,
                    "recall": 0.9085239085239085,
                    "f1-score": 0.8725820541619868,
                    "support": 3848.0
                },
                "1": {
                    "precision": 0.9903219598031399,
                    "recall": 0.9817651548190144,
                    "f1-score": 0.9860249934984054,
                    "support": 36688.0
                },
                "accuracy": 0.9748125123347148,
                "macro avg": {
                    "precision": 0.9148488550516299,
                    "recall": 0.9451445316714615,
                    "f1-score": 0.9293035238301961,
                    "support": 40536.0
                },
                "weighted avg": {
                    "precision": 0.975992943270487,
                    "recall": 0.9748125123347148,
                    "f1-score": 0.9752560860934681,
                    "support": 40536.0
                }
            },
            {
                "0": {
                    "precision": 0.83937575030012,
                    "recall": 0.9085239085239085,
                    "f1-score": 0.8725820541619868,
                    "support": 3848.0
                },
                "1": {
                    "precision": 0.9903219598031399,
                    "recall": 0.9817651548190144,
                    "f1-score": 0.9860249934984054,
                    "support": 36688.0
                },
                "accuracy": 0.9748125123347148,
                "macro avg": {
                    "precision": 0.9148488550516299,
                    "recall": 0.9451445316714615,
                    "f1-score": 0.9293035238301961,
                    "support": 40536.0
                },
                "weighted avg": {
                    "precision": 0.975992943270487,
                    "recall": 0.9748125123347148,
                    "f1-score": 0.9752560860934681,
                    "support": 40536.0
                }
            },
            {
                "0": {
                    "precision": 0.83937575030012,
                    "recall": 0.9085239085239085,
                    "f1-score": 0.8725820541619868,
                    "support": 3848.0
                },
                "1": {
                    "precision": 0.9903219598031399,
                    "recall": 0.9817651548190144,
                    "f1-score": 0.9860249934984054,
                    "support": 36688.0
                },
                "accuracy": 0.9748125123347148,
                "macro avg": {
                    "precision": 0.9148488550516299,
                    "recall": 0.9451445316714615,
                    "f1-score": 0.9293035238301961,
                    "support": 40536.0
                },
                "weighted avg": {
                    "precision": 0.975992943270487,
                    "recall": 0.9748125123347148,
                    "f1-score": 0.9752560860934681,
                    "support": 40536.0
                }
            },
            {
                "0": {
                    "precision": 0.7669138090824837,
                    "recall": 0.8369152970922883,
                    "f1-score": 0.8003868939668722,
                    "support": 3955.0
                },
                "1": {
                    "precision": 0.9874570210424976,
                    "recall": 0.9800704359933387,
                    "f1-score": 0.9837498629836676,
                    "support": 36629.0
                },
                "2": {
                    "precision": 0.5405405405405406,