{
    "TabNet": {
        "filter_sizes": [
            12000,
            8000,
            6000,
            4500,
            3500,
            1500,
            1000,
            300
        ],
        "training_time_seconds": [
            853.2476150989532,
            773.4821996688843,
            746.8579063415527,
            2428.098169565201,
            2300.1101019382477,
            2379.591388940811,
            2375.1309089660645,
            1023.7790598869324
        ],
        "num_classes": [
            2,
            2,
            2,
            3,
            3,
            3,
            3,
            4
        ],
        "test_f1_macro": [
            0.9999691423747874,
            0.9999691423747874,
            0.9999691423747874,
            0.8205314039002863,
            0.8205314039002863,
            0.8205314039002863,
            0.8205314039002863,
            0.7022267081725145
        ],
        "test_f1_micro": [
            0.9999758407421724,
            0.9999758407421724,
            0.9999758407421724,
            0.9629568341922368,
            0.9629568341922368,
            0.9629568341922368,
            0.9629568341922368,
            0.9570822531227905
        ],
        "test_f1_weighted": [
            0.9999758403948368,
            0.9999758403948368,
            0.9999758403948368,
            0.9699853483702594,
            0.9699853483702594,
            0.9699853483702594,
            0.9699853483702594,
            0.9649188256008182
        ],
        "cv_class_weights": [
            0.46982348588944084,
            0.46982348588944084,
            0.46982348588944084,
            0.8676793902517999,
            0.8676793902517999,
            0.8676793902517999,
            0.8676793902517999,
            1.1499011785704858
        ],
        "total_training_samples": [
            132454,
            132454,
            132454,
            135364,
            135364,
            135364,
            135364,
            135776
        ],
        "imbalance_ratio": [
            2.7723285486443383,
            2.7723285486443383,
            2.7723285486443383,
            33.478141135972464,
            33.478141135972464,
            33.478141135972464,
            33.478141135972464,
            237.7041564792176
        ],
        "entropy": [
            0.8343279595031005,
            0.8343279595031005,
            0.8343279595031005,
            0.6100978874147467,
            0.6100978874147467,
            0.6100978874147467,
            0.6100978874147467,
            0.4969275062398327
        ],
        "test_precision_macro": [
            0.9999835195622796,
            0.9999835195622796,
            0.9999835195622796,
            0.780830776976232,
            0.780830776976232,
            0.780830776976232,
            0.780830776976232,
            0.6486901464752756
        ],
        "test_recall_macro": [
            0.9999547675049756,
            0.9999547675049756,
            0.9999547675049756,
            0.9225578984988596,
            0.9225578984988596,
            0.9225578984988596,
            0.9225578984988596,
            0.837343755696503
        ],
        "classification_reports": [
            {
                "0": {
                    "precision": 0.9999670391245592,
                    "recall": 1.0,
                    "f1-score": 0.9999835192906703,
                    "support": 30338.0
                },
                "1": {
                    "precision": 1.0,
                    "recall": 0.9999095350099512,
                    "f1-score": 0.9999547654589044,
                    "support": 11054.0
                },
                "accuracy": 0.9999758407421724,
                "macro avg": {
                    "precision": 0.9999835195622796,
                    "recall": 0.9999547675049756,
                    "f1-score": 0.9999691423747874,
                    "support": 41392.0
                },
                "weighted avg": {
                    "precision": 0.9999758415384826,
                    "recall": 0.9999758407421724,
                    "f1-score": 0.9999758403948368,
                    "support": 41392.0
                }
            },
            {
                "0": {
                    "precision": 0.9999670391245592,
                    "recall": 1.0,
                    "f1-score": 0.9999835192906703,
                    "support": 30338.0
                },
                "1": {
                    "precision": 1.0,
                    "recall": 0.9999095350099512,
                    "f1-score": 0.9999547654589044,
                    "support": 11054.0
                },
                "accuracy": 0.9999758407421724,
                "macro avg": {
                    "precision": 0.9999835195622796,
                    "recall": 0.9999547675049756,
                    "f1-score": 0.9999691423747874,
                    "support": 41392.0
                },
                "weighted avg": {
                    "precision": 0.9999758415384826,
                    "recall": 0.9999758407421724,
                    "f1-score": 0.9999758403948368,
                    "support": 41392.0
                }
            },
            {
                "0": {
                    "precision": 0.9999670391245592,
                    "recall": 1.0,
                    "f1-score": 0.9999835192906703,
                    "support": 30338.0
                },
                "1": {
                    "precision": 1.0,
                    "recall": 0.9999095350099512,
                    "f1-score": 0.9999547654589044,
                    "support": 11054.0
                },
                "accuracy": 0.9999758407421724,
                "macro avg": {
                    "precision": 0.9999835195622796,
                    "recall": 0.9999547675049756,
                    "f1-score": 0.9999691423747874,
                    "support": 41392.0
                },
                "weighted avg": {
                    "precision": 0.9999758415384826,
                    "recall": 0.9999758407421724,
                    "f1-score": 0.9999758403948368,
                    "support": 41392.0
                }
            },
            {
                "0": {
                    "precision": 0.3484353106025222,
                    "recall": 0.8135223555070883,
                    "f1-score": 0.48790058862001306,
                    "support": 917.0
                },
                "1": {
                    "precision": 0.9941484447182014,
                    "recall": 0.9541513399894903,
                    "f1-score": 0.9737393373665599,
                    "support": 30448.0
                },
                "2": {
                    "precision": 0.9999085756079722,
                    "recall": 1.0,
                    "f1-score": 0.9999542857142857,
                    "support": 10937.0
                },
                "accuracy": 0.9629568341922368,
                "macro avg": {
                    "precision": 0.780830776976232,
                    "recall": 0.9225578984988596,
                    "f1-score": 0.8205314039002863,
                    "support": 42302.0
                },
                "weighted avg": {
                    "precision": 0.9816402797982767,
                    "recall": 0.9629568341922368,
                    "f1-score": 0.9699853483702594,
                    "support": 42302.0
                }
            },
            {
                "0": {
                    "precision": 0.3484353106025222,
                    "recall": 0.8135223555070883,
                    "f1-score": 0.48790058862001306,
                    "support": 917.0
                },
                "1": {
                    "precision": 0.9941484447182014,
                    "recall": 0.9541513399894903,
                    "f1-score": 0.9737393373665599,