{
    "AdvancedTabularClassifier": {
        "filter_sizes": [
            12000,
            8000,
            6000,
            4500,
            3500,
            1500,
            1000,
            300
        ],
        "training_time_seconds": [
            46.113484382629395,
            49.73108148574829,
            57.334413051605225,
            44.535873889923096,
            56.95668315887451,
            47.29348015785217,
            56.36361765861511,
            43.651177406311035
        ],
        "num_classes": [
            2,
            2,
            2,
            2,
            4,
            5,
            5,
            5
        ],
        "test_f1_macro": [
            0.8326016226437045,
            0.8821252232297632,
            0.8579834100569845,
            0.8727297969365521,
            0.6029385656061825,
            0.510255275546718,
            0.48254365203280936,
            0.4668354784432478
        ],
        "test_f1_micro": [
            0.9228586935070061,
            0.9515985790408525,
            0.9381044010262483,
            0.9466646931122953,
            0.8787173396674585,
            0.8668159321234975,
            0.8399952863539948,
            0.8252415743577657
        ],
        "test_f1_weighted": [
            0.9313886159104487,
            0.9548534682687628,
            0.9437121072618546,
            0.9506897609323239,
            0.8958846640355724,
            0.8862225942083478,
            0.8681255808815448,
            0.8565087256848849
        ],
        "cv_class_weights": [
            0.8090568780899048,
            0.8090568780899048,
            0.8090568780899048,
            0.8090568780899048,
            0.8076450824737549,
            0.9004793167114258,
            0.9004793167114258,
            0.9004793167114258
        ],
        "imbalance_ratio": [
            9.474321705426357,
            9.474321705426357,
            9.474321705426357,
            9.474321705426357,
            47.042502004811546,
            110.57964184731385,
            110.57964184731385,
            110.57964184731385
        ],
        "total_training_samples": [
            129714,
            129714,
            129714,
            129714,
            134718,
            135776,
            135776,
            135776
        ],
        "entropy": [
            0.3150175183558238,
            0.3150175183558238,
            0.3150175183558238,
            0.3150175183558238,
            0.4878513770286893,
            0.5297442692876037,
            0.5297442692876037,
            0.5297442692876037
        ],
        "test_precision_macro": [
            0.7790340845308764,
            0.8391543145180094,
            0.8074022812088797,
            0.8268011464975412,
            0.5369551732531048,
            0.4547518101117931,
            0.4383412312249716,
            0.4131808354001613
        ],
        "test_recall_macro": [
            0.9396499297818732,
            0.9449456185994608,
            0.9445190451720701,
            0.943553953685907,
            0.7561981732716521,
            0.6253065367501863,
            0.6161172336952919,
            0.6075870674095928
        ],
        "classification_reports": [
            {
                "0": {
                    "precision": 0.5627208480565371,
                    "recall": 0.9605428499623021,
                    "f1-score": 0.7096834091542104,
                    "support": 3979.0
                },
                "1": {
                    "precision": 0.9953473210052157,
                    "recall": 0.9187570096014444,
                    "f1-score": 0.9555198361331987,
                    "support": 36557.0
                },
                "accuracy": 0.9228586935070061,
                "macro avg": {
                    "precision": 0.7790340845308764,
                    "recall": 0.9396499297818732,
                    "f1-score": 0.8326016226437045,
                    "support": 40536.0
                },
                "weighted avg": {
                    "precision": 0.9528808532762144,
                    "recall": 0.9228586935070061,
                    "f1-score": 0.9313886159104487,
                    "support": 40536.0
                }
            },
            {
                "0": {
                    "precision": 0.6854883207651278,
                    "recall": 0.93666750439809,
                    "f1-score": 0.7916312659303314,
                    "support": 3979.0
                },
                "1": {
                    "precision": 0.992820308270891,
                    "recall": 0.9532237328008316,
                    "f1-score": 0.972619180529195,
                    "support": 36557.0
                },
                "accuracy": 0.9515985790408525,
                "macro avg": {
                    "precision": 0.8391543145180094,
                    "recall": 0.9449456185994608,
                    "f1-score": 0.8821252232297632,
                    "support": 40536.0
                },
                "weighted avg": {
                    "precision": 0.9626527047015839,
                    "recall": 0.9515985790408525,
                    "f1-score": 0.9548534682687628,
                    "support": 40536.0
                }
            },
            {
                "0": {
                    "precision": 0.6202945990180033,
                    "recall": 0.9525006282985675,
                    "f1-score": 0.7513133115274061,
                    "support": 3979.0
                },
                "1": {
                    "precision": 0.994509963399756,
                    "recall": 0.9365374620455726,
                    "f1-score": 0.964653508586563,
                    "support": 36557.0
                },
                "accuracy": 0.9381044010262483,
                "macro avg": {
                    "precision": 0.8074022812088797,
                    "recall": 0.9445190451720701,
                    "f1-score": 0.8579834100569845,
                    "support": 40536.0
                },
                "weighted avg": {
                    "precision": 0.9577771102599544,
                    "recall": 0.9381044010262483,
                    "f1-score": 0.9437121072618546,
                    "support": 40536.0
                }
            },
            {
                "0": {
                    "precision": 0.6604840134251899,
                    "recall": 0.9396833375219904,
                    "f1-score": 0.7757261410788382,
                    "support": 3979.0
                },
                "1": {
                    "precision": 0.9931182795698925,
                    "recall": 0.9474245698498236,
                    "f1-score": 0.9697334527942659,
                    "support": 36557.0
                },
                "accuracy": 0.9466646931122953,
                "macro avg": {
                    "precision": 0.8268011464975412,
                    "recall": 0.943553953685907,
                    "f1-score": 0.8727297969365521,
                    "support": 40536.0
                },
                "weighted avg": {
                    "precision": 0.9604670129182798,
                    "recall": 0.9466646931122953,
                    "f1-score": 0.9506897609323239,
                    "support": 40536.0
                }
            },
            {
                "0": {
                    "precision": 0.5503768345894486,
                    "recall": 0.700050454086781,
                    "f1-score": 0.6162558294470353,
                    "support": 3964.0
                },
                "1": {
                    "precision": 0.9914650215620507,
                    "recall": 0.9054534514823324,
                    "f1-score": 0.9465092343758934,
                    "support": 36564.0
                },
                "2": {
                    "precision": 0.28159645232815966,