{
    "AdvancedTabularClassifier": {
        "filter_sizes": [
            12000,
            8000,
            6000,
            4500,
            3500,
            1500,
            1000,
            300
        ],
        "training_time_seconds": [
            45.7117977142334,
            39.93643045425415,
            42.817420959472656,
            40.238600969314575,
            50.70178961753845,
            45.3791937828064,
            43.74434041976929,
            45.6877281665802
        ],
        "num_classes": [
            2,
            2,
            2,
            2,
            4,
            5,
            5,
            5
        ],
        "test_f1_macro": [
            0.8604949962858919,
            0.8442020846242396,
            0.8629939472067847,
            0.8837818746370776,
            0.6062615704518824,
            0.48320855660791484,
            0.47527427702639413,
            0.48417110280794473
        ],
        "test_f1_micro": [
            0.9396339056641011,
            0.9300374975330571,
            0.9414347740280244,
            0.9528567199526347,
            0.8809738717339668,
            0.842446382276691,
            0.8433655432477021,
            0.8405373556445911
        ],
        "test_f1_weighted": [
            0.9449399011276365,
            0.9371409998643172,
            0.9463091942132514,
            0.9557898203249026,
            0.8976437001105929,
            0.8693563461732745,
            0.8695995179308813,
            0.866037854462792
        ],
        "cv_class_weights": [
            0.8078542023220316,
            0.8078542023220316,
            0.8078542023220316,
            0.8078542023220316,
            1.4382296470497051,
            1.6668518070342822,
            1.6668518070342822,
            1.6668518070342822
        ],
        "imbalance_ratio": [
            9.474321705426357,
            9.474321705426357,
            9.474321705426357,
            9.474321705426357,
            47.042502004811546,
            110.57964184731385,
            110.57964184731385,
            110.57964184731385
        ],
        "total_training_samples": [
            129714,
            129714,
            129714,
            129714,
            134718,
            135776,
            135776,
            135776
        ],
        "entropy": [
            0.3150175183558238,
            0.3150175183558238,
            0.3150175183558238,
            0.3150175183558238,
            0.4878513770286893,
            0.5297442692876037,
            0.5297442692876037,
            0.5297442692876037
        ],
        "test_precision_macro": [
            0.8106602048901779,
            0.7916330918063978,
            0.8148052922518305,
            0.8432926686395223,
            0.5414348674084447,
            0.42651257706711243,
            0.4248132831523688,
            0.42675108332620165
        ],
        "test_recall_macro": [
            0.944135229114709,
            0.941838296596976,
            0.9413262668647129,
            0.9411638617307156,
            0.7690000355063273,
            0.6307100290139511,
            0.6131249526136925,
            0.622881082094535
        ],
        "classification_reports": [
            {
                "0": {
                    "precision": 0.6271158313972784,
                    "recall": 0.9497361146016587,
                    "f1-score": 0.7554222888555722,
                    "support": 3979.0
                },
                "1": {
                    "precision": 0.9942045783830774,
                    "recall": 0.9385343436277593,
                    "f1-score": 0.9655677037162115,
                    "support": 36557.0
                },
                "accuracy": 0.9396339056641011,
                "macro avg": {
                    "precision": 0.8106602048901779,
                    "recall": 0.944135229114709,
                    "f1-score": 0.8604949962858919,
                    "support": 40536.0
                },
                "weighted avg": {
                    "precision": 0.9581712715877226,
                    "recall": 0.9396339056641011,
                    "f1-score": 0.9449399011276365,
                    "support": 40536.0
                }
            },
            {
                "0": {
                    "precision": 0.5883444118101716,
                    "recall": 0.9565217391304348,
                    "f1-score": 0.7285604900459418,
                    "support": 3979.0
                },
                "1": {
                    "precision": 0.9949217718026242,
                    "recall": 0.9271548540635173,
                    "f1-score": 0.9598436792025374,
                    "support": 36557.0
                },
                "accuracy": 0.9300374975330571,
                "macro avg": {
                    "precision": 0.7916330918063978,
                    "recall": 0.941838296596976,
                    "f1-score": 0.8442020846242396,
                    "support": 40536.0
                },
                "weighted avg": {
                    "precision": 0.9550122761589995,
                    "recall": 0.9300374975330571,
                    "f1-score": 0.9371409998643172,
                    "support": 40536.0
                }
            },
            {
                "0": {
                    "precision": 0.6363636363636364,
                    "recall": 0.9411912540839407,
                    "f1-score": 0.7593268450932684,
                    "support": 3979.0
                },
                "1": {
                    "precision": 0.9932469481400248,
                    "recall": 0.9414612796454851,
                    "f1-score": 0.9666610493203011,
                    "support": 36557.0
                },
                "accuracy": 0.9414347740280244,
                "macro avg": {
                    "precision": 0.8148052922518305,
                    "recall": 0.9413262668647129,
                    "f1-score": 0.8629939472067847,
                    "support": 40536.0
                },
                "weighted avg": {
                    "precision": 0.9582154034005772,
                    "recall": 0.9414347740280244,
                    "f1-score": 0.9463091942132514,
                    "support": 40536.0
                }
            },
            {
                "0": {
                    "precision": 0.6948737278552582,
                    "recall": 0.9266147273184218,
                    "f1-score": 0.794184168012924,
                    "support": 3979.0
                },
                "1": {
                    "precision": 0.9917116094237866,
                    "recall": 0.9557129961430095,
                    "f1-score": 0.9733795812612311,
                    "support": 36557.0
                },
                "accuracy": 0.9528567199526347,
                "macro avg": {
                    "precision": 0.8432926686395223,
                    "recall": 0.9411638617307156,
                    "f1-score": 0.8837818746370776,
                    "support": 40536.0
                },
                "weighted avg": {
                    "precision": 0.96257410373104,
                    "recall": 0.9528567199526347,
                    "f1-score": 0.9557898203249026,
                    "support": 40536.0
                }
            },
            {
                "0": {
                    "precision": 0.5500767039228578,
                    "recall": 0.6331987891019173,
                    "f1-score": 0.5887181892811071,
                    "support": 3964.0
                },
                "1": {
                    "precision": 0.9918873138985469,
                    "recall": 0.9128651132261241,
                    "f1-score": 0.9507370220038454,
                    "support": 36564.0
                },
                "2": {
                    "precision": 0.2793560606060606,