{
    "TabNet": {
        "filter_sizes": [
            12000,
            8000,
            6000,
            4500,
            3500,
            1500,
            1000,
            300
        ],
        "training_time_seconds": [
            877.603707075119,
            772.2259011268616,
            812.3441622257233,
            452.4194025993347,
            419.8702254295349,
            445.57615780830383,
            443.33560609817505,
            1874.1565861701965
        ],
        "num_classes": [
            2,
            2,
            2,
            3,
            3,
            3,
            3,
            4
        ],
        "test_f1_macro": [
            0.9999068289577229,
            0.9999068289577229,
            0.9999068289577229,
            0.7850226088437066,
            0.7850226088437066,
            0.7850226088437066,
            0.7850226088437066,
            0.7194078887108127
        ],
        "test_f1_micro": [
            0.9999275222265172,
            0.9999275222265172,
            0.9999275222265172,
            0.9460781996123114,
            0.9460781996123114,
            0.9460781996123114,
            0.9460781996123114,
            0.9570115484327127
        ],
        "test_f1_weighted": [
            0.9999275232873297,
            0.9999275232873297,
            0.9999275232873297,
            0.9589162319103169,
            0.9589162319103169,
            0.9589162319103169,
            0.9589162319103169,
            0.9647120706554984
        ],
        "cv_class_weights": [
            0.4684796231144397,
            0.4684796231144397,
            0.4684796231144397,
            0.868137442372907,
            0.868137442372907,
            0.868137442372907,
            0.868137442372907,
            1.1507869570454237
        ],
        "total_training_samples": [
            132454,
            132454,
            132454,
            135364,
            135364,
            135364,
            135364,
            135776
        ],
        "imbalance_ratio": [
            2.7627908298059713,
            2.7627908298059713,
            2.7627908298059713,
            33.25495557074505,
            33.25495557074505,
            33.25495557074505,
            33.25495557074505,
            241.43424317617865
        ],
        "entropy": [
            0.5789960747577896,
            0.5789960747577896,
            0.5789960747577896,
            0.6702715468376965,
            0.6702715468376965,
            0.6702715468376965,
            0.6702715468376965,
            0.6882797350165848
        ],
        "test_precision_macro": [
            0.9998921964804519,
            0.9998921964804519,
            0.9998921964804519,
            0.7506159515108969,
            0.7506159515108969,
            0.7506159515108969,
            0.7506159515108969,
            0.6743974080837641
        ],
        "test_recall_macro": [
            0.999921463792218,
            0.999921463792218,
            0.999921463792218,
            0.917349988554701,
            0.917349988554701,
            0.917349988554701,
            0.917349988554701,
            0.8185130484639194
        ],
        "classification_reports": [
            {
                "0": {
                    "precision": 0.9999671581989557,
                    "recall": 0.9999343185550083,
                    "f1-score": 0.9999507381073581,
                    "support": 30450.0
                },
                "1": {
                    "precision": 0.9998172347619483,
                    "recall": 0.9999086090294279,
                    "f1-score": 0.9998629198080877,
                    "support": 10942.0
                },
                "accuracy": 0.9999275222265172,
                "macro avg": {
                    "precision": 0.9998921964804519,
                    "recall": 0.999921463792218,
                    "f1-score": 0.9999068289577229,
                    "support": 41392.0
                },
                "weighted avg": {
                    "precision": 0.9999275258485562,
                    "recall": 0.9999275222265172,
                    "f1-score": 0.9999275232873297,
                    "support": 41392.0
                }
            },
            {
                "0": {
                    "precision": 0.9999671581989557,
                    "recall": 0.9999343185550083,
                    "f1-score": 0.9999507381073581,
                    "support": 30450.0
                },
                "1": {
                    "precision": 0.9998172347619483,
                    "recall": 0.9999086090294279,
                    "f1-score": 0.9998629198080877,
                    "support": 10942.0
                },
                "accuracy": 0.9999275222265172,
                "macro avg": {
                    "precision": 0.9998921964804519,
                    "recall": 0.999921463792218,
                    "f1-score": 0.9999068289577229,
                    "support": 41392.0
                },
                "weighted avg": {
                    "precision": 0.9999275258485562,
                    "recall": 0.9999275222265172,
                    "f1-score": 0.9999275232873297,
                    "support": 41392.0
                }
            },
            {
                "0": {
                    "precision": 0.9999671581989557,
                    "recall": 0.9999343185550083,
                    "f1-score": 0.9999507381073581,
                    "support": 30450.0
                },
                "1": {
                    "precision": 0.9998172347619483,
                    "recall": 0.9999086090294279,
                    "f1-score": 0.9998629198080877,
                    "support": 10942.0
                },
                "accuracy": 0.9999275222265172,
                "macro avg": {
                    "precision": 0.9998921964804519,
                    "recall": 0.999921463792218,
                    "f1-score": 0.9999068289577229,
                    "support": 41392.0
                },
                "weighted avg": {
                    "precision": 0.9999275258485562,
                    "recall": 0.9999275222265172,
                    "f1-score": 0.9999275232873297,
                    "support": 41392.0
                }
            },
            {
                "0": {
                    "precision": 0.2605758976182012,
                    "recall": 0.8226711560044894,
                    "f1-score": 0.3957883369330454,
                    "support": 891.0
                },
                "1": {
                    "precision": 0.9939886099978907,
                    "recall": 0.9305578410399868,
                    "f1-score": 0.9612279240536452,
                    "support": 30385.0
                },
                "2": {
                    "precision": 0.9972833469165987,
                    "recall": 0.9988209686196263,
                    "f1-score": 0.9980515655444289,
                    "support": 11026.0
                },
                "accuracy": 0.9460781996123114,
                "macro avg": {
                    "precision": 0.7506159515108969,
                    "recall": 0.917349988554701,
                    "f1-score": 0.7850226088437066,
                    "support": 42302.0
                },
                "weighted avg": {
                    "precision": 0.9793996317589274,
                    "recall": 0.9460781996123114,
                    "f1-score": 0.9589162319103169,
                    "support": 42302.0
                }
            },
            {
                "0": {
                    "precision": 0.2605758976182012,
                    "recall": 0.8226711560044894,
                    "f1-score": 0.3957883369330454,
                    "support": 891.0
                },
                "1": {
                    "precision": 0.9939886099978907,
                    "recall": 0.9305578410399868,