{
    "TabNet": {
        "filter_sizes": [
            12000,
            8000,
            6000,
            4500,
            3500,
            1500,
            1000,
            300
        ],
        "training_time_seconds": [
            660.673632144928,
            686.0592429637909,
            659.2437736988068,
            684.0067133903503,
            829.3311614990234,
            727.3676018714905,
            721.4414241313934,
            756.7307167053223
        ],
        "num_classes": [
            2,
            2,
            2,
            2,
            4,
            5,
            5,
            5
        ],
        "test_f1_macro": [
            0.8692858623930839,
            0.8692858623930839,
            0.8692858623930839,
            0.8692858623930839,
            0.6417906413278822,
            0.5635971280328588,
            0.5635971280328588,
            0.5635971280328588
        ],
        "test_f1_micro": [
            0.9447404776001579,
            0.9447404776001579,
            0.9447404776001579,
            0.9447404776001579,
            0.9212589073634204,
            0.9041951449446146,
            0.9041951449446146,
            0.9041951449446146
        ],
        "test_f1_weighted": [
            0.9495767465273209,
            0.9495767465273209,
            0.9495767465273209,
            0.9495767465273209,
            0.9263406700371916,
            0.9157503959575837,
            0.9157503959575837,
            0.9157503959575837
        ],
        "cv_class_weights": [
            0.807854175567627,
            0.807854175567627,
            0.807854175567627,
            0.807854175567627,
            0.8068395256996155,
            0.9050407409667969,
            0.9050407409667969,
            0.9050407409667969
        ],
        "total_training_samples": [
            129714,
            129714,
            129714,
            129714,
            134718,
            135776,
            135776,
            135776
        ],
        "imbalance_ratio": [
            9.4087626384208,
            9.4087626384208,
            9.4087626384208,
            9.4087626384208,
            46.970764917901484,
            111.73142857142857,
            111.73142857142857,
            111.73142857142857
        ],
        "entropy": [
            0.31636755446965054,
            0.31636755446965054,
            0.31636755446965054,
            0.31636755446965054,
            0.48882866883207526,
            0.5296414262535185,
            0.5296414262535185,
            0.5296414262535185
        ],
        "test_precision_macro": [
            0.8181815119972773,
            0.8181815119972773,
            0.8181815119972773,
            0.8181815119972773,
            0.6040012718077046,
            0.5117873182841514,
            0.5117873182841514,
            0.5117873182841514
        ],
        "test_recall_macro": [
            0.9541279076680895,
            0.9541279076680895,
            0.9541279076680895,
            0.9541279076680895,
            0.6974850225796225,
            0.6618893382449099,
            0.6618893382449099,
            0.6618893382449099
        ],
        "classification_reports": [
            {
                "0": {
                    "precision": 0.640198087431694,
                    "recall": 0.9657393096342092,
                    "f1-score": 0.7699733004723762,
                    "support": 3882.0
                },
                "1": {
                    "precision": 0.9961649365628604,
                    "recall": 0.9425165057019698,
                    "f1-score": 0.9685984243137915,
                    "support": 36654.0
                },
                "accuracy": 0.9447404776001579,
                "macro avg": {
                    "precision": 0.8181815119972773,
                    "recall": 0.9541279076680895,
                    "f1-score": 0.8692858623930839,
                    "support": 40536.0
                },
                "weighted avg": {
                    "precision": 0.9620751569021344,
                    "recall": 0.9447404776001579,
                    "f1-score": 0.9495767465273209,
                    "support": 40536.0
                }
            },
            {
                "0": {
                    "precision": 0.640198087431694,
                    "recall": 0.9657393096342092,
                    "f1-score": 0.7699733004723762,
                    "support": 3882.0
                },
                "1": {
                    "precision": 0.9961649365628604,
                    "recall": 0.9425165057019698,
                    "f1-score": 0.9685984243137915,
                    "support": 36654.0
                },
                "accuracy": 0.9447404776001579,
                "macro avg": {
                    "precision": 0.8181815119972773,
                    "recall": 0.9541279076680895,
                    "f1-score": 0.8692858623930839,
                    "support": 40536.0
                },
                "weighted avg": {
                    "precision": 0.9620751569021344,
                    "recall": 0.9447404776001579,
                    "f1-score": 0.9495767465273209,
                    "support": 40536.0
                }
            },
            {
                "0": {
                    "precision": 0.640198087431694,
                    "recall": 0.9657393096342092,
                    "f1-score": 0.7699733004723762,
                    "support": 3882.0
                },
                "1": {
                    "precision": 0.9961649365628604,
                    "recall": 0.9425165057019698,
                    "f1-score": 0.9685984243137915,
                    "support": 36654.0
                },
                "accuracy": 0.9447404776001579,
                "macro avg": {
                    "precision": 0.8181815119972773,
                    "recall": 0.9541279076680895,
                    "f1-score": 0.8692858623930839,
                    "support": 40536.0
                },
                "weighted avg": {
                    "precision": 0.9620751569021344,
                    "recall": 0.9447404776001579,
                    "f1-score": 0.9495767465273209,
                    "support": 40536.0
                }
            },
            {
                "0": {
                    "precision": 0.640198087431694,
                    "recall": 0.9657393096342092,
                    "f1-score": 0.7699733004723762,
                    "support": 3882.0
                },
                "1": {
                    "precision": 0.9961649365628604,
                    "recall": 0.9425165057019698,
                    "f1-score": 0.9685984243137915,
                    "support": 36654.0
                },
                "accuracy": 0.9447404776001579,
                "macro avg": {
                    "precision": 0.8181815119972773,
                    "recall": 0.9541279076680895,
                    "f1-score": 0.8692858623930839,
                    "support": 40536.0
                },
                "weighted avg": {
                    "precision": 0.9620751569021344,
                    "recall": 0.9447404776001579,
                    "f1-score": 0.9495767465273209,
                    "support": 40536.0
                }
            },
            {
                "0": {
                    "precision": 0.6891093288307303,
                    "recall": 0.825954970908171,
                    "f1-score": 0.7513519733057186,
                    "support": 3953.0
                },
                "1": {
                    "precision": 0.9842767295597484,
                    "recall": 0.9489511635529335,
                    "f1-score": 0.9662911973299958,
                    "support": 36612.0
                },
                "2": {
                    "precision": 0.34408602150537637,
                    "recall": 0.3716129032258065,