{
    "TabNet": {
        "filter_sizes": [
            12000,
            8000,
            6000,
            4500,
            3500,
            1500,
            1000,
            300
        ],
        "training_time_seconds": [
            1035.7624480724335,
            1083.8136277198792,
            1017.2411336898804,
            1096.698753118515,
            880.7085752487183,
            801.4725122451782,
            743.9391865730286,
            794.9048974514008
        ],
        "num_classes": [
            2,
            2,
            2,
            2,
            4,
            5,
            5,
            5
        ],
        "test_f1_macro": [
            0.8773445724251796,
            0.8773445724251796,
            0.8773445724251796,
            0.8773445724251796,
            0.6478092013921894,
            0.49813485765973525,
            0.49813485765973525,
            0.49813485765973525
        ],
        "test_f1_micro": [
            0.9491809749358595,
            0.9491809749358595,
            0.9491809749358595,
            0.9491809749358595,
            0.9259857482185273,
            0.906905491397596,
            0.906905491397596,
            0.906905491397596
        ],
        "test_f1_weighted": [
            0.953390844698106,
            0.953390844698106,
            0.953390844698106,
            0.953390844698106,
            0.9289442411225,
            0.9119866398237038,
            0.9119866398237038,
            0.9119866398237038
        ],
        "cv_class_weights": [
            0.8074379018455988,
            0.8074379018455988,
            0.8074379018455988,
            0.8074379018455988,
            1.4379981650608282,
            1.6659268061773693,
            1.6659268061773693,
            1.6659268061773693
        ],
        "total_training_samples": [
            129714,
            129714,
            129714,
            129714,
            134718,
            135776,
            135776,
            135776
        ],
        "imbalance_ratio": [
            9.386259908719673,
            9.386259908719673,
            9.386259908719673,
            9.386259908719673,
            47.24939564867043,
            111.25521821631878,
            111.25521821631878,
            111.25521821631878
        ],
        "entropy": [
            0.31683390337896805,
            0.31683390337896805,
            0.31683390337896805,
            0.31683390337896805,
            0.4892193573627486,
            0.5304694843765176,
            0.5304694843765176,
            0.5304694843765176
        ],
        "test_precision_macro": [
            0.8271566185370481,
            0.8271566185370481,
            0.8271566185370481,
            0.8271566185370481,
            0.6327025615740738,
            0.4652491651868858,
            0.4652491651868858,
            0.4652491651868858
        ],
        "test_recall_macro": [
            0.9578520125429196,
            0.9578520125429196,
            0.9578520125429196,
            0.9578520125429196,
            0.6683835175011856,
            0.5453867366156653,
            0.5453867366156653,
            0.5453867366156653
        ],
        "classification_reports": [
            {
                "0": {
                    "precision": 0.6577832686198376,
                    "recall": 0.9685550935550935,
                    "f1-score": 0.7834769812907294,
                    "support": 3848.0
                },
                "1": {
                    "precision": 0.9965299684542587,
                    "recall": 0.9471489315307458,
                    "f1-score": 0.9712121635596299,
                    "support": 36688.0
                },
                "accuracy": 0.9491809749358595,
                "macro avg": {
                    "precision": 0.8271566185370481,
                    "recall": 0.9578520125429196,
                    "f1-score": 0.8773445724251796,
                    "support": 40536.0
                },
                "weighted avg": {
                    "precision": 0.9643734334985932,
                    "recall": 0.9491809749358595,
                    "f1-score": 0.953390844698106,
                    "support": 40536.0
                }
            },
            {
                "0": {
                    "precision": 0.6577832686198376,
                    "recall": 0.9685550935550935,
                    "f1-score": 0.7834769812907294,
                    "support": 3848.0
                },
                "1": {
                    "precision": 0.9965299684542587,
                    "recall": 0.9471489315307458,
                    "f1-score": 0.9712121635596299,
                    "support": 36688.0
                },
                "accuracy": 0.9491809749358595,
                "macro avg": {
                    "precision": 0.8271566185370481,
                    "recall": 0.9578520125429196,
                    "f1-score": 0.8773445724251796,
                    "support": 40536.0
                },
                "weighted avg": {
                    "precision": 0.9643734334985932,
                    "recall": 0.9491809749358595,
                    "f1-score": 0.953390844698106,
                    "support": 40536.0
                }
            },
            {
                "0": {
                    "precision": 0.6577832686198376,
                    "recall": 0.9685550935550935,
                    "f1-score": 0.7834769812907294,
                    "support": 3848.0
                },
                "1": {
                    "precision": 0.9965299684542587,
                    "recall": 0.9471489315307458,
                    "f1-score": 0.9712121635596299,
                    "support": 36688.0
                },
                "accuracy": 0.9491809749358595,
                "macro avg": {
                    "precision": 0.8271566185370481,
                    "recall": 0.9578520125429196,
                    "f1-score": 0.8773445724251796,
                    "support": 40536.0
                },
                "weighted avg": {
                    "precision": 0.9643734334985932,
                    "recall": 0.9491809749358595,
                    "f1-score": 0.953390844698106,
                    "support": 40536.0
                }
            },
            {
                "0": {
                    "precision": 0.6577832686198376,
                    "recall": 0.9685550935550935,
                    "f1-score": 0.7834769812907294,
                    "support": 3848.0
                },
                "1": {
                    "precision": 0.9965299684542587,
                    "recall": 0.9471489315307458,
                    "f1-score": 0.9712121635596299,
                    "support": 36688.0
                },
                "accuracy": 0.9491809749358595,
                "macro avg": {
                    "precision": 0.8271566185370481,
                    "recall": 0.9578520125429196,
                    "f1-score": 0.8773445724251796,
                    "support": 40536.0
                },
                "weighted avg": {
                    "precision": 0.9643734334985932,
                    "recall": 0.9491809749358595,
                    "f1-score": 0.953390844698106,
                    "support": 40536.0
                }
            },
            {
                "0": {
                    "precision": 0.6920764440627013,
                    "recall": 0.8149178255372945,
                    "f1-score": 0.7484904784022295,
                    "support": 3955.0
                },
                "1": {
                    "precision": 0.9800502933780385,
                    "recall": 0.9576019001337738,
                    "f1-score": 0.9686960604261312,
                    "support": 36629.0
                },
                "2": {
                    "precision": 0.3155080213903743,
                    "recall": 0.3997289972899729,