{
    "AdvancedTabularClassifier": {
        "filter_sizes": [
            12000,
            8000,
            6000,
            4500,
            3500,
            1500,
            1000,
            300
        ],
        "training_time_seconds": [
            215.9087290763855,
            197.17889881134033,
            154.86027431488037,
            56.03292942047119,
            57.12351870536804,
            54.663992404937744,
            49.274770975112915,
            42.14923620223999
        ],
        "num_classes": [
            2,
            2,
            2,
            3,
            3,
            3,
            3,
            4
        ],
        "test_f1_macro": [
            0.999750628489466,
            0.9997506432351189,
            0.9998441381971388,
            0.8829448067394335,
            0.8650721187323884,
            0.8678169771134927,
            0.874358942823034,
            0.76418041161841
        ],
        "test_f1_micro": [
            0.9998067259373792,
            0.9998067259373792,
            0.999879203710862,
            0.9852725639449671,
            0.9853907616661151,
            0.9854380407545743,
            0.9846815753392275,
            0.9821824181004006
        ],
        "test_f1_weighted": [
            0.9998067145075814,
            0.9998067202234003,
            0.9998791947806135,
            0.985083665612598,
            0.9840906963897045,
            0.984200219073614,
            0.9843702318473948,
            0.980752729291521
        ],
        "cv_class_weights": [
            0.0,
            0.0,
            0.0,
            0.0,
            0.0,
            0.0,
            0.0,
            0.0
        ],
        "imbalance_ratio": [
            2.7576668841669267,
            2.7576668841669267,
            2.7576668841669267,
            33.36020583190395,
            33.36020583190395,
            33.36020583190395,
            33.36020583190395,
            235.11352657004832
        ],
        "total_training_samples": [
            132454,
            132454,
            132454,
            135364,
            135364,
            135364,
            135364,
            135776
        ],
        "entropy": [
            0.5793640140080556,
            0.5793640140080556,
            0.5793640140080556,
            0.6705127663073001,
            0.6705127663073001,
            0.6705127663073001,
            0.6705127663073001,
            0.6877410771768522
        ],
        "test_precision_macro": [
            0.9998097558093438,
            0.9997801973765384,
            0.9999180730788138,
            0.8886793626781997,
            0.9106755373283498,
            0.9119997659662481,
            0.8833169068440779,
            0.8326207334025619
        ],
        "test_recall_macro": [
            0.9996915392442307,
            0.9997210986108784,
            0.9997702628193347,
            0.8775384897859303,
            0.834404792888703,
            0.8377639412803429,
            0.8661734733573465,
            0.7211217595619817
        ],
        "classification_reports": [
            {
                "0": {
                    "precision": 0.9998033689454021,
                    "recall": 0.9999344477220583,
                    "f1-score": 0.9998689040377556,
                    "support": 30510.0
                },
                "1": {
                    "precision": 0.9998161426732856,
                    "recall": 0.9994486307664032,
                    "f1-score": 0.9996323529411765,
                    "support": 10882.0
                },
                "accuracy": 0.9998067259373792,
                "macro avg": {
                    "precision": 0.9998097558093438,
                    "recall": 0.9996915392442307,
                    "f1-score": 0.999750628489466,
                    "support": 41392.0
                },
                "weighted avg": {
                    "precision": 0.9998067271717943,
                    "recall": 0.9998067259373792,
                    "f1-score": 0.9998067145075814,
                    "support": 41392.0
                }
            },
            {
                "0": {
                    "precision": 0.9998361300471945,
                    "recall": 0.9999016715830875,
                    "f1-score": 0.999868899741077,
                    "support": 30510.0
                },
                "1": {
                    "precision": 0.9997242647058824,
                    "recall": 0.9995405256386694,
                    "f1-score": 0.9996323867291609,
                    "support": 10882.0
                },
                "accuracy": 0.9998067259373792,
                "macro avg": {
                    "precision": 0.9997801973765384,
                    "recall": 0.9997210986108784,
                    "f1-score": 0.9997506432351189,
                    "support": 41392.0
                },
                "weighted avg": {
                    "precision": 0.999806720532212,
                    "recall": 0.9998067259373792,
                    "f1-score": 0.9998067202234003,
                    "support": 41392.0
                }
            },
            {
                "0": {
                    "precision": 0.9998361461576274,
                    "recall": 1.0,
                    "f1-score": 0.9999180663662434,
                    "support": 30510.0
                },
                "1": {
                    "precision": 1.0,
                    "recall": 0.9995405256386694,
                    "f1-score": 0.9997702100280343,
                    "support": 10882.0
                },
                "accuracy": 0.999879203710862,
                "macro avg": {
                    "precision": 0.9999180730788138,
                    "recall": 0.9997702628193347,
                    "f1-score": 0.9998441381971388,
                    "support": 41392.0
                },
                "weighted avg": {
                    "precision": 0.9998792235037981,
                    "recall": 0.999879203710862,
                    "f1-score": 0.9998791947806135,
                    "support": 41392.0
                }
            },
            {
                "0": {
                    "precision": 0.6787383177570093,
                    "recall": 0.6426991150442478,
                    "f1-score": 0.6602272727272728,
                    "support": 904.0
                },
                "1": {
                    "precision": 0.9893076191413297,
                    "recall": 0.9902820184510326,
                    "f1-score": 0.9897945789853646,
                    "support": 30459.0
                },
                "2": {
                    "precision": 0.9979921511362599,
                    "recall": 0.9996343358625103,
                    "f1-score": 0.9988125685056631,
                    "support": 10939.0
                },
                "accuracy": 0.9852725639449671,
                "macro avg": {
                    "precision": 0.8886793626781997,
                    "recall": 0.8775384897859303,
                    "f1-score": 0.8829448067394335,
                    "support": 42302.0
                },
                "weighted avg": {
                    "precision": 0.984916466170811,
                    "recall": 0.9852725639449671,
                    "f1-score": 0.985083665612598,
                    "support": 42302.0
                }
            },
            {
                "0": {
                    "precision": 0.747163695299838,
                    "recall": 0.5099557522123894,
                    "f1-score": 0.6061801446416831,
                    "support": 904.0
                },
                "1": {
                    "precision": 0.9850459998049478,
                    "recall": 0.9948126990380511,
                    "f1-score": 0.9899052597190461,
                    "support": 30459.0
                },