{
    "TabNet": {
        "filter_sizes": [
            12000,
            8000,
            6000,
            4500,
            3500,
            1500,
            1000,
            300
        ],
        "training_time_seconds": [
            903.3462021350861,
            881.0808668136597,
            873.2682313919067,
            2391.970548391342,
            2467.3831017017365,
            2236.942262172699,
            2226.0690240859985,
            841.15167760849
        ],
        "num_classes": [
            2,
            2,
            2,
            3,
            3,
            3,
            3,
            4
        ],
        "test_f1_macro": [
            0.999752518506255,
            0.999752518506255,
            0.999752518506255,
            0.8280593445399752,
            0.8280593445399752,
            0.8280593445399752,
            0.8280593445399752,
            0.6562217039030336
        ],
        "test_f1_micro": [
            0.9998067259373792,
            0.9998067259373792,
            0.9998067259373792,
            0.9667155217247412,
            0.9667155217247412,
            0.9667155217247412,
            0.9667155217247412,
            0.9460994579307094
        ],
        "test_f1_weighted": [
            0.9998067483232685,
            0.9998067483232685,
            0.9998067483232685,
            0.9722462892134668,
            0.9722462892134668,
            0.9722462892134668,
            0.9722462892134668,
            0.9571341776166251
        ],
        "cv_class_weights": [
            0.46924970178326064,
            0.46924970178326064,
            0.46924970178326064,
            0.8674889912212567,
            0.8674889912212567,
            0.8674889912212567,
            0.8674889912212567,
            1.14975278331686
        ],
        "total_training_samples": [
            132454,
            132454,
            132454,
            135364,
            135364,
            135364,
            135364,
            135776
        ],
        "imbalance_ratio": [
            2.7682503556187767,
            2.7682503556187767,
            2.7682503556187767,
            33.59778852798894,
            33.59778852798894,
            33.59778852798894,
            33.59778852798894,
            236.52311435523114
        ],
        "entropy": [
            0.5786044018666603,
            0.5786044018666603,
            0.5786044018666603,
            0.6702231676293078,
            0.6702231676293078,
            0.6702231676293078,
            0.6702231676293078,
            0.6890833103714168
        ],
        "test_precision_macro": [
            0.9996368258579988,
            0.9996368258579988,
            0.9996368258579988,
            0.7898021566267395,
            0.7898021566267395,
            0.7898021566267395,
            0.7898021566267395,
            0.6144163836268377
        ],
        "test_recall_macro": [
            0.999868360429145,
            0.999868360429145,
            0.999868360429145,
            0.9134242389991615,
            0.9134242389991615,
            0.9134242389991615,
            0.9134242389991615,
            0.7713805177242292
        ],
        "classification_reports": [
            {
                "0": {
                    "precision": 1.0,
                    "recall": 0.99973672085829,
                    "f1-score": 0.9998683430978869,
                    "support": 30386.0
                },
                "1": {
                    "precision": 0.9992736517159978,
                    "recall": 1.0,
                    "f1-score": 0.9996366939146231,
                    "support": 11006.0
                },
                "accuracy": 0.9998067259373792,
                "macro avg": {
                    "precision": 0.9996368258579988,
                    "recall": 0.999868360429145,
                    "f1-score": 0.999752518506255,
                    "support": 41392.0
                },
                "weighted avg": {
                    "precision": 0.9998068663216629,
                    "recall": 0.9998067259373792,
                    "f1-score": 0.9998067483232685,
                    "support": 41392.0
                }
            },
            {
                "0": {
                    "precision": 1.0,
                    "recall": 0.99973672085829,
                    "f1-score": 0.9998683430978869,
                    "support": 30386.0
                },
                "1": {
                    "precision": 0.9992736517159978,
                    "recall": 1.0,
                    "f1-score": 0.9996366939146231,
                    "support": 11006.0
                },
                "accuracy": 0.9998067259373792,
                "macro avg": {
                    "precision": 0.9996368258579988,
                    "recall": 0.999868360429145,
                    "f1-score": 0.999752518506255,
                    "support": 41392.0
                },
                "weighted avg": {
                    "precision": 0.9998068663216629,
                    "recall": 0.9998067259373792,
                    "f1-score": 0.9998067483232685,
                    "support": 41392.0
                }
            },
            {
                "0": {
                    "precision": 1.0,
                    "recall": 0.99973672085829,
                    "f1-score": 0.9998683430978869,
                    "support": 30386.0
                },
                "1": {
                    "precision": 0.9992736517159978,
                    "recall": 1.0,
                    "f1-score": 0.9996366939146231,
                    "support": 11006.0
                },
                "accuracy": 0.9998067259373792,
                "macro avg": {
                    "precision": 0.9996368258579988,
                    "recall": 0.999868360429145,
                    "f1-score": 0.999752518506255,
                    "support": 41392.0
                },
                "weighted avg": {
                    "precision": 0.9998068663216629,
                    "recall": 0.9998067259373792,
                    "f1-score": 0.9998067483232685,
                    "support": 41392.0
                }
            },
            {
                "0": {
                    "precision": 0.37636080870917576,
                    "recall": 0.7798066595059077,
                    "f1-score": 0.5076923076923077,
                    "support": 931.0
                },
                "1": {
                    "precision": 0.9930456611710428,
                    "recall": 0.960557834290402,
                    "f1-score": 0.9765316164328725,
                    "support": 30475.0
                },
                "2": {
                    "precision": 1.0,
                    "recall": 0.9999082232011748,
                    "f1-score": 0.9999541094947455,
                    "support": 10896.0
                },
                "accuracy": 0.9667155217247412,
                "macro avg": {
                    "precision": 0.7898021566267395,
                    "recall": 0.9134242389991615,
                    "f1-score": 0.8280593445399752,
                    "support": 42302.0
                },
                "weighted avg": {
                    "precision": 0.9812646786699394,
                    "recall": 0.9667155217247412,
                    "f1-score": 0.9722462892134668,
                    "support": 42302.0
                }
            },
            {
                "0": {
                    "precision": 0.37636080870917576,
                    "recall": 0.7798066595059077,
                    "f1-score": 0.5076923076923077,
                    "support": 931.0
                },
                "1": {
                    "precision": 0.9930456611710428,
                    "recall": 0.960557834290402,
                    "f1-score": 0.9765316164328725,
                    "support": 30475.0
                },