{
    "AdvancedTabularClassifier": {
        "filter_sizes": [
            12000,
            8000,
            6000,
            4500,
            3500,
            1500,
            1000,
            300
        ],
        "training_time_seconds": [
            67.356210231781,
            84.99302506446838,
            68.28394222259521,
            41.136685848236084,
            46.46908235549927,
            43.45558261871338,
            37.086479902267456,
            44.20333814620972
        ],
        "num_classes": [
            2,
            2,
            2,
            3,
            3,
            3,
            3,
            4
        ],
        "test_f1_macro": [
            0.9996259427341991,
            0.9998129824263392,
            0.9998129824263392,
            0.7744997230485821,
            0.7304615483268848,
            0.744834329391097,
            0.7449586771890013,
            0.6204291360069267
        ],
        "test_f1_micro": [
            0.9997100889060688,
            0.9998550444530344,
            0.9998550444530344,
            0.9352276488109309,
            0.893527492789939,
            0.9078294170488393,
            0.9085622429199565,
            0.883973603582371
        ],
        "test_f1_weighted": [
            0.999710071761372,
            0.9998550401675502,
            0.9998550401675502,
            0.9522637383662279,
            0.9267332873705997,
            0.9334233919082777,
            0.9356887460732445,
            0.91847465922674
        ],
        "cv_class_weights": [
            0.4692648013650022,
            0.4692648013650022,
            0.4692648013650022,
            0.8667902007756005,
            0.8667902007756005,
            0.8667902007756005,
            0.8667902007756005,
            1.1506919191508056
        ],
        "imbalance_ratio": [
            2.7576668841669267,
            2.7576668841669267,
            2.7576668841669267,
            33.36020583190395,
            33.36020583190395,
            33.36020583190395,
            33.36020583190395,
            235.11352657004832
        ],
        "total_training_samples": [
            132454,
            132454,
            132454,
            135364,
            135364,
            135364,
            135364,
            135776
        ],
        "entropy": [
            0.5793640140080556,
            0.5793640140080556,
            0.5793640140080556,
            0.6705127663073001,
            0.6705127663073001,
            0.6705127663073001,
            0.6705127663073001,
            0.6877410771768522
        ],
        "test_precision_macro": [
            0.9996850553035537,
            0.999842540254172,
            0.999842540254172,
            0.7428312067435093,
            0.7183896036481184,
            0.7216544265058126,
            0.7250379672750715,
            0.585937456180918
        ],
        "test_recall_macro": [
            0.9995668682329939,
            0.9997834341164968,
            0.9997834341164968,
            0.932550527197816,
            0.9265879596130616,
            0.9329229293938522,
            0.9334895505716964,
            0.869782223510351
        ],
        "classification_reports": [
            {
                "0": {
                    "precision": 0.9997378252605361,
                    "recall": 0.9998688954441167,
                    "f1-score": 0.9998033560566335,
                    "support": 30510.0
                },
                "1": {
                    "precision": 0.9996322853465711,
                    "recall": 0.999264841021871,
                    "f1-score": 0.9994485294117647,
                    "support": 10882.0
                },
                "accuracy": 0.9997100889060688,
                "macro avg": {
                    "precision": 0.9996850553035537,
                    "recall": 0.9995668682329939,
                    "f1-score": 0.9996259427341991,
                    "support": 41392.0
                },
                "weighted avg": {
                    "precision": 0.9997100787070047,
                    "recall": 0.9997100889060688,
                    "f1-score": 0.999710071761372,
                    "support": 41392.0
                }
            },
            {
                "0": {
                    "precision": 0.9998689040377556,
                    "recall": 0.9999344477220583,
                    "f1-score": 0.9999016748058077,
                    "support": 30510.0
                },
                "1": {
                    "precision": 0.9998161764705882,
                    "recall": 0.9996324205109355,
                    "f1-score": 0.9997242900468707,
                    "support": 10882.0
                },
                "accuracy": 0.9998550444530344,
                "macro avg": {
                    "precision": 0.999842540254172,
                    "recall": 0.9997834341164968,
                    "f1-score": 0.9998129824263392,
                    "support": 41392.0
                },
                "weighted avg": {
                    "precision": 0.9998550419053165,
                    "recall": 0.9998550444530344,
                    "f1-score": 0.9998550401675502,
                    "support": 41392.0
                }
            },
            {
                "0": {
                    "precision": 0.9998689040377556,
                    "recall": 0.9999344477220583,
                    "f1-score": 0.9999016748058077,
                    "support": 30510.0
                },
                "1": {
                    "precision": 0.9998161764705882,
                    "recall": 0.9996324205109355,
                    "f1-score": 0.9997242900468707,
                    "support": 10882.0
                },
                "accuracy": 0.9998550444530344,
                "macro avg": {
                    "precision": 0.999842540254172,
                    "recall": 0.9997834341164968,
                    "f1-score": 0.9998129824263392,
                    "support": 41392.0
                },
                "weighted avg": {
                    "precision": 0.9998550419053165,
                    "recall": 0.9998550444530344,
                    "f1-score": 0.9998550401675502,
                    "support": 41392.0
                }
            },
            {
                "0": {
                    "precision": 0.23605783416937148,
                    "recall": 0.8849557522123894,
                    "f1-score": 0.3726997437689262,
                    "support": 904.0
                },
                "1": {
                    "precision": 0.9959925576069844,
                    "recall": 0.9138842378278998,
                    "f1-score": 0.9531734209940589,
                    "support": 30459.0
                },
                "2": {
                    "precision": 0.9964432284541723,
                    "recall": 0.9988115915531585,
                    "f1-score": 0.9976260043827612,
                    "support": 10939.0
                },
                "accuracy": 0.9352276488109309,
                "macro avg": {
                    "precision": 0.7428312067435093,
                    "recall": 0.932550527197816,
                    "f1-score": 0.7744997230485821,
                    "support": 42302.0
                },
                "weighted avg": {
                    "precision": 0.9798691804241039,
                    "recall": 0.9352276488109309,
                    "f1-score": 0.9522637383662279,
                    "support": 42302.0
                }
            },
            {
                "0": {
                    "precision": 0.1599236641221374,
                    "recall": 0.9269911504424779,
                    "f1-score": 0.2727864583333333,
                    "support": 904.0
                },
                "1": {
                    "precision": 0.996709141698236,