{
    "TabNet": {
        "filter_sizes": [
            12000,
            8000,
            6000,
            4500,
            3500
        ],
        "training_time_seconds": [
            1758.0202293395996,
            1783.118145942688,
            1786.5649185180664,
            1871.2081880569458,
            1986.3221735954285
        ],
        "num_classes": [
            4,
            4,
            4,
            5,
            5
        ],
        "test_f1_macro": [
            0.9733119782991645,
            0.9733119782991645,
            0.9733119782991645,
            0.9624597481308147,
            0.9624597481308147
        ],
        "test_f1_micro": [
            0.975625695890013,
            0.975625695890013,
            0.975625695890013,
            0.9785057742163563,
            0.9785057742163563
        ],
        "test_f1_weighted": [
            0.9756895829280545,
            0.9756895829280545,
            0.9756895829280545,
            0.978514853214964,
            0.978514853214964
        ],
        "cv_class_weights": [
            0.42733508348464966,
            0.42733508348464966,
            0.42733508348464966,
            1.1505159139633179,
            1.1505159139633179
        ],
        "total_training_samples": [
            132204,
            132204,
            132204,
            135776,
            135776
        ],
        "imbalance_ratio": [
            2.872849111249929,
            2.872849111249929,
            2.872849111249929,
            14.165032221910899,
            14.165032221910899
        ],
        "entropy": [
            1.2933917983737433,
            1.2933917983737433,
            1.2933917983737433,
            1.3817267446568993,
            1.3817267446568993
        ],
        "test_precision_macro": [
            0.9687900982895015,
            0.9687900982895015,
            0.9687900982895015,
            0.9588190295262763,
            0.9588190295262763
        ],
        "test_recall_macro": [
            0.9783497920782229,
            0.9783497920782229,
            0.9783497920782229,
            0.9663616799542764,
            0.9663616799542764
        ],
        "classification_reports": [
            {
                "0": {
                    "precision": 0.9887196482059779,
                    "recall": 0.9848282866755539,
                    "f1-score": 0.986770131026587,
                    "support": 15753.0
                },
                "1": {
                    "precision": 0.9878487848784878,
                    "recall": 0.9987865918398301,
                    "f1-score": 0.9932875782487367,
                    "support": 6593.0
                },
                "2": {
                    "precision": 0.9782410225197808,
                    "recall": 0.9531504818383988,
                    "f1-score": 0.9655327776526245,
                    "support": 13490.0
                },
                "3": {
                    "precision": 0.9203509375537589,
                    "recall": 0.9766338079591091,
                    "f1-score": 0.9476574262687096,
                    "support": 5478.0
                },
                "accuracy": 0.975625695890013,
                "macro avg": {
                    "precision": 0.9687900982895015,
                    "recall": 0.9783497920782229,
                    "f1-score": 0.9733119782991645,
                    "support": 41314.0
                },
                "weighted avg": {
                    "precision": 0.9760938540592531,
                    "recall": 0.975625695890013,
                    "f1-score": 0.9756895829280545,
                    "support": 41314.0
                }
            },
            {
                "0": {
                    "precision": 0.9887196482059779,
                    "recall": 0.9848282866755539,
                    "f1-score": 0.986770131026587,
                    "support": 15753.0
                },
                "1": {
                    "precision": 0.9878487848784878,
                    "recall": 0.9987865918398301,
                    "f1-score": 0.9932875782487367,
                    "support": 6593.0
                },
                "2": {
                    "precision": 0.9782410225197808,
                    "recall": 0.9531504818383988,
                    "f1-score": 0.9655327776526245,
                    "support": 13490.0
                },
                "3": {
                    "precision": 0.9203509375537589,
                    "recall": 0.9766338079591091,
                    "f1-score": 0.9476574262687096,
                    "support": 5478.0
                },
                "accuracy": 0.975625695890013,
                "macro avg": {
                    "precision": 0.9687900982895015,
                    "recall": 0.9783497920782229,
                    "f1-score": 0.9733119782991645,
                    "support": 41314.0
                },
                "weighted avg": {
                    "precision": 0.9760938540592531,
                    "recall": 0.975625695890013,
                    "f1-score": 0.9756895829280545,
                    "support": 41314.0
                }
            },
            {
                "0": {
                    "precision": 0.9887196482059779,
                    "recall": 0.9848282866755539,
                    "f1-score": 0.986770131026587,
                    "support": 15753.0
                },
                "1": {
                    "precision": 0.9878487848784878,
                    "recall": 0.9987865918398301,
                    "f1-score": 0.9932875782487367,
                    "support": 6593.0
                },
                "2": {
                    "precision": 0.9782410225197808,
                    "recall": 0.9531504818383988,
                    "f1-score": 0.9655327776526245,
                    "support": 13490.0
                },
                "3": {
                    "precision": 0.9203509375537589,
                    "recall": 0.9766338079591091,
                    "f1-score": 0.9476574262687096,
                    "support": 5478.0
                },
                "accuracy": 0.975625695890013,
                "macro avg": {
                    "precision": 0.9687900982895015,
                    "recall": 0.9783497920782229,
                    "f1-score": 0.9733119782991645,
                    "support": 41314.0
                },
                "weighted avg": {
                    "precision": 0.9760938540592531,
                    "recall": 0.975625695890013,
                    "f1-score": 0.9756895829280545,
                    "support": 41314.0
                }
            },
            {
                "0": {
                    "precision": 0.8837011884550084,
                    "recall": 0.9302949061662198,
                    "f1-score": 0.9063996517196343,
                    "support": 1119.0
                },
                "1": {
                    "precision": 0.9889464375947449,
                    "recall": 0.9912630579297246,
                    "f1-score": 0.9901033926708193,
                    "support": 15795.0
                },
                "2": {
                    "precision": 0.991442542787286,
                    "recall": 0.9970800676194868,
                    "f1-score": 0.9942533139223048,
                    "support": 6507.0
                },
                "3": {
                    "precision": 0.9792374759864046,
                    "recall": 0.9747003015371037,
                    "f1-score": 0.9769636209502046,
                    "support": 13597.0
                },
                "4": {
                    "precision": 0.9507675028079371,
                    "recall": 0.938470066518847,
                    "f1-score": 0.9445787613911103,
                    "support": 5412.0
                },
                "accuracy": 0.9785057742163563,