{
    "TabNet": {
        "filter_sizes": [
            12000,
            8000,
            6000,
            4500,
            3500,
            1500,
            1000,
            300
        ],
        "training_time_seconds": [
            619.5726180076599,
            602.928483247757,
            569.9725303649902,
            594.1832258701324,
            721.0169727802277,
            636.3757956027985,
            628.1842951774597,
            576.5079851150513
        ],
        "num_classes": [
            2,
            2,
            2,
            2,
            4,
            5,
            5,
            5
        ],
        "test_f1_macro": [
            0.835973957118472,
            0.835973957118472,
            0.835973957118472,
            0.835973957118472,
            0.5401844773318296,
            0.4414945963553312,
            0.4414945963553312,
            0.4414945963553312
        ],
        "test_f1_micro": [
            0.9508338267219262,
            0.9508338267219262,
            0.9508338267219262,
            0.9508338267219262,
            0.9250118764845606,
            0.9264199858590619,
            0.9264199858590619,
            0.9264199858590619
        ],
        "test_f1_weighted": [
            0.9469770597787837,
            0.9469770597787837,
            0.9469770597787837,
            0.9469770597787837,
            0.9135289126557434,
            0.9142806876462299,
            0.9142806876462299,
            0.9142806876462299
        ],
        "cv_class_weights": [
            0.8077925281773748,
            0.8077925281773748,
            0.8077925281773748,
            0.8077925281773748,
            1.4368235608183133,
            1.6648409183442676,
            1.6648409183442676,
            1.6648409183442676
        ],
        "total_training_samples": [
            129714,
            129714,
            129714,
            129714,
            134718,
            135776,
            135776,
            135776
        ],
        "imbalance_ratio": [
            9.405422749879673,
            9.405422749879673,
            9.405422749879673,
            9.405422749879673,
            47.2953995157385,
            109.1266294227188,
            109.1266294227188,
            109.1266294227188
        ],
        "entropy": [
            0.31643667465474823,
            0.31643667465474823,
            0.31643667465474823,
            0.31643667465474823,
            0.4902316189401786,
            0.5318971440935818,
            0.5318971440935818,
            0.5318971440935818
        ],
        "test_precision_macro": [
            0.9013079929598464,
            0.9013079929598464,
            0.9013079929598464,
            0.9013079929598464,
            0.6016308936064801,
            0.45823568153188193,
            0.45823568153188193,
            0.45823568153188193
        ],
        "test_recall_macro": [
            0.7922157764274154,
            0.7922157764274154,
            0.7922157764274154,
            0.7922157764274154,
            0.5073788528252238,
            0.43590878146642054,
            0.43590878146642054,
            0.43590878146642054
        ],
        "classification_reports": [
            {
                "0": {
                    "precision": 0.8440467494521549,
                    "recall": 0.596079442868197,
                    "f1-score": 0.6987150415721844,
                    "support": 3877.0
                },
                "1": {
                    "precision": 0.958569236467538,
                    "recall": 0.9883521099866336,
                    "f1-score": 0.9732328726647596,
                    "support": 36659.0
                },
                "accuracy": 0.9508338267219262,
                "macro avg": {
                    "precision": 0.9013079929598464,
                    "recall": 0.7922157764274154,
                    "f1-score": 0.835973957118472,
                    "support": 40536.0
                },
                "weighted avg": {
                    "precision": 0.9476159188693872,
                    "recall": 0.9508338267219262,
                    "f1-score": 0.9469770597787837,
                    "support": 40536.0
                }
            },
            {
                "0": {
                    "precision": 0.8440467494521549,
                    "recall": 0.596079442868197,
                    "f1-score": 0.6987150415721844,
                    "support": 3877.0
                },
                "1": {
                    "precision": 0.958569236467538,
                    "recall": 0.9883521099866336,
                    "f1-score": 0.9732328726647596,
                    "support": 36659.0
                },
                "accuracy": 0.9508338267219262,
                "macro avg": {
                    "precision": 0.9013079929598464,
                    "recall": 0.7922157764274154,
                    "f1-score": 0.835973957118472,
                    "support": 40536.0
                },
                "weighted avg": {
                    "precision": 0.9476159188693872,
                    "recall": 0.9508338267219262,
                    "f1-score": 0.9469770597787837,
                    "support": 40536.0
                }
            },
            {
                "0": {
                    "precision": 0.8440467494521549,
                    "recall": 0.596079442868197,
                    "f1-score": 0.6987150415721844,
                    "support": 3877.0
                },
                "1": {
                    "precision": 0.958569236467538,
                    "recall": 0.9883521099866336,
                    "f1-score": 0.9732328726647596,
                    "support": 36659.0
                },
                "accuracy": 0.9508338267219262,
                "macro avg": {
                    "precision": 0.9013079929598464,
                    "recall": 0.7922157764274154,
                    "f1-score": 0.835973957118472,
                    "support": 40536.0
                },
                "weighted avg": {
                    "precision": 0.9476159188693872,
                    "recall": 0.9508338267219262,
                    "f1-score": 0.9469770597787837,
                    "support": 40536.0
                }
            },
            {
                "0": {
                    "precision": 0.8440467494521549,
                    "recall": 0.596079442868197,
                    "f1-score": 0.6987150415721844,
                    "support": 3877.0
                },
                "1": {
                    "precision": 0.958569236467538,
                    "recall": 0.9883521099866336,
                    "f1-score": 0.9732328726647596,
                    "support": 36659.0
                },
                "accuracy": 0.9508338267219262,
                "macro avg": {
                    "precision": 0.9013079929598464,
                    "recall": 0.7922157764274154,
                    "f1-score": 0.835973957118472,
                    "support": 40536.0
                },
                "weighted avg": {
                    "precision": 0.9476159188693872,
                    "recall": 0.9508338267219262,
                    "f1-score": 0.9469770597787837,
                    "support": 40536.0
                }
            },
            {
                "0": {
                    "precision": 0.660913140311804,
                    "recall": 0.618712535835288,
                    "f1-score": 0.6391169740207295,
                    "support": 3837.0
                },
                "1": {
                    "precision": 0.9513520609083749,
                    "recall": 0.9867926583519416,
                    "f1-score": 0.9687483291450569,
                    "support": 36722.0
                },
                "2": {
                    "precision": 0.0,
                    "recall": 0.0,
                    "f1-score": 0.0,