{
    "TabNet": {
        "filter_sizes": [
            12000,
            8000,
            6000,
            4500,
            3500,
            1500,
            1000,
            300
        ],
        "training_time_seconds": [
            741.8621838092804,
            729.7255363464355,
            724.5702133178711,
            423.93743205070496,
            433.34744095802307,
            438.7375729084015,
            413.48346042633057,
            946.4552810192108
        ],
        "num_classes": [
            2,
            2,
            2,
            3,
            3,
            3,
            3,
            4
        ],
        "test_f1_macro": [
            0.9998454626743923,
            0.9998454626743923,
            0.9998454626743923,
            0.8490968884827262,
            0.8490968884827262,
            0.8490968884827262,
            0.8490968884827262,
            0.7137564508956539
        ],
        "test_f1_micro": [
            0.999879203710862,
            0.999879203710862,
            0.999879203710862,
            0.9832395631412226,
            0.9832395631412226,
            0.9832395631412226,
            0.9832395631412226,
            0.9796606174876267
        ],
        "test_f1_weighted": [
            0.9998791949881908,
            0.9998791949881908,
            0.9998791949881908,
            0.9821190673223513,
            0.9821190673223513,
            0.9821190673223513,
            0.9821190673223513,
            0.9794755999509734
        ],
        "cv_class_weights": [
            0.46950639467286753,
            0.46950639467286753,
            0.46950639467286753,
            0.8678956080446022,
            0.8678956080446022,
            0.8678956080446022,
            0.8678956080446022,
            1.1512245540045383
        ],
        "total_training_samples": [
            132454,
            132454,
            132454,
            135364,
            135364,
            135364,
            135364,
            135776
        ],
        "imbalance_ratio": [
            2.7700737198645147,
            2.7700737198645147,
            2.7700737198645147,
            33.16979202182066,
            33.16979202182066,
            33.16979202182066,
            33.16979202182066,
            235.6634382566586
        ],
        "entropy": [
            0.5784736752768475,
            0.5784736752768475,
            0.5784736752768475,
            0.670527928591189,
            0.670527928591189,
            0.670527928591189,
            0.670527928591189,
            0.6879526294333362
        ],
        "test_precision_macro": [
            0.9999176792123547,
            0.9999176792123547,
            0.9999176792123547,
            0.8795398989603335,
            0.8795398989603335,
            0.8795398989603335,
            0.8795398989603335,
            0.7325062060363337
        ],
        "test_recall_macro": [
            0.9997733043162857,
            0.9997733043162857,
            0.9997733043162857,
            0.8265714827448677,
            0.8265714827448677,
            0.8265714827448677,
            0.8265714827448677,
            0.7071764997716973
        ],
        "classification_reports": [
            {
                "0": {
                    "precision": 0.9998353584247094,
                    "recall": 1.0,
                    "f1-score": 0.9999176724350847,
                    "support": 30364.0
                },
                "1": {
                    "precision": 1.0,
                    "recall": 0.9995466086325716,
                    "f1-score": 0.9997732529137,
                    "support": 11028.0
                },
                "accuracy": 0.999879203710862,
                "macro avg": {
                    "precision": 0.9999176792123547,
                    "recall": 0.9997733043162857,
                    "f1-score": 0.9998454626743923,
                    "support": 41392.0
                },
                "weighted avg": {
                    "precision": 0.9998792235989533,
                    "recall": 0.999879203710862,
                    "f1-score": 0.9998791949881908,
                    "support": 41392.0
                }
            },
            {
                "0": {
                    "precision": 0.9998353584247094,
                    "recall": 1.0,
                    "f1-score": 0.9999176724350847,
                    "support": 30364.0
                },
                "1": {
                    "precision": 1.0,
                    "recall": 0.9995466086325716,
                    "f1-score": 0.9997732529137,
                    "support": 11028.0
                },
                "accuracy": 0.999879203710862,
                "macro avg": {
                    "precision": 0.9999176792123547,
                    "recall": 0.9997733043162857,
                    "f1-score": 0.9998454626743923,
                    "support": 41392.0
                },
                "weighted avg": {
                    "precision": 0.9998792235989533,
                    "recall": 0.999879203710862,
                    "f1-score": 0.9998791949881908,
                    "support": 41392.0
                }
            },
            {
                "0": {
                    "precision": 0.9998353584247094,
                    "recall": 1.0,
                    "f1-score": 0.9999176724350847,
                    "support": 30364.0
                },
                "1": {
                    "precision": 1.0,
                    "recall": 0.9995466086325716,
                    "f1-score": 0.9997732529137,
                    "support": 11028.0
                },
                "accuracy": 0.999879203710862,
                "macro avg": {
                    "precision": 0.9999176792123547,
                    "recall": 0.9997733043162857,
                    "f1-score": 0.9998454626743923,
                    "support": 41392.0
                },
                "weighted avg": {
                    "precision": 0.9998792235989533,
                    "recall": 0.999879203710862,
                    "f1-score": 0.9998791949881908,
                    "support": 41392.0
                }
            },
            {
                "0": {
                    "precision": 0.6545454545454545,
                    "recall": 0.4897959183673469,
                    "f1-score": 0.5603112840466926,
                    "support": 882.0
                },
                "1": {
                    "precision": 0.984438209578494,
                    "recall": 0.992370177919558,
                    "f1-score": 0.9883882801880148,
                    "support": 30407.0
                },
                "2": {
                    "precision": 0.9996360327570518,
                    "recall": 0.9975483519476982,
                    "f1-score": 0.9985911012134709,
                    "support": 11013.0
                },
                "accuracy": 0.9832395631412226,
                "macro avg": {
                    "precision": 0.8795398989603335,
                    "recall": 0.8265714827448677,
                    "f1-score": 0.8490968884827262,
                    "support": 42302.0
                },
                "weighted avg": {
                    "precision": 0.9815165561513822,
                    "recall": 0.9832395631412226,
                    "f1-score": 0.9821190673223513,
                    "support": 42302.0
                }
            },
            {
                "0": {
                    "precision": 0.6545454545454545,
                    "recall": 0.4897959183673469,
                    "f1-score": 0.5603112840466926,
                    "support": 882.0
                },
                "1": {
                    "precision": 0.984438209578494,
                    "recall": 0.992370177919558,
                    "f1-score": 0.9883882801880148,