{
    "TabNet": {
        "filter_sizes": [
            12000,
            8000,
            6000,
            4500,
            3500,
            1500,
            1000,
            300
        ],
        "training_time_seconds": [
            339.7335271835327,
            364.58100485801697,
            343.46668767929077,
            362.38991117477417,
            369.01261472702026,
            1783.0404863357544,
            1670.0286281108856,
            1739.743178844452
        ],
        "num_classes": [
            2,
            2,
            2,
            2,
            4,
            5,
            5,
            5
        ],
        "test_f1_macro": [
            0.8440174418445832,
            0.8440174418445832,
            0.8440174418445832,
            0.8440174418445832,
            0.5479732604060482,
            0.5193162432310652,
            0.5193162432310652,
            0.5193162432310652
        ],
        "test_f1_micro": [
            0.953399447404776,
            0.953399447404776,
            0.953399447404776,
            0.953399447404776,
            0.9305700712589073,
            0.9321706339853877,
            0.9321706339853877,
            0.9321706339853877
        ],
        "test_f1_weighted": [
            0.9495100946072756,
            0.9495100946072756,
            0.9495100946072756,
            0.9495100946072756,
            0.9209012122820848,
            0.9319422588592442,
            0.9319422588592442,
            0.9319422588592442
        ],
        "cv_class_weights": [
            0.8080700618283301,
            0.8080700618283301,
            0.8080700618283301,
            0.8080700618283301,
            1.436942292305175,
            1.6658859875023757,
            1.6658859875023757,
            1.6658859875023757
        ],
        "total_training_samples": [
            129714,
            129714,
            129714,
            129714,
            134718,
            135776,
            135776,
            135776
        ],
        "imbalance_ratio": [
            9.420469151670952,
            9.420469151670952,
            9.420469151670952,
            9.420469151670952,
            47.3730800323363,
            110.00187617260788,
            110.00187617260788,
            110.00187617260788
        ],
        "entropy": [
            0.3161255475703574,
            0.3161255475703574,
            0.3161255475703574,
            0.3161255475703574,
            0.4896342968674796,
            0.5307130131955082,
            0.5307130131955082,
            0.5307130131955082
        ],
        "test_precision_macro": [
            0.916211806724187,
            0.916211806724187,
            0.916211806724187,
            0.916211806724187,
            0.6243299196085257,
            0.5192550891876462,
            0.5192550891876462,
            0.5192550891876462
        ],
        "test_recall_macro": [
            0.7968337955938418,
            0.7968337955938418,
            0.7968337955938418,
            0.7968337955938418,
            0.5299501097787274,
            0.542951910543135,
            0.542951910543135,
            0.542951910543135
        ],
        "classification_reports": [
            {
                "0": {
                    "precision": 0.8733283803863299,
                    "recall": 0.6029751218261092,
                    "f1-score": 0.7133970565923229,
                    "support": 3899.0
                },
                "1": {
                    "precision": 0.9590952330620441,
                    "recall": 0.9906924693615744,
                    "f1-score": 0.9746378270968435,
                    "support": 36637.0
                },
                "accuracy": 0.953399447404776,
                "macro avg": {
                    "precision": 0.916211806724187,
                    "recall": 0.7968337955938418,
                    "f1-score": 0.8440174418445832,
                    "support": 40536.0
                },
                "weighted avg": {
                    "precision": 0.9508456534640916,
                    "recall": 0.953399447404776,
                    "f1-score": 0.9495100946072756,
                    "support": 40536.0
                }
            },
            {
                "0": {
                    "precision": 0.8733283803863299,
                    "recall": 0.6029751218261092,
                    "f1-score": 0.7133970565923229,
                    "support": 3899.0
                },
                "1": {
                    "precision": 0.9590952330620441,
                    "recall": 0.9906924693615744,
                    "f1-score": 0.9746378270968435,
                    "support": 36637.0
                },
                "accuracy": 0.953399447404776,
                "macro avg": {
                    "precision": 0.916211806724187,
                    "recall": 0.7968337955938418,
                    "f1-score": 0.8440174418445832,
                    "support": 40536.0
                },
                "weighted avg": {
                    "precision": 0.9508456534640916,
                    "recall": 0.953399447404776,
                    "f1-score": 0.9495100946072756,
                    "support": 40536.0
                }
            },
            {
                "0": {
                    "precision": 0.8733283803863299,
                    "recall": 0.6029751218261092,
                    "f1-score": 0.7133970565923229,
                    "support": 3899.0
                },
                "1": {
                    "precision": 0.9590952330620441,
                    "recall": 0.9906924693615744,
                    "f1-score": 0.9746378270968435,
                    "support": 36637.0
                },
                "accuracy": 0.953399447404776,
                "macro avg": {
                    "precision": 0.916211806724187,
                    "recall": 0.7968337955938418,
                    "f1-score": 0.8440174418445832,
                    "support": 40536.0
                },
                "weighted avg": {
                    "precision": 0.9508456534640916,
                    "recall": 0.953399447404776,
                    "f1-score": 0.9495100946072756,
                    "support": 40536.0
                }
            },
            {
                "0": {
                    "precision": 0.8733283803863299,
                    "recall": 0.6029751218261092,
                    "f1-score": 0.7133970565923229,
                    "support": 3899.0
                },
                "1": {
                    "precision": 0.9590952330620441,
                    "recall": 0.9906924693615744,
                    "f1-score": 0.9746378270968435,
                    "support": 36637.0
                },
                "accuracy": 0.953399447404776,
                "macro avg": {
                    "precision": 0.916211806724187,
                    "recall": 0.7968337955938418,
                    "f1-score": 0.8440174418445832,
                    "support": 40536.0
                },
                "weighted avg": {
                    "precision": 0.9508456534640916,
                    "recall": 0.953399447404776,
                    "f1-score": 0.9495100946072756,
                    "support": 40536.0
                }
            },
            {
                "0": {
                    "precision": 0.6812269938650307,
                    "recall": 0.7338091461802801,
                    "f1-score": 0.7065411046067702,
                    "support": 3783.0
                },
                "1": {
                    "precision": 0.9616235375636276,
                    "recall": 0.9826792668645661,
                    "f1-score": 0.9720373912340724,
                    "support": 36719.0
                },
                "2": {
                    "precision": 0.18421052631578946,
                    "recall": 0.008641975308641974,