{
    "TabNet": {
        "filter_sizes": [
            12000,
            8000,
            6000,
            4500,
            3500,
            1500,
            1000,
            300
        ],
        "training_time_seconds": [
            954.6513924598694,
            998.7303993701935,
            981.816771030426,
            1296.0006148815155,
            1244.59796500206,
            1226.0340497493744,
            1226.3711264133453,
            642.0861790180206
        ],
        "num_classes": [
            2,
            2,
            2,
            3,
            3,
            3,
            3,
            4
        ],
        "test_f1_macro": [
            0.9998141302201379,
            0.9998141302201379,
            0.9998141302201379,
            0.8093858996751848,
            0.8093858996751848,
            0.8093858996751848,
            0.8093858996751848,
            0.7411057516705404
        ],
        "test_f1_micro": [
            0.9998550444530344,
            0.9998550444530344,
            0.9998550444530344,
            0.957330622665595,
            0.957330622665595,
            0.957330622665595,
            0.957330622665595,
            0.9485976903134574
        ],
        "test_f1_weighted": [
            0.9998550570938891,
            0.9998550570938891,
            0.9998550570938891,
            0.9663938307991259,
            0.9663938307991259,
            0.9663938307991259,
            0.9663938307991259,
            0.9575787433692454
        ],
        "cv_class_weights": [
            0.4689628097301705,
            0.4689628097301705,
            0.4689628097301705,
            0.8670708603107885,
            0.8670708603107885,
            0.8670708603107885,
            0.8670708603107885,
            1.150705879465884
        ],
        "total_training_samples": [
            132454,
            132454,
            132454,
            135364,
            135364,
            135364,
            135364,
            135776
        ],
        "imbalance_ratio": [
            2.766214563962581,
            2.766214563962581,
            2.766214563962581,
            33.46024096385542,
            33.46024096385542,
            33.46024096385542,
            33.46024096385542,
            237.8557457212714
        ],
        "entropy": [
            0.8349603436254895,
            0.8349603436254895,
            0.8349603436254895,
            0.6104528465987762,
            0.6104528465987762,
            0.6104528465987762,
            0.6104528465987762,
            0.4964203336633599
        ],
        "test_precision_macro": [
            0.9997269997269997,
            0.9997269997269997,
            0.9997269997269997,
            0.7703174042364386,
            0.7703174042364386,
            0.7703174042364386,
            0.7703174042364386,
            0.6794108547821935
        ],
        "test_recall_macro": [
            0.999901344996547,
            0.999901344996547,
            0.999901344996547,
            0.9265699701325327,
            0.9265699701325327,
            0.9265699701325327,
            0.9265699701325327,
            0.8870871167329385
        ],
        "classification_reports": [
            {
                "0": {
                    "precision": 1.0,
                    "recall": 0.9998026899930942,
                    "f1-score": 0.9999013352627771,
                    "support": 30409.0
                },
                "1": {
                    "precision": 0.9994539994539995,
                    "recall": 1.0,
                    "f1-score": 0.9997269251774986,
                    "support": 10983.0
                },
                "accuracy": 0.9998550444530344,
                "macro avg": {
                    "precision": 0.9997269997269997,
                    "recall": 0.999901344996547,
                    "f1-score": 0.9998141302201379,
                    "support": 41392.0
                },
                "weighted avg": {
                    "precision": 0.9998551235988422,
                    "recall": 0.9998550444530344,
                    "f1-score": 0.9998550570938891,
                    "support": 41392.0
                }
            },
            {
                "0": {
                    "precision": 1.0,
                    "recall": 0.9998026899930942,
                    "f1-score": 0.9999013352627771,
                    "support": 30409.0
                },
                "1": {
                    "precision": 0.9994539994539995,
                    "recall": 1.0,
                    "f1-score": 0.9997269251774986,
                    "support": 10983.0
                },
                "accuracy": 0.9998550444530344,
                "macro avg": {
                    "precision": 0.9997269997269997,
                    "recall": 0.999901344996547,
                    "f1-score": 0.9998141302201379,
                    "support": 41392.0
                },
                "weighted avg": {
                    "precision": 0.9998551235988422,
                    "recall": 0.9998550444530344,
                    "f1-score": 0.9998550570938891,
                    "support": 41392.0
                }
            },
            {
                "0": {
                    "precision": 1.0,
                    "recall": 0.9998026899930942,
                    "f1-score": 0.9999013352627771,
                    "support": 30409.0
                },
                "1": {
                    "precision": 0.9994539994539995,
                    "recall": 1.0,
                    "f1-score": 0.9997269251774986,
                    "support": 10983.0
                },
                "accuracy": 0.9998550444530344,
                "macro avg": {
                    "precision": 0.9997269997269997,
                    "recall": 0.999901344996547,
                    "f1-score": 0.9998141302201379,
                    "support": 41392.0
                },
                "weighted avg": {
                    "precision": 0.9998551235988422,
                    "recall": 0.9998550444530344,
                    "f1-score": 0.9998550570938891,
                    "support": 41392.0
                }
            },
            {
                "0": {
                    "precision": 0.3162251655629139,
                    "recall": 0.834061135371179,
                    "f1-score": 0.45858343337334934,
                    "support": 916.0
                },
                "1": {
                    "precision": 0.994727047146402,
                    "recall": 0.9459246878379707,
                    "f1-score": 0.9697122410925767,
                    "support": 30513.0
                },
                "2": {
                    "precision": 1.0,
                    "recall": 0.9997240871884484,
                    "f1-score": 0.9998620245596284,
                    "support": 10873.0
                },
                "accuracy": 0.957330622665595,
                "macro avg": {
                    "precision": 0.7703174042364386,
                    "recall": 0.9265699701325327,
                    "f1-score": 0.8093858996751848,
                    "support": 42302.0
                },
                "weighted avg": {
                    "precision": 0.9813902094755282,
                    "recall": 0.957330622665595,
                    "f1-score": 0.9663938307991259,
                    "support": 42302.0
                }
            },
            {
                "0": {
                    "precision": 0.3162251655629139,
                    "recall": 0.834061135371179,
                    "f1-score": 0.45858343337334934,
                    "support": 916.0
                },
                "1": {
                    "precision": 0.994727047146402,
                    "recall": 0.9459246878379707,
                    "f1-score": 0.9697122410925767,
                    "support": 30513.0
                },