{
    "AdvancedTabularClassifier": {
        "filter_sizes": [
            12000,
            8000,
            6000,
            4500,
            3500,
            1500,
            1000,
            300
        ],
        "training_time_seconds": [
            42.06966423988342,
            46.077919244766235,
            48.23467803001404,
            47.04950714111328,
            39.232091665267944,
            50.69293570518494,
            46.785576820373535,
            45.684229135513306
        ],
        "num_classes": [
            2,
            3,
            4,
            4,
            4,
            4,
            4,
            4
        ],
        "test_f1_macro": [
            0.7146790608329847,
            0.6078170100833064,
            0.4331357095009597,
            0.4499475299736826,
            0.4152166003364972,
            0.4488328522600402,
            0.4579459682045127,
            0.4316563425894972
        ],
        "test_f1_micro": [
            0.719897190923724,
            0.659783220376306,
            0.5422342682064577,
            0.5724723073297195,
            0.49314164506245584,
            0.5713410322884751,
            0.5576243224133868,
            0.5512844685364129
        ],
        "test_f1_weighted": [
            0.7240394385576665,
            0.6686483738961606,
            0.5787986058104096,
            0.6011323176997851,
            0.5388580967591611,
            0.6030421384004163,
            0.5929720895290116,
            0.5843388581827298
        ],
        "cv_class_weights": [
            0.24037775037320697,
            0.646728321415141,
            0.8718973997134357,
            0.8718973997134357,
            0.8718973997134357,
            0.8718973997134357,
            0.8718973997134357,
            0.8718973997134357
        ],
        "imbalance_ratio": [
            1.6254845993268863,
            10.114982116836668,
            15.160732046946489,
            15.160732046946489,
            15.160732046946489,
            15.160732046946489,
            15.160732046946489,
            15.160732046946489
        ],
        "total_training_samples": [
            123256,
            130785,
            135776,
            135776,
            135776,
            135776,
            135776,
            135776
        ],
        "entropy": [
            0.6644942900012158,
            0.8465637482123152,
            0.9745313681488466,
            0.9745313681488466,
            0.9745313681488466,
            0.9745313681488466,
            0.9745313681488466,
            0.9745313681488466
        ],
        "test_precision_macro": [
            0.716683607795778,
            0.5837404291019365,
            0.42785088220652806,
            0.4412610171703695,
            0.43121193757487564,
            0.44055686685932527,
            0.4568491788114265,
            0.42421070738154143
        ],
        "test_recall_macro": [
            0.7300535367533387,
            0.6635212782128355,
            0.5235739840461141,
            0.528344274957316,
            0.512494243477608,
            0.5290390313710893,
            0.5341598264832583,
            0.5190955880098781
        ],
        "classification_reports": [
            {
                "0": {
                    "precision": 0.6014314709966884,
                    "recall": 0.7719202029204086,
                    "f1-score": 0.6760935482902519,
                    "support": 14587.0
                },
                "1": {
                    "precision": 0.8319357445948676,
                    "recall": 0.6881868705862688,
                    "f1-score": 0.7532645733757175,
                    "support": 23931.0
                },
                "accuracy": 0.719897190923724,
                "macro avg": {
                    "precision": 0.716683607795778,
                    "recall": 0.7300535367533387,
                    "f1-score": 0.7146790608329847,
                    "support": 38518.0
                },
                "weighted avg": {
                    "precision": 0.7446423794415201,
                    "recall": 0.719897190923724,
                    "f1-score": 0.7240394385576665,
                    "support": 38518.0
                }
            },
            {
                "0": {
                    "precision": 0.5487024528972627,
                    "recall": 0.6312022900763359,
                    "f1-score": 0.587068145800317,
                    "support": 14672.0
                },
                "1": {
                    "precision": 0.39543537583726124,
                    "recall": 0.6844139115500215,
                    "f1-score": 0.5012578616352201,
                    "support": 2329.0
                },
                "2": {
                    "precision": 0.8070834585712855,
                    "recall": 0.6749476330121491,
                    "f1-score": 0.7351250228143822,
                    "support": 23870.0
                },
                "accuracy": 0.659783220376306,
                "macro avg": {
                    "precision": 0.5837404291019365,
                    "recall": 0.6635212782128355,
                    "f1-score": 0.6078170100833064,
                    "support": 40871.0
                },
                "weighted avg": {
                    "precision": 0.690871609095207,
                    "recall": 0.659783220376306,
                    "f1-score": 0.6686483738961606,
                    "support": 40871.0
                }
            },
            {
                "0": {
                    "precision": 0.515816754325787,
                    "recall": 0.4641289437585734,
                    "f1-score": 0.4886096971009784,
                    "support": 14580.0
                },
                "1": {
                    "precision": 0.08878990348923534,
                    "recall": 0.3952412425644415,
                    "f1-score": 0.14500484966052377,
                    "support": 1513.0
                },
                "2": {
                    "precision": 0.31491359078301684,
                    "recall": 0.6459518599562363,
                    "f1-score": 0.423407917383821,
                    "support": 2285.0
                },
                "3": {
                    "precision": 0.7918832802280731,
                    "recall": 0.5889738899052054,
                    "f1-score": 0.6755203738585155,
                    "support": 24052.0
                },
                "accuracy": 0.5422342682064577,
                "macro avg": {
                    "precision": 0.42785088220652806,
                    "recall": 0.5235739840461141,
                    "f1-score": 0.4331357095009597,
                    "support": 42430.0
                },
                "weighted avg": {
                    "precision": 0.6462621167342445,
                    "recall": 0.5422342682064577,
                    "f1-score": 0.5787986058104096,
                    "support": 42430.0
                }
            },
            {
                "0": {
                    "precision": 0.5391935887803656,
                    "recall": 0.4430041152263374,
                    "f1-score": 0.48638879475883884,
                    "support": 14580.0
                },
                "1": {
                    "precision": 0.10386473429951691,
                    "recall": 0.426305353602115,
                    "f1-score": 0.16703353619059952,
                    "support": 1513.0
                },
                "2": {
                    "precision": 0.34282051282051285,
                    "recall": 0.5851203501094092,
                    "f1-score": 0.4323362974939369,
                    "support": 2285.0
                },
                "3": {
                    "precision": 0.7791652327810825,
                    "recall": 0.658947280891402,
                    "f1-score": 0.7140314914513549,