{
    "AdvancedTabularClassifier": {
        "filter_sizes": [
            12000,
            8000,
            6000,
            4500,
            3500,
            1500,
            1000,
            300
        ],
        "training_time_seconds": [
            78.95625114440918,
            95.35643410682678,
            271.89478945732117,
            39.33498239517212,
            51.30265498161316,
            43.58092141151428,
            44.22732877731323,
            46.72067427635193
        ],
        "num_classes": [
            2,
            2,
            2,
            3,
            3,
            3,
            3,
            4
        ],
        "test_f1_macro": [
            0.9998441658421955,
            0.999875314244733,
            0.9998441566292051,
            0.730375943564328,
            0.7847604280363147,
            0.7662639372575932,
            0.7530434940470205,
            0.5867580478054093
        ],
        "test_f1_micro": [
            0.999879203710862,
            0.9999033629686896,
            0.999879203710862,
            0.8946858304571887,
            0.9424140702567254,
            0.928466739161269,
            0.9168597229445417,
            0.8787414565166156
        ],
        "test_f1_weighted": [
            0.9998792054960493,
            0.9999033572537906,
            0.9998792019253874,
            0.9261532920653037,
            0.956868352497945,
            0.9478921726109245,
            0.9408965725682942,
            0.9141921215796609
        ],
        "cv_class_weights": [
            0.4688420130762378,
            0.4688420130762378,
            0.4688420130762378,
            0.8670174433718976,
            0.8670174433718976,
            0.8670174433718976,
            0.8670174433718976,
            1.1512368231011856
        ],
        "imbalance_ratio": [
            2.7576668841669267,
            2.7576668841669267,
            2.7576668841669267,
            33.36020583190395,
            33.36020583190395,
            33.36020583190395,
            33.36020583190395,
            235.11352657004832
        ],
        "total_training_samples": [
            132454,
            132454,
            132454,
            135364,
            135364,
            135364,
            135364,
            135776
        ],
        "entropy": [
            0.5793640140080556,
            0.5793640140080556,
            0.5793640140080556,
            0.6705127663073001,
            0.6705127663073001,
            0.6705127663073001,
            0.6705127663073001,
            0.6877410771768522
        ],
        "test_precision_macro": [
            0.9998293931441569,
            0.999934456315134,
            0.9998589340851941,
            0.7156657551583443,
            0.7502521084581254,
            0.7380805201826811,
            0.73045788545701,
            0.5619102270292302
        ],
        "test_recall_macro": [
            0.9998589409192776,
            0.9998162102554677,
            0.99982938155263,
            0.9224729570093392,
            0.9329565156244525,
            0.9318463436750686,
            0.9319046814435278,
            0.8787754831054939
        ],
        "classification_reports": [
            {
                "0": {
                    "precision": 0.9999344455734374,
                    "recall": 0.9999016715830875,
                    "f1-score": 0.9999180583097068,
                    "support": 30510.0
                },
                "1": {
                    "precision": 0.9997243407148764,
                    "recall": 0.9998162102554677,
                    "f1-score": 0.9997702733746842,
                    "support": 10882.0
                },
                "accuracy": 0.999879203710862,
                "macro avg": {
                    "precision": 0.9998293931441569,
                    "recall": 0.9998589409192776,
                    "f1-score": 0.9998441658421955,
                    "support": 41392.0
                },
                "weighted avg": {
                    "precision": 0.9998792087868394,
                    "recall": 0.999879203710862,
                    "f1-score": 0.9998792054960493,
                    "support": 41392.0
                }
            },
            {
                "0": {
                    "precision": 0.9998689126302681,
                    "recall": 1.0,
                    "f1-score": 0.9999344520188779,
                    "support": 30510.0
                },
                "1": {
                    "precision": 1.0,
                    "recall": 0.9996324205109355,
                    "f1-score": 0.9998161764705882,
                    "support": 10882.0
                },
                "accuracy": 0.9999033629686896,
                "macro avg": {
                    "precision": 0.999934456315134,
                    "recall": 0.9998162102554677,
                    "f1-score": 0.999875314244733,
                    "support": 41392.0
                },
                "weighted avg": {
                    "precision": 0.9999033756365839,
                    "recall": 0.9999033629686896,
                    "f1-score": 0.9999033572537906,
                    "support": 41392.0
                }
            },
            {
                "0": {
                    "precision": 0.9999016748058077,
                    "recall": 0.9999344477220583,
                    "f1-score": 0.999918060995395,
                    "support": 30510.0
                },
                "1": {
                    "precision": 0.9998161933645805,
                    "recall": 0.9997243153832016,
                    "f1-score": 0.9997702522630152,
                    "support": 10882.0
                },
                "accuracy": 0.999879203710862,
                "macro avg": {
                    "precision": 0.9998589340851941,
                    "recall": 0.99982938155263,
                    "f1-score": 0.9998441566292051,
                    "support": 41392.0
                },
                "weighted avg": {
                    "precision": 0.9998792016456938,
                    "recall": 0.999879203710862,
                    "f1-score": 0.9998792019253874,
                    "support": 41392.0
                }
            },
            {
                "0": {
                    "precision": 0.1634310618066561,
                    "recall": 0.9126106194690266,
                    "f1-score": 0.2772177419354839,
                    "support": 904.0
                },
                "1": {
                    "precision": 0.9966788822721027,
                    "recall": 0.8571850684526741,
                    "f1-score": 0.9216838760921366,
                    "support": 30459.0
                },
                "2": {
                    "precision": 0.9868873213962742,
                    "recall": 0.9976231831063168,
                    "f1-score": 0.9922262126653635,
                    "support": 10939.0
                },
                "accuracy": 0.8946858304571887,
                "macro avg": {
                    "precision": 0.7156657551583443,
                    "recall": 0.9224729570093392,
                    "f1-score": 0.730375943564328,
                    "support": 42302.0
                },
                "weighted avg": {
                    "precision": 0.9763402241915994,
                    "recall": 0.8946858304571887,
                    "f1-score": 0.9261532920653037,
                    "support": 42302.0
                }
            },
            {
                "0": {
                    "precision": 0.25689263704184234,
                    "recall": 0.8761061946902655,
                    "f1-score": 0.3972911963882618,
                    "support": 904.0
                },
                "1": {
                    "precision": 0.9955088761581441,
                    "recall": 0.9242260087330509,