{
    "AdvancedTabularClassifier": {
        "filter_sizes": [
            12000,
            8000,
            6000,
            4500,
            3500,
            1500,
            1000,
            300
        ],
        "training_time_seconds": [
            41.66715407371521,
            50.03555393218994,
            50.793434381484985,
            51.69230890274048,
            47.28427696228027,
            44.08764290809631,
            47.11894965171814,
            43.398996114730835
        ],
        "num_classes": [
            2,
            3,
            4,
            4,
            4,
            4,
            4,
            4
        ],
        "test_f1_macro": [
            0.714852226723214,
            0.6331216603704327,
            0.44755563979890467,
            0.4525555397176867,
            0.4474305960877028,
            0.4703899163102321,
            0.46339106066499913,
            0.45017196227779344
        ],
        "test_f1_micro": [
            0.7240770548834311,
            0.6861588901666218,
            0.567617251944379,
            0.5530285175583314,
            0.5900306386990337,
            0.5884515672872968,
            0.5783879330662267,
            0.5734621729908084
        ],
        "test_f1_weighted": [
            0.7272940272903429,
            0.6911123363301919,
            0.6003998863070831,
            0.5935130801918961,
            0.6076445132477538,
            0.6150760340978599,
            0.60549636498373,
            0.6023397007763097
        ],
        "cv_class_weights": [
            0.23904718634386968,
            0.6471474488662129,
            0.8719895522931513,
            0.8719895522931513,
            0.8719895522931513,
            0.8719895522931513,
            0.8719895522931513,
            0.8719895522931513
        ],
        "imbalance_ratio": [
            1.6254845993268863,
            10.114982116836668,
            15.160732046946489,
            15.160732046946489,
            15.160732046946489,
            15.160732046946489,
            15.160732046946489,
            15.160732046946489
        ],
        "total_training_samples": [
            123256,
            130785,
            135776,
            135776,
            135776,
            135776,
            135776,
            135776
        ],
        "entropy": [
            0.9583777987112466,
            0.7702536072196589,
            0.7013485843435074,
            0.7013485843435074,
            0.7013485843435074,
            0.7013485843435074,
            0.7013485843435074,
            0.7013485843435074
        ],
        "test_precision_macro": [
            0.7127885170815573,
            0.6169657217300258,
            0.43889670014125726,
            0.45682035362000273,
            0.43519279148324985,
            0.4614340160805753,
            0.45131415657934193,
            0.44122142493064037
        ],
        "test_recall_macro": [
            0.722991476686603,
            0.6576223602741305,
            0.5235277129488652,
            0.5287311834470212,
            0.5275854654916969,
            0.5257168031934403,
            0.537771402569956,
            0.5266695735795167
        ],
        "classification_reports": [
            {
                "0": {
                    "precision": 0.6164206316532377,
                    "recall": 0.7185164872831974,
                    "f1-score": 0.6635644191199747,
                    "support": 14587.0
                },
                "1": {
                    "precision": 0.8091564025098769,
                    "recall": 0.7274664660900088,
                    "f1-score": 0.7661400343264534,
                    "support": 23931.0
                },
                "accuracy": 0.7240770548834311,
                "macro avg": {
                    "precision": 0.7127885170815573,
                    "recall": 0.722991476686603,
                    "f1-score": 0.714852226723214,
                    "support": 38518.0
                },
                "weighted avg": {
                    "precision": 0.7361661982031684,
                    "recall": 0.7240770548834311,
                    "f1-score": 0.7272940272903429,
                    "support": 38518.0
                }
            },
            {
                "0": {
                    "precision": 0.5785865938732181,
                    "recall": 0.6500817884405671,
                    "f1-score": 0.6122540681066855,
                    "support": 14672.0
                },
                "1": {
                    "precision": 0.47368421052631576,
                    "recall": 0.6066981537140403,
                    "f1-score": 0.5320030120481928,
                    "support": 2329.0
                },
                "2": {
                    "precision": 0.7986263607905434,
                    "recall": 0.7160871386677838,
                    "f1-score": 0.7551079009564199,
                    "support": 23870.0
                },
                "accuracy": 0.6861588901666218,
                "macro avg": {
                    "precision": 0.6169657217300258,
                    "recall": 0.6576223602741305,
                    "f1-score": 0.6331216603704327,
                    "support": 40871.0
                },
                "weighted avg": {
                    "precision": 0.7011192352448903,
                    "recall": 0.6861588901666218,
                    "f1-score": 0.6911123363301919,
                    "support": 40871.0
                }
            },
            {
                "0": {
                    "precision": 0.5303928325292901,
                    "recall": 0.527846364883402,
                    "f1-score": 0.5291165348917154,
                    "support": 14580.0
                },
                "1": {
                    "precision": 0.09536307961504811,
                    "recall": 0.3602115003304693,
                    "f1-score": 0.15080243497509685,
                    "support": 1513.0
                },
                "2": {
                    "precision": 0.3233504913430042,
                    "recall": 0.6048140043763676,
                    "f1-score": 0.421405702088733,
                    "support": 2285.0
                },
                "3": {
                    "precision": 0.8064803970776867,
                    "recall": 0.601238982205222,
                    "f1-score": 0.6888978872400734,
                    "support": 24052.0
                },
                "accuracy": 0.567617251944379,
                "macro avg": {
                    "precision": 0.43889670014125726,
                    "recall": 0.5235277129488652,
                    "f1-score": 0.44755563979890467,
                    "support": 42430.0
                },
                "weighted avg": {
                    "precision": 0.6602341320048528,
                    "recall": 0.567617251944379,
                    "f1-score": 0.6003998863070831,
                    "support": 42430.0
                }
            },
            {
                "0": {
                    "precision": 0.518464243845252,
                    "recall": 0.4853223593964335,
                    "f1-score": 0.5013461810967833,
                    "support": 14580.0
                },
                "1": {
                    "precision": 0.09278350515463918,
                    "recall": 0.48777263714474556,
                    "f1-score": 0.1559100031689025,
                    "support": 1513.0
                },
                "2": {
                    "precision": 0.4048318641854391,
                    "recall": 0.5426695842450766,
                    "f1-score": 0.4637247569184742,
                    "support": 2285.0
                },
                "3": {
                    "precision": 0.8112018012946806,
                    "recall": 0.5991601530018293,
                    "f1-score": 0.6892412176865867,