{
    "TabNet": {
        "filter_sizes": [
            12000,
            8000,
            6000,
            4500,
            3500,
            1500,
            1000,
            300
        ],
        "training_time_seconds": [
            565.9722015857697,
            533.6105287075043,
            567.0435883998871,
            551.9826467037201,
            485.5645043849945,
            1347.9063911437988,
            1289.2705204486847,
            1484.3161945343018
        ],
        "num_classes": [
            2,
            2,
            2,
            2,
            4,
            5,
            5,
            5
        ],
        "test_f1_macro": [
            0.8549324617847445,
            0.8549324617847445,
            0.8549324617847445,
            0.8549324617847445,
            0.6110412587962197,
            0.5332035182183236,
            0.5332035182183236,
            0.5332035182183236
        ],
        "test_f1_micro": [
            0.9366242352476811,
            0.9366242352476811,
            0.9366242352476811,
            0.9366242352476811,
            0.9014726840855107,
            0.9079896299787886,
            0.9079896299787886,
            0.9079896299787886
        ],
        "test_f1_weighted": [
            0.942970192073774,
            0.942970192073774,
            0.942970192073774,
            0.942970192073774,
            0.9133020876616557,
            0.917473657597141,
            0.917473657597141,
            0.917473657597141
        ],
        "cv_class_weights": [
            0.8077924847602844,
            0.8077924847602844,
            0.8077924847602844,
            0.8077924847602844,
            0.8082215785980225,
            0.8952605724334717,
            0.8952605724334717,
            0.8952605724334717
        ],
        "total_training_samples": [
            129714,
            129714,
            129714,
            129714,
            134718,
            135776,
            135776,
            135776
        ],
        "imbalance_ratio": [
            9.405422749879673,
            9.405422749879673,
            9.405422749879673,
            9.405422749879673,
            47.2953995157385,
            109.1266294227188,
            109.1266294227188,
            109.1266294227188
        ],
        "entropy": [
            0.31643667465474823,
            0.31643667465474823,
            0.31643667465474823,
            0.31643667465474823,
            0.4902316189401786,
            0.5318971440935818,
            0.5318971440935818,
            0.5318971440935818
        ],
        "test_precision_macro": [
            0.8009022133103658,
            0.8009022133103658,
            0.8009022133103658,
            0.8009022133103658,
            0.5632397655179998,
            0.49074219037547495,
            0.49074219037547495,
            0.49074219037547495
        ],
        "test_recall_macro": [
            0.953082228047359,
            0.953082228047359,
            0.953082228047359,
            0.953082228047359,
            0.7036746714044675,
            0.6093653745168466,
            0.6093653745168466,
            0.6093653745168466
        ],
        "classification_reports": [
            {
                "0": {
                    "precision": 0.6048076923076923,
                    "recall": 0.97343306680423,
                    "f1-score": 0.746070969655036,
                    "support": 3877.0
                },
                "1": {
                    "precision": 0.9969967343130394,
                    "recall": 0.932731389290488,
                    "f1-score": 0.9637939539144528,
                    "support": 36659.0
                },
                "accuracy": 0.9366242352476811,
                "macro avg": {
                    "precision": 0.8009022133103658,
                    "recall": 0.953082228047359,
                    "f1-score": 0.8549324617847445,
                    "support": 40536.0
                },
                "weighted avg": {
                    "precision": 0.9594864492366942,
                    "recall": 0.9366242352476811,
                    "f1-score": 0.942970192073774,
                    "support": 40536.0
                }
            },
            {
                "0": {
                    "precision": 0.6048076923076923,
                    "recall": 0.97343306680423,
                    "f1-score": 0.746070969655036,
                    "support": 3877.0
                },
                "1": {
                    "precision": 0.9969967343130394,
                    "recall": 0.932731389290488,
                    "f1-score": 0.9637939539144528,
                    "support": 36659.0
                },
                "accuracy": 0.9366242352476811,
                "macro avg": {
                    "precision": 0.8009022133103658,
                    "recall": 0.953082228047359,
                    "f1-score": 0.8549324617847445,
                    "support": 40536.0
                },
                "weighted avg": {
                    "precision": 0.9594864492366942,
                    "recall": 0.9366242352476811,
                    "f1-score": 0.942970192073774,
                    "support": 40536.0
                }
            },
            {
                "0": {
                    "precision": 0.6048076923076923,
                    "recall": 0.97343306680423,
                    "f1-score": 0.746070969655036,
                    "support": 3877.0
                },
                "1": {
                    "precision": 0.9969967343130394,
                    "recall": 0.932731389290488,
                    "f1-score": 0.9637939539144528,
                    "support": 36659.0
                },
                "accuracy": 0.9366242352476811,
                "macro avg": {
                    "precision": 0.8009022133103658,
                    "recall": 0.953082228047359,
                    "f1-score": 0.8549324617847445,
                    "support": 40536.0
                },
                "weighted avg": {
                    "precision": 0.9594864492366942,
                    "recall": 0.9366242352476811,
                    "f1-score": 0.942970192073774,
                    "support": 40536.0
                }
            },
            {
                "0": {
                    "precision": 0.6048076923076923,
                    "recall": 0.97343306680423,
                    "f1-score": 0.746070969655036,
                    "support": 3877.0
                },
                "1": {
                    "precision": 0.9969967343130394,
                    "recall": 0.932731389290488,
                    "f1-score": 0.9637939539144528,
                    "support": 36659.0
                },
                "accuracy": 0.9366242352476811,
                "macro avg": {
                    "precision": 0.8009022133103658,
                    "recall": 0.953082228047359,
                    "f1-score": 0.8549324617847445,
                    "support": 40536.0
                },
                "weighted avg": {
                    "precision": 0.9594864492366942,
                    "recall": 0.9366242352476811,
                    "f1-score": 0.942970192073774,
                    "support": 40536.0
                }
            },
            {
                "0": {
                    "precision": 0.6751027471338957,
                    "recall": 0.8133958821996351,
                    "f1-score": 0.7378250591016549,
                    "support": 3837.0
                },
                "1": {
                    "precision": 0.984280917091246,
                    "recall": 0.9259027286095528,
                    "f1-score": 0.954199758650689,
                    "support": 36722.0
                },
                "2": {
                    "precision": 0.3459715639810427,
                    "recall": 0.4815303430079156,