{
    "TabNet": {
        "filter_sizes": [
            12000,
            8000,
            6000,
            4500,
            3500,
            1500,
            1000,
            300
        ],
        "training_time_seconds": [
            2346.7641685009003,
            1814.99831366539,
            3493.783090353012,
            3104.317831516266,
            2648.0207941532135,
            2593.2652411460876,
            2580.268808364868,
            2512.555383682251
        ],
        "num_classes": [
            2,
            3,
            4,
            4,
            4,
            4,
            4,
            4
        ],
        "test_f1_macro": [
            0.7022820182870635,
            0.6268450679317462,
            0.48860699956203124,
            0.48860699956203124,
            0.48860699956203124,
            0.48860699956203124,
            0.48860699956203124,
            0.48860699956203124
        ],
        "test_f1_micro": [
            0.740121501635599,
            0.7072741063345649,
            0.6975960405373557,
            0.6975960405373557,
            0.6975960405373557,
            0.6975960405373557,
            0.6975960405373557,
            0.6975960405373557
        ],
        "test_f1_weighted": [
            0.7275726371461415,
            0.6935446906984452,
            0.6790909406879599,
            0.6790909406879599,
            0.6790909406879599,
            0.6790909406879599,
            0.6790909406879599,
            0.6790909406879599
        ],
        "cv_class_weights": [
            0.0,
            0.0,
            0.0,
            0.0,
            0.0,
            0.0,
            0.0,
            0.0
        ],
        "total_training_samples": [
            123256,
            130785,
            135776,
            135776,
            135776,
            135776,
            135776,
            135776
        ],
        "imbalance_ratio": [
            1.6291808873720137,
            10.217542452199492,
            15.242267012572341,
            15.242267012572341,
            15.242267012572341,
            15.242267012572341,
            15.242267012572341,
            15.242267012572341
        ],
        "entropy": [
            0.6642335469637037,
            0.8453635788940179,
            0.973417682566608,
            0.973417682566608,
            0.973417682566608,
            0.973417682566608,
            0.973417682566608,
            0.973417682566608
        ],
        "test_precision_macro": [
            0.7369688989595211,
            0.7258764726072678,
            0.6973392715879969,
            0.6973392715879969,
            0.6973392715879969,
            0.6973392715879969,
            0.6973392715879969,
            0.6973392715879969
        ],
        "test_recall_macro": [
            0.6946108356789089,
            0.5859154428184666,
            0.46768645452394064,
            0.46768645452394064,
            0.46768645452394064,
            0.46768645452394064,
            0.46768645452394064,
            0.46768645452394064
        ],
        "classification_reports": [
            {
                "0": {
                    "precision": 0.730328192961645,
                    "recall": 0.5036128152692569,
                    "f1-score": 0.5961429839425482,
                    "support": 14670.0
                },
                "1": {
                    "precision": 0.7436096049573974,
                    "recall": 0.8856088560885609,
                    "f1-score": 0.8084210526315789,
                    "support": 23848.0
                },
                "accuracy": 0.740121501635599,
                "macro avg": {
                    "precision": 0.7369688989595211,
                    "recall": 0.6946108356789089,
                    "f1-score": 0.7022820182870635,
                    "support": 38518.0
                },
                "weighted avg": {
                    "precision": 0.7385512344818357,
                    "recall": 0.740121501635599,
                    "f1-score": 0.7275726371461415,
                    "support": 38518.0
                }
            },
            {
                "0": {
                    "precision": 0.6371892082525128,
                    "recall": 0.4930077085749369,
                    "f1-score": 0.555901696088612,
                    "support": 14659.0
                },
                "1": {
                    "precision": 0.8093617021276596,
                    "recall": 0.39362582781456956,
                    "f1-score": 0.529657477025898,
                    "support": 2416.0
                },
                "2": {
                    "precision": 0.7310785074416308,
                    "recall": 0.8711127920658934,
                    "f1-score": 0.7949760306807286,
                    "support": 23796.0
                },
                "accuracy": 0.7072741063345649,
                "macro avg": {
                    "precision": 0.7258764726072678,
                    "recall": 0.5859154428184666,
                    "f1-score": 0.6268450679317462,
                    "support": 40871.0
                },
                "weighted avg": {
                    "precision": 0.7020312358198981,
                    "recall": 0.7072741063345649,
                    "f1-score": 0.6935446906984452,
                    "support": 40871.0
                }
            },
            {
                "0": {
                    "precision": 0.6092511013215859,
                    "recall": 0.562805208898535,
                    "f1-score": 0.5851078832322663,
                    "support": 14744.0
                },
                "1": {
                    "precision": 0.7441860465116279,
                    "recall": 0.020874103065883887,
                    "f1-score": 0.04060913705583756,
                    "support": 1533.0
                },
                "2": {
                    "precision": 0.6941580756013745,
                    "recall": 0.43741879601559114,
                    "f1-score": 0.536663124335813,
                    "support": 2309.0
                },
                "3": {
                    "precision": 0.741761862917399,
                    "recall": 0.8496477101157524,
                    "f1-score": 0.7920478536242083,
                    "support": 23844.0
                },
                "accuracy": 0.6975960405373557,
                "macro avg": {
                    "precision": 0.6973392715879969,
                    "recall": 0.46768645452394064,
                    "f1-score": 0.48860699956203124,
                    "support": 42430.0
                },
                "weighted avg": {
                    "precision": 0.6932127339890131,
                    "recall": 0.6975960405373557,
                    "f1-score": 0.6790909406879599,
                    "support": 42430.0
                }
            },
            {
                "0": {
                    "precision": 0.6092511013215859,
                    "recall": 0.562805208898535,
                    "f1-score": 0.5851078832322663,
                    "support": 14744.0
                },
                "1": {
                    "precision": 0.7441860465116279,
                    "recall": 0.020874103065883887,
                    "f1-score": 0.04060913705583756,
                    "support": 1533.0
                },
                "2": {
                    "precision": 0.6941580756013745,
                    "recall": 0.43741879601559114,
                    "f1-score": 0.536663124335813,
                    "support": 2309.0
                },
                "3": {
                    "precision": 0.741761862917399,
                    "recall": 0.8496477101157524,
                    "f1-score": 0.7920478536242083,
                    "support": 23844.0
                },
                "accuracy": 0.6975960405373557,