{
    "AdvancedTabularClassifier": {
        "filter_sizes": [
            12000,
            8000,
            6000,
            4500,
            3500,
            1500,
            1000,
            300
        ],
        "training_time_seconds": [
            41.72647404670715,
            63.43773126602173,
            49.412991762161255,
            49.20427393913269,
            67.69492888450623,
            53.9032940864563,
            50.91684317588806,
            50.59572172164917
        ],
        "num_classes": [
            2,
            3,
            4,
            4,
            4,
            4,
            4,
            4
        ],
        "test_f1_macro": [
            0.711067006664577,
            0.5802128665709846,
            0.41254190847622907,
            0.43452330567029196,
            0.443899321421385,
            0.4501528270445639,
            0.4214438702085946,
            0.4413428080209203
        ],
        "test_f1_micro": [
            0.7162884884988836,
            0.6463017787673412,
            0.518241810040066,
            0.5161206693377327,
            0.5378270091916098,
            0.5679000707046901,
            0.5391232618430356,
            0.5457695027103464
        ],
        "test_f1_weighted": [
            0.7204894721454116,
            0.6580539080263387,
            0.5588570069548243,
            0.5558240718939867,
            0.582686230864494,
            0.5994183017710836,
            0.5804132663263233,
            0.5839810061154994
        ],
        "cv_class_weights": [
            0.23823589086532593,
            0.9784849882125854,
            0.8526409268379211,
            0.8526409268379211,
            0.8526409268379211,
            0.8526409268379211,
            0.8526409268379211,
            0.8526409268379211
        ],
        "imbalance_ratio": [
            1.6254845993268863,
            10.114982116836668,
            15.160732046946489,
            15.160732046946489,
            15.160732046946489,
            15.160732046946489,
            15.160732046946489,
            15.160732046946489
        ],
        "total_training_samples": [
            123256,
            130785,
            135776,
            135776,
            135776,
            135776,
            135776,
            135776
        ],
        "entropy": [
            0.6644942900012158,
            0.8465637482123152,
            0.9745313681488466,
            0.9745313681488466,
            0.9745313681488466,
            0.9745313681488466,
            0.9745313681488466,
            0.9745313681488466
        ],
        "test_precision_macro": [
            0.7132488848162573,
            0.556680808772743,
            0.41500572979982087,
            0.4438550856243232,
            0.45199570667760486,
            0.43812727649409117,
            0.42825719537624846,
            0.4377315260966314
        ],
        "test_recall_macro": [
            0.7264266344085262,
            0.664876653376432,
            0.5276443122767633,
            0.5339421943238024,
            0.5285325805258332,
            0.5421321730414559,
            0.5207152101164471,
            0.5332015370242247
        ],
        "classification_reports": [
            {
                "0": {
                    "precision": 0.5975577240974778,
                    "recall": 0.7682182765476109,
                    "f1-score": 0.6722255548890222,
                    "support": 14587.0
                },
                "1": {
                    "precision": 0.8289400455350366,
                    "recall": 0.6846349922694414,
                    "f1-score": 0.7499084584401318,
                    "support": 23931.0
                },
                "accuracy": 0.7162884884988836,
                "macro avg": {
                    "precision": 0.7132488848162573,
                    "recall": 0.7264266344085262,
                    "f1-score": 0.711067006664577,
                    "support": 38518.0
                },
                "weighted avg": {
                    "precision": 0.741314158344381,
                    "recall": 0.7162884884988836,
                    "f1-score": 0.7204894721454116,
                    "support": 38518.0
                }
            },
            {
                "0": {
                    "precision": 0.5566512513601741,
                    "recall": 0.5578653217011995,
                    "f1-score": 0.5572576252723311,
                    "support": 14672.0
                },
                "1": {
                    "precision": 0.31438914027149323,
                    "recall": 0.7458136539287248,
                    "f1-score": 0.4423223834988541,
                    "support": 2329.0
                },
                "2": {
                    "precision": 0.7990020346865614,
                    "recall": 0.6909509844993716,
                    "f1-score": 0.7410585909417685,
                    "support": 23870.0
                },
                "accuracy": 0.6463017787673412,
                "macro avg": {
                    "precision": 0.556680808772743,
                    "recall": 0.664876653376432,
                    "f1-score": 0.5802128665709846,
                    "support": 40871.0
                },
                "weighted avg": {
                    "precision": 0.6843869255857944,
                    "recall": 0.6463017787673412,
                    "f1-score": 0.6580539080263387,
                    "support": 40871.0
                }
            },
            {
                "0": {
                    "precision": 0.4813992226540811,
                    "recall": 0.4757201646090535,
                    "f1-score": 0.4785428453153029,
                    "support": 14580.0
                },
                "1": {
                    "precision": 0.09375,
                    "recall": 0.3688037012557832,
                    "f1-score": 0.14949765572672472,
                    "support": 1513.0
                },
                "2": {
                    "precision": 0.24833209785025945,
                    "recall": 0.7330415754923414,
                    "f1-score": 0.3709856035437431,
                    "support": 2285.0
                },
                "3": {
                    "precision": 0.8365415986949429,
                    "recall": 0.5330118077498752,
                    "f1-score": 0.6511415293191457,
                    "support": 24052.0
                },
                "accuracy": 0.518241810040066,
                "macro avg": {
                    "precision": 0.41500572979982087,
                    "recall": 0.5276443122767633,
                    "f1-score": 0.41254190847622907,
                    "support": 42430.0
                },
                "weighted avg": {
                    "precision": 0.6563417815624585,
                    "recall": 0.518241810040066,
                    "f1-score": 0.5588570069548243,
                    "support": 42430.0
                }
            },
            {
                "0": {
                    "precision": 0.4893554284366338,
                    "recall": 0.5691358024691358,
                    "f1-score": 0.5262390208326727,
                    "support": 14580.0
                },
                "1": {
                    "precision": 0.08815214597789771,
                    "recall": 0.4534038334434898,
                    "f1-score": 0.1476062399139322,
                    "support": 1513.0
                },
                "2": {
                    "precision": 0.3542731921110299,
                    "recall": 0.6367614879649891,
                    "f1-score": 0.45525657071339176,
                    "support": 2285.0
                },
                "3": {
                    "precision": 0.8436395759717314,
                    "recall": 0.4764676534175952,
                    "f1-score": 0.6089913912211712,