{
    "TabNet": {
        "filter_sizes": [
            12000,
            8000,
            6000,
            4500,
            3500,
            1500,
            1000,
            300
        ],
        "training_time_seconds": [
            1829.5417289733887,
            1091.3183269500732,
            1048.240911245346,
            1026.8186197280884,
            1034.055638551712,
            1023.9149444103241,
            975.0703775882721,
            1031.0703592300415
        ],
        "num_classes": [
            2,
            3,
            4,
            4,
            4,
            4,
            4,
            4
        ],
        "test_f1_macro": [
            0.7228495887755995,
            0.607478109049993,
            0.4600034548566275,
            0.4600034548566275,
            0.4600034548566275,
            0.4600034548566275,
            0.4600034548566275,
            0.4600034548566275
        ],
        "test_f1_micro": [
            0.7361752946674283,
            0.6716987595116342,
            0.5808390289889229,
            0.5808390289889229,
            0.5808390289889229,
            0.5808390289889229,
            0.5808390289889229,
            0.5808390289889229
        ],
        "test_f1_weighted": [
            0.7370809251649312,
            0.679692783595289,
            0.6114697556162949,
            0.6114697556162949,
            0.6114697556162949,
            0.6114697556162949,
            0.6114697556162949,
            0.6114697556162949
        ],
        "cv_class_weights": [
            0.2403290718793869,
            0.9791355729103088,
            0.8548955917358398,
            0.8548955917358398,
            0.8548955917358398,
            0.8548955917358398,
            0.8548955917358398,
            0.8548955917358398
        ],
        "total_training_samples": [
            123256,
            130785,
            135776,
            135776,
            135776,
            135776,
            135776,
            135776
        ],
        "imbalance_ratio": [
            1.632718884166008,
            10.112717146267073,
            15.303188289552837,
            15.303188289552837,
            15.303188289552837,
            15.303188289552837,
            15.303188289552837,
            15.303188289552837
        ],
        "entropy": [
            0.6639835209963378,
            0.8468161983300266,
            0.973486660142717,
            0.973486660142717,
            0.973486660142717,
            0.973486660142717,
            0.973486660142717,
            0.973486660142717
        ],
        "test_precision_macro": [
            0.7214972407691771,
            0.5814390933680493,
            0.4513560431450686,
            0.4513560431450686,
            0.4513560431450686,
            0.4513560431450686,
            0.4513560431450686,
            0.4513560431450686
        ],
        "test_recall_macro": [
            0.7245603169893687,
            0.6693931580901872,
            0.526983661516987,
            0.526983661516987,
            0.526983661516987,
            0.526983661516987,
            0.526983661516987,
            0.526983661516987
        ],
        "classification_reports": [
            {
                "0": {
                    "precision": 0.6496769562096195,
                    "recall": 0.6749610143060546,
                    "f1-score": 0.6620776802341048,
                    "support": 14749.0
                },
                "1": {
                    "precision": 0.7933175253287347,
                    "recall": 0.7741596196726829,
                    "f1-score": 0.783621497317094,
                    "support": 23769.0
                },
                "accuracy": 0.7361752946674283,
                "macro avg": {
                    "precision": 0.7214972407691771,
                    "recall": 0.7245603169893687,
                    "f1-score": 0.7228495887755995,
                    "support": 38518.0
                },
                "weighted avg": {
                    "precision": 0.7383158441942566,
                    "recall": 0.7361752946674283,
                    "f1-score": 0.7370809251649312,
                    "support": 38518.0
                }
            },
            {
                "0": {
                    "precision": 0.568338578986138,
                    "recall": 0.5837402847513584,
                    "f1-score": 0.5759364820846905,
                    "support": 14539.0
                },
                "1": {
                    "precision": 0.37029524453459545,
                    "recall": 0.7024369388627618,
                    "f1-score": 0.4849468713105077,
                    "support": 2339.0
                },
                "2": {
                    "precision": 0.8056834565834147,
                    "recall": 0.7220022506564414,
                    "f1-score": 0.7615509737547809,
                    "support": 23993.0
                },
                "accuracy": 0.6716987595116342,
                "macro avg": {
                    "precision": 0.5814390933680493,
                    "recall": 0.6693931580901872,
                    "f1-score": 0.607478109049993,
                    "support": 40871.0
                },
                "weighted avg": {
                    "precision": 0.6963362372012368,
                    "recall": 0.6716987595116342,
                    "f1-score": 0.679692783595289,
                    "support": 40871.0
                }
            },
            {
                "0": {
                    "precision": 0.534291216116131,
                    "recall": 0.4921208813698069,
                    "f1-score": 0.5123397606619083,
                    "support": 14659.0
                },
                "1": {
                    "precision": 0.09928249624561988,
                    "recall": 0.38067818298144596,
                    "f1-score": 0.15749073583906828,
                    "support": 1563.0
                },
                "2": {
                    "precision": 0.36885471024443833,
                    "recall": 0.5874890638670166,
                    "f1-score": 0.45318036105955795,
                    "support": 2286.0
                },
                "3": {
                    "precision": 0.8029957499740852,
                    "recall": 0.6476465178496781,
                    "f1-score": 0.7170029618659756,
                    "support": 23922.0
                },
                "accuracy": 0.5808390289889229,
                "macro avg": {
                    "precision": 0.4513560431450686,
                    "recall": 0.526983661516987,
                    "f1-score": 0.4600034548566275,
                    "support": 42430.0
                },
                "weighted avg": {
                    "precision": 0.6608489200371699,
                    "recall": 0.5808390289889229,
                    "f1-score": 0.6114697556162949,
                    "support": 42430.0
                }
            },
            {
                "0": {
                    "precision": 0.534291216116131,
                    "recall": 0.4921208813698069,
                    "f1-score": 0.5123397606619083,
                    "support": 14659.0
                },
                "1": {
                    "precision": 0.09928249624561988,
                    "recall": 0.38067818298144596,
                    "f1-score": 0.15749073583906828,
                    "support": 1563.0
                },
                "2": {
                    "precision": 0.36885471024443833,
                    "recall": 0.5874890638670166,
                    "f1-score": 0.45318036105955795,
                    "support": 2286.0
                },
                "3": {
                    "precision": 0.8029957499740852,
                    "recall": 0.6476465178496781,
                    "f1-score": 0.7170029618659756,