{
    "TabNet": {
        "filter_sizes": [
            12000,
            8000,
            6000,
            4500,
            3500,
            1500,
            1000,
            300
        ],
        "training_time_seconds": [
            2372.754733800888,
            1737.0015561580658,
            2664.746455192566,
            2702.0721504688263,
            2813.662205696106,
            2765.9507303237915,
            2884.787446498871,
            2431.6847286224365
        ],
        "num_classes": [
            2,
            3,
            4,
            4,
            4,
            4,
            4,
            4
        ],
        "test_f1_macro": [
            0.7003666457070163,
            0.6123875363562431,
            0.4813614631225842,
            0.4813614631225842,
            0.4813614631225842,
            0.4813614631225842,
            0.4813614631225842,
            0.4813614631225842
        ],
        "test_f1_micro": [
            0.7361233708915312,
            0.7083017298328889,
            0.6913975960405374,
            0.6913975960405374,
            0.6913975960405374,
            0.6913975960405374,
            0.6913975960405374,
            0.6913975960405374
        ],
        "test_f1_weighted": [
            0.7243907794173398,
            0.6933658265423592,
            0.6720325145262641,
            0.6720325145262641,
            0.6720325145262641,
            0.6720325145262641,
            0.6720325145262641,
            0.6720325145262641
        ],
        "cv_class_weights": [
            0.0,
            0.0,
            0.0,
            0.0,
            0.0,
            0.0,
            0.0,
            0.0
        ],
        "total_training_samples": [
            123256,
            130785,
            135776,
            135776,
            135776,
            135776,
            135776,
            135776
        ],
        "imbalance_ratio": [
            1.6345196109864273,
            10.146957214988042,
            15.435871541102808,
            15.435871541102808,
            15.435871541102808,
            15.435871541102808,
            15.435871541102808,
            15.435871541102808
        ],
        "entropy": [
            0.6638560989740301,
            0.8462124691333818,
            0.9715420616343557,
            0.9715420616343557,
            0.9715420616343557,
            0.9715420616343557,
            0.9715420616343557,
            0.9715420616343557
        ],
        "test_precision_macro": [
            0.7316390844190543,
            0.7104779859706696,
            0.6840748063756504,
            0.6840748063756504,
            0.6840748063756504,
            0.6840748063756504,
            0.6840748063756504,
            0.6840748063756504
        ],
        "test_recall_macro": [
            0.6932926626374301,
            0.5739763420879452,
            0.45716201168223114,
            0.45716201168223114,
            0.45716201168223114,
            0.45716201168223114,
            0.45716201168223114,
            0.45716201168223114
        ],
        "classification_reports": [
            {
                "0": {
                    "precision": 0.7218651060155425,
                    "recall": 0.5087565082155656,
                    "f1-score": 0.5968586387434555,
                    "support": 14789.0
                },
                "1": {
                    "precision": 0.7414130628225662,
                    "recall": 0.8778288170592945,
                    "f1-score": 0.8038746526705773,
                    "support": 23729.0
                },
                "accuracy": 0.7361233708915312,
                "macro avg": {
                    "precision": 0.7316390844190543,
                    "recall": 0.6932926626374301,
                    "f1-score": 0.7003666457070163,
                    "support": 38518.0
                },
                "weighted avg": {
                    "precision": 0.7339076177522336,
                    "recall": 0.7361233708915312,
                    "f1-score": 0.7243907794173398,
                    "support": 38518.0
                }
            },
            {
                "0": {
                    "precision": 0.6410210797829761,
                    "recall": 0.4918111095946499,
                    "f1-score": 0.5565895663590378,
                    "support": 14654.0
                },
                "1": {
                    "precision": 0.7574931880108992,
                    "recall": 0.353839626644039,
                    "f1-score": 0.48235974551764027,
                    "support": 2357.0
                },
                "2": {
                    "precision": 0.7329196901181337,
                    "recall": 0.8762782900251467,
                    "f1-score": 0.7982132971920515,
                    "support": 23860.0
                },
                "accuracy": 0.7083017298328889,
                "macro avg": {
                    "precision": 0.7104779859706696,
                    "recall": 0.5739763420879452,
                    "f1-score": 0.6123875363562431,
                    "support": 40871.0
                },
                "weighted avg": {
                    "precision": 0.7013872465440066,
                    "recall": 0.7083017298328889,
                    "f1-score": 0.6933658265423592,
                    "support": 40871.0
                }
            },
            {
                "0": {
                    "precision": 0.5947101449275363,
                    "recall": 0.5599754366812227,
                    "f1-score": 0.5768203542310936,
                    "support": 14656.0
                },
                "1": {
                    "precision": 0.6595744680851063,
                    "recall": 0.01927860696517413,
                    "f1-score": 0.03746223564954683,
                    "support": 1608.0
                },
                "2": {
                    "precision": 0.7441679626749611,
                    "recall": 0.4027777777777778,
                    "f1-score": 0.5226652102676134,
                    "support": 2376.0
                },
                "3": {
                    "precision": 0.737846649814998,
                    "recall": 0.8466162253047499,
                    "f1-score": 0.7884980523420831,
                    "support": 23790.0
                },
                "accuracy": 0.6913975960405374,
                "macro avg": {
                    "precision": 0.6840748063756504,
                    "recall": 0.45716201168223114,
                    "f1-score": 0.4813614631225842,
                    "support": 42430.0
                },
                "weighted avg": {
                    "precision": 0.6857926586649383,
                    "recall": 0.6913975960405374,
                    "f1-score": 0.6720325145262641,
                    "support": 42430.0
                }
            },
            {
                "0": {
                    "precision": 0.5947101449275363,
                    "recall": 0.5599754366812227,
                    "f1-score": 0.5768203542310936,
                    "support": 14656.0
                },
                "1": {
                    "precision": 0.6595744680851063,
                    "recall": 0.01927860696517413,
                    "f1-score": 0.03746223564954683,
                    "support": 1608.0
                },
                "2": {
                    "precision": 0.7441679626749611,
                    "recall": 0.4027777777777778,
                    "f1-score": 0.5226652102676134,
                    "support": 2376.0
                },
                "3": {
                    "precision": 0.737846649814998,
                    "recall": 0.8466162253047499,
                    "f1-score": 0.7884980523420831,
                    "support": 23790.0
                },
                "accuracy": 0.6913975960405374,