{
    "AdvancedTabularClassifier": {
        "filter_sizes": [
            12000,
            8000,
            6000,
            4500,
            3500,
            1500,
            1000,
            300
        ],
        "training_time_seconds": [
            200.44096779823303,
            64.55537867546082,
            270.2731533050537,
            50.347025632858276,
            41.35002636909485,
            47.30594563484192,
            43.26452422142029,
            44.69900965690613
        ],
        "num_classes": [
            2,
            2,
            2,
            3,
            3,
            3,
            3,
            4
        ],
        "test_f1_macro": [
            0.9997818321790737,
            0.9995948072359333,
            0.9998129824263392,
            0.7657146087748888,
            0.7935296359095672,
            0.7543719602089468,
            0.7887359671278281,
            0.5898166284716113
        ],
        "test_f1_micro": [
            0.9998308851952068,
            0.9996859296482412,
            0.9998550444530344,
            0.9290104486785494,
            0.9481584795045152,
            0.9179235024348731,
            0.9450616992104393,
            0.8814282347395711
        ],
        "test_f1_weighted": [
            0.9998308876944689,
            0.9996859250060071,
            0.9998550401675502,
            0.9484500220950827,
            0.9605734413423692,
            0.9417125029138295,
            0.9579316785725472,
            0.9176950674175443
        ],
        "cv_class_weights": [
            0.4692648013650022,
            0.4692648013650022,
            0.4692648013650022,
            0.8667902007756005,
            0.8667902007756005,
            0.8667902007756005,
            0.8667902007756005,
            1.1506919191508056
        ],
        "imbalance_ratio": [
            2.7576668841669267,
            2.7576668841669267,
            2.7576668841669267,
            33.36020583190395,
            33.36020583190395,
            33.36020583190395,
            33.36020583190395,
            235.11352657004832
        ],
        "total_training_samples": [
            132454,
            132454,
            132454,
            135364,
            135364,
            135364,
            135364,
            135776
        ],
        "entropy": [
            0.5793640140080556,
            0.5793640140080556,
            0.5793640140080556,
            0.6705127663073001,
            0.6705127663073001,
            0.6705127663073001,
            0.6705127663073001,
            0.6877410771768522
        ],
        "test_precision_macro": [
            0.9997670613233289,
            0.9996095773203131,
            0.999842540254172,
            0.737651650038185,
            0.7567820064951944,
            0.730607337319421,
            0.7525218422382697,
            0.5673326425317523
        ],
        "test_recall_macro": [
            0.9997966054136591,
            0.9995800395301561,
            0.9997834341164968,
            0.9291060194033212,
            0.9325324354981569,
            0.9342195600058797,
            0.9283990157272619,
            0.893392851544687
        ],
        "classification_reports": [
            {
                "0": {
                    "precision": 0.999901668360156,
                    "recall": 0.9998688954441167,
                    "f1-score": 0.9998852816335896,
                    "support": 30510.0
                },
                "1": {
                    "precision": 0.9996324542865019,
                    "recall": 0.9997243153832016,
                    "f1-score": 0.9996783827245578,
                    "support": 10882.0
                },
                "accuracy": 0.9998308851952068,
                "macro avg": {
                    "precision": 0.9997670613233289,
                    "recall": 0.9997966054136591,
                    "f1-score": 0.9997818321790737,
                    "support": 41392.0
                },
                "weighted avg": {
                    "precision": 0.9998308916992191,
                    "recall": 0.9998308851952068,
                    "f1-score": 0.9998308876944689,
                    "support": 41392.0
                }
            },
            {
                "0": {
                    "precision": 0.9997705745468848,
                    "recall": 0.999803343166175,
                    "f1-score": 0.999786958588027,
                    "support": 30510.0
                },
                "1": {
                    "precision": 0.9994485800937414,
                    "recall": 0.9993567358941371,
                    "f1-score": 0.9994026558838396,
                    "support": 10882.0
                },
                "accuracy": 0.9996859296482412,
                "macro avg": {
                    "precision": 0.9996095773203131,
                    "recall": 0.9995800395301561,
                    "f1-score": 0.9995948072359333,
                    "support": 41392.0
                },
                "weighted avg": {
                    "precision": 0.9996859218690943,
                    "recall": 0.9996859296482412,
                    "f1-score": 0.9996859250060071,
                    "support": 41392.0
                }
            },
            {
                "0": {
                    "precision": 0.9998689040377556,
                    "recall": 0.9999344477220583,
                    "f1-score": 0.9999016748058077,
                    "support": 30510.0
                },
                "1": {
                    "precision": 0.9998161764705882,
                    "recall": 0.9996324205109355,
                    "f1-score": 0.9997242900468707,
                    "support": 10882.0
                },
                "accuracy": 0.9998550444530344,
                "macro avg": {
                    "precision": 0.999842540254172,
                    "recall": 0.9997834341164968,
                    "f1-score": 0.9998129824263392,
                    "support": 41392.0
                },
                "weighted avg": {
                    "precision": 0.9998550419053165,
                    "recall": 0.9998550444530344,
                    "f1-score": 0.9998550401675502,
                    "support": 41392.0
                }
            },
            {
                "0": {
                    "precision": 0.21893814997263272,
                    "recall": 0.8849557522123894,
                    "f1-score": 0.3510311540149188,
                    "support": 904.0
                },
                "1": {
                    "precision": 0.9950252343186734,
                    "recall": 0.906201779441216,
                    "f1-score": 0.9485386346844448,
                    "support": 30459.0
                },
                "2": {
                    "precision": 0.998991565823249,
                    "recall": 0.996160526556358,
                    "f1-score": 0.9975740376253033,
                    "support": 10939.0
                },
                "accuracy": 0.9290104486785494,
                "macro avg": {
                    "precision": 0.737651650038185,
                    "recall": 0.9291060194033212,
                    "f1-score": 0.7657146087748888,
                    "support": 42302.0
                },
                "weighted avg": {
                    "precision": 0.979465803939016,
                    "recall": 0.9290104486785494,
                    "f1-score": 0.9484500220950827,
                    "support": 42302.0
                }
            },
            {
                "0": {
                    "precision": 0.2761904761904762,
                    "recall": 0.8661504424778761,
                    "f1-score": 0.41882856378710887,
                    "support": 904.0
                },
                "1": {
                    "precision": 0.9956172644717927,