{
    "AdvancedTabularClassifier": {
        "filter_sizes": [
            12000,
            8000,
            6000,
            4500,
            3500,
            1500,
            1000,
            300
        ],
        "training_time_seconds": [
            38.765076637268066,
            40.214834451675415,
            44.53728437423706,
            40.079790115356445,
            49.612324237823486,
            44.76816487312317,
            48.691445112228394,
            49.906665086746216
        ],
        "num_classes": [
            2,
            3,
            4,
            4,
            4,
            4,
            4,
            4
        ],
        "test_f1_macro": [
            0.7229791003891635,
            0.6529883338083855,
            0.511446311369666,
            0.4915526450377795,
            0.501442898471595,
            0.4935308339203932,
            0.49120384153701663,
            0.5055325143742345
        ],
        "test_f1_micro": [
            0.7403811205150839,
            0.7113356658755597,
            0.6858119255243931,
            0.6921753476313929,
            0.6856233796841857,
            0.686165448974782,
            0.685505538534056,
            0.6851520150836672
        ],
        "test_f1_weighted": [
            0.7398223235149766,
            0.7074607145874496,
            0.6775245712594378,
            0.675233098319359,
            0.6710204456429284,
            0.6753746165310873,
            0.6719037777332476,
            0.6703272021398409
        ],
        "cv_class_weights": [
            0.0,
            0.0,
            0.0,
            0.0,
            0.0,
            0.0,
            0.0,
            0.0
        ],
        "imbalance_ratio": [
            1.6254845993268863,
            10.114982116836668,
            15.160732046946489,
            15.160732046946489,
            15.160732046946489,
            15.160732046946489,
            15.160732046946489,
            15.160732046946489
        ],
        "total_training_samples": [
            123256,
            130785,
            135776,
            135776,
            135776,
            135776,
            135776,
            135776
        ],
        "entropy": [
            0.6644942900012158,
            0.8465637482123152,
            0.9745313681488466,
            0.9745313681488466,
            0.9745313681488466,
            0.9745313681488466,
            0.9745313681488466,
            0.9745313681488466
        ],
        "test_precision_macro": [
            0.7239933743354743,
            0.689091451129881,
            0.5777352035367704,
            0.6680247645349646,
            0.5725000161768048,
            0.5715597633918912,
            0.6348413416196405,
            0.5685640805500097
        ],
        "test_recall_macro": [
            0.7220730378614137,
            0.6284478363880486,
            0.48884811991973043,
            0.4608141276646837,
            0.48724513368334965,
            0.4762453924218216,
            0.4739181916570494,
            0.5004652379766135
        ],
        "classification_reports": [
            {
                "0": {
                    "precision": 0.6606429922252574,
                    "recall": 0.6466031397819977,
                    "f1-score": 0.6535476718403548,
                    "support": 14587.0
                },
                "1": {
                    "precision": 0.7873437564456912,
                    "recall": 0.7975429359408299,
                    "f1-score": 0.7924105289379723,
                    "support": 23931.0
                },
                "accuracy": 0.7403811205150839,
                "macro avg": {
                    "precision": 0.7239933743354743,
                    "recall": 0.7220730378614137,
                    "f1-score": 0.7229791003891635,
                    "support": 38518.0
                },
                "weighted avg": {
                    "precision": 0.7393614092915434,
                    "recall": 0.7403811205150839,
                    "f1-score": 0.7398223235149766,
                    "support": 38518.0
                }
            },
            {
                "0": {
                    "precision": 0.6203029420332071,
                    "recall": 0.5805616139585605,
                    "f1-score": 0.5997746796225883,
                    "support": 14672.0
                },
                "1": {
                    "precision": 0.6848086124401914,
                    "recall": 0.49162730785744957,
                    "f1-score": 0.5723569107723069,
                    "support": 2329.0
                },
                "2": {
                    "precision": 0.7621627989162445,
                    "recall": 0.8131545873481357,
                    "f1-score": 0.7868334110302613,
                    "support": 23870.0
                },
                "accuracy": 0.7113356658755597,
                "macro avg": {
                    "precision": 0.689091451129881,
                    "recall": 0.6284478363880486,
                    "f1-score": 0.6529883338083855,
                    "support": 40871.0
                },
                "weighted avg": {
                    "precision": 0.706829537667666,
                    "recall": 0.7113356658755597,
                    "f1-score": 0.7074607145874496,
                    "support": 40871.0
                }
            },
            {
                "0": {
                    "precision": 0.5790381299099444,
                    "recall": 0.6218106995884773,
                    "f1-score": 0.5996626649469193,
                    "support": 14580.0
                },
                "1": {
                    "precision": 0.30601092896174864,
                    "recall": 0.07402511566424323,
                    "f1-score": 0.11921234699308142,
                    "support": 1513.0
                },
                "2": {
                    "precision": 0.6656479217603912,
                    "recall": 0.47658643326039385,
                    "f1-score": 0.5554705432287682,
                    "support": 2285.0
                },
                "3": {
                    "precision": 0.7602438335149974,
                    "recall": 0.7829702311658074,
                    "f1-score": 0.7714396903098949,
                    "support": 24052.0
                },
                "accuracy": 0.6858119255243931,
                "macro avg": {
                    "precision": 0.5777352035367704,
                    "recall": 0.48884811991973043,
                    "f1-score": 0.511446311369666,
                    "support": 42430.0
                },
                "weighted avg": {
                    "precision": 0.6766853795552987,
                    "recall": 0.6858119255243931,
                    "f1-score": 0.6775245712594378,
                    "support": 42430.0
                }
            },
            {
                "0": {
                    "precision": 0.5976670047819157,
                    "recall": 0.5657750342935528,
                    "f1-score": 0.5812839123388063,
                    "support": 14580.0
                },
                "1": {
                    "precision": 0.5700934579439252,
                    "recall": 0.0403172504957039,
                    "f1-score": 0.07530864197530865,
                    "support": 1513.0
                },
                "2": {
                    "precision": 0.7672268907563026,
                    "recall": 0.399562363238512,
                    "f1-score": 0.5254676258992805,
                    "support": 2285.0
                },
                "3": {
                    "precision": 0.7371117046577147,
                    "recall": 0.8376018626309663,
                    "f1-score": 0.7841503999377226,
                    "support": 24052.0
                },
                "accuracy": 0.6921753476313929,