{
    "AdvancedTabularClassifier": {
        "filter_sizes": [
            12000,
            8000,
            6000,
            4500,
            3500,
            1500,
            1000,
            300
        ],
        "training_time_seconds": [
            121.76126050949097,
            133.0406050682068,
            79.06031823158264,
            50.37759208679199,
            44.09513020515442,
            51.118361473083496,
            48.21665358543396,
            50.307257652282715
        ],
        "num_classes": [
            2,
            2,
            2,
            3,
            3,
            3,
            3,
            4
        ],
        "test_f1_macro": [
            0.9998753216175595,
            0.9998129713670996,
            0.9998441474141864,
            0.8799747711637301,
            0.8715710440329061,
            0.8656141914195294,
            0.8724648765969546,
            0.7556314675593312
        ],
        "test_f1_micro": [
            0.9999033629686896,
            0.9998550444530344,
            0.999879203710862,
            0.9840905867334878,
            0.9810647250721006,
            0.9790080847241265,
            0.9813011205143964,
            0.9758425642234269
        ],
        "test_f1_weighted": [
            0.9999033601117002,
            0.9998550358806861,
            0.9998791983535755,
            0.984329398304644,
            0.9822682696812725,
            0.9808828438971772,
            0.982433900110229,
            0.9771234239204836
        ],
        "cv_class_weights": [
            0.4692648013650022,
            0.4692648013650022,
            0.4692648013650022,
            0.8667902007756005,
            0.8667902007756005,
            0.8667902007756005,
            0.8667902007756005,
            1.1506919191508056
        ],
        "imbalance_ratio": [
            2.7576668841669267,
            2.7576668841669267,
            2.7576668841669267,
            33.36020583190395,
            33.36020583190395,
            33.36020583190395,
            33.36020583190395,
            235.11352657004832
        ],
        "total_training_samples": [
            132454,
            132454,
            132454,
            135364,
            135364,
            135364,
            135364,
            135776
        ],
        "entropy": [
            0.8347386105489557,
            0.8347386105489557,
            0.8347386105489557,
            0.6106164368418217,
            0.6106164368418217,
            0.6106164368418217,
            0.6106164368418217,
            0.49660586795117595
        ],
        "test_precision_macro": [
            0.9999048831318054,
            0.9998721060622389,
            0.9998884940604489,
            0.873526464903342,
            0.8482404643269937,
            0.8354315272484979,
            0.850001680128298,
            0.7242460781440102
        ],
        "test_recall_macro": [
            0.9998457696221155,
            0.9997538747498493,
            0.9997998221859823,
            0.8868726687045383,
            0.902788673482202,
            0.9111781157688016,
            0.9021239494147185,
            0.8343040799616199
        ],
        "classification_reports": [
            {
                "0": {
                    "precision": 0.9999016780283168,
                    "recall": 0.9999672238610292,
                    "f1-score": 0.9999344498705385,
                    "support": 30510.0
                },
                "1": {
                    "precision": 0.9999080882352941,
                    "recall": 0.9997243153832016,
                    "f1-score": 0.9998161933645805,
                    "support": 10882.0
                },
                "accuracy": 0.9999033629686896,
                "macro avg": {
                    "precision": 0.9999048831318054,
                    "recall": 0.9998457696221155,
                    "f1-score": 0.9998753216175595,
                    "support": 41392.0
                },
                "weighted avg": {
                    "precision": 0.9999033632784212,
                    "recall": 0.9999033629686896,
                    "f1-score": 0.9999033601117002,
                    "support": 41392.0
                }
            },
            {
                "0": {
                    "precision": 0.9998361407878351,
                    "recall": 0.9999672238610292,
                    "f1-score": 0.9999016780283168,
                    "support": 30510.0
                },
                "1": {
                    "precision": 0.9999080713366427,
                    "recall": 0.9995405256386694,
                    "f1-score": 0.9997242647058824,
                    "support": 10882.0
                },
                "accuracy": 0.9998550444530344,
                "macro avg": {
                    "precision": 0.9998721060622389,
                    "recall": 0.9997538747498493,
                    "f1-score": 0.9998129713670996,
                    "support": 41392.0
                },
                "weighted avg": {
                    "precision": 0.9998550514041891,
                    "recall": 0.9998550444530344,
                    "f1-score": 0.9998550358806861,
                    "support": 41392.0
                }
            },
            {
                "0": {
                    "precision": 0.9998689083341527,
                    "recall": 0.9999672238610292,
                    "f1-score": 0.9999180636809072,
                    "support": 30510.0
                },
                "1": {
                    "precision": 0.9999080797867451,
                    "recall": 0.9996324205109355,
                    "f1-score": 0.9997702311474657,
                    "support": 10882.0
                },
                "accuracy": 0.999879203710862,
                "macro avg": {
                    "precision": 0.9998884940604489,
                    "recall": 0.9997998221859823,
                    "f1-score": 0.9998441474141864,
                    "support": 41392.0
                },
                "weighted avg": {
                    "precision": 0.9998792065499216,
                    "recall": 0.999879203710862,
                    "f1-score": 0.9998791983535755,
                    "support": 41392.0
                }
            },
            {
                "0": {
                    "precision": 0.6317427385892116,
                    "recall": 0.6736725663716814,
                    "f1-score": 0.6520342612419701,
                    "support": 904.0
                },
                "1": {
                    "precision": 0.9899335482597539,
                    "recall": 0.9879510161200302,
                    "f1-score": 0.9889412885945742,
                    "support": 30459.0
                },
                "2": {
                    "precision": 0.9989031078610603,
                    "recall": 0.9989944236219033,
                    "f1-score": 0.998948763654646,
                    "support": 10939.0
                },
                "accuracy": 0.9840905867334878,
                "macro avg": {
                    "precision": 0.873526464903342,
                    "recall": 0.8868726687045383,
                    "f1-score": 0.8799747711637301,
                    "support": 42302.0
                },
                "weighted avg": {
                    "precision": 0.9845984227464573,
                    "recall": 0.9840905867334878,
                    "f1-score": 0.984329398304644,
                    "support": 42302.0
                }
            },
            {
                "0": {
                    "precision": 0.5538720538720538,
                    "recall": 0.7278761061946902,
                    "f1-score": 0.6290630975143403,
                    "support": 904.0
                },
                "1": {
                    "precision": 0.9911240643836524,