{
    "TabNet": {
        "filter_sizes": [
            12000,
            8000,
            6000,
            4500,
            3500,
            1500,
            1000,
            300
        ],
        "training_time_seconds": [
            1737.7539315223694,
            1163.0535581111908,
            632.7047295570374,
            598.4307885169983,
            631.549721956253,
            665.0733892917633,
            673.3138072490692,
            620.6931893825531
        ],
        "num_classes": [
            2,
            3,
            4,
            4,
            4,
            4,
            4,
            4
        ],
        "test_f1_macro": [
            0.7250621076837412,
            0.6143028145694421,
            0.4433709643430349,
            0.4433709643430349,
            0.4433709643430349,
            0.4433709643430349,
            0.4433709643430349,
            0.4433709643430349
        ],
        "test_f1_micro": [
            0.7341762292953944,
            0.6672212571260796,
            0.5748055621022862,
            0.5748055621022862,
            0.5748055621022862,
            0.5748055621022862,
            0.5748055621022862,
            0.5748055621022862
        ],
        "test_f1_weighted": [
            0.7370080660260078,
            0.6759197782129573,
            0.6047865768673754,
            0.6047865768673754,
            0.6047865768673754,
            0.6047865768673754,
            0.6047865768673754,
            0.6047865768673754
        ],
        "cv_class_weights": [
            0.23920945823192596,
            0.9811160564422607,
            0.8566198348999023,
            0.8566198348999023,
            0.8566198348999023,
            0.8566198348999023,
            0.8566198348999023,
            0.8566198348999023
        ],
        "total_training_samples": [
            123256,
            130785,
            135776,
            135776,
            135776,
            135776,
            135776,
            135776
        ],
        "imbalance_ratio": [
            1.6288444311734847,
            10.175490065342046,
            15.374016542263465,
            15.374016542263465,
            15.374016542263465,
            15.374016542263465,
            15.374016542263465,
            15.374016542263465
        ],
        "entropy": [
            0.664257301138491,
            0.846057335135453,
            0.9731476163834476,
            0.9731476163834476,
            0.9731476163834476,
            0.9731476163834476,
            0.9731476163834476,
            0.9731476163834476
        ],
        "test_precision_macro": [
            0.7227092047208667,
            0.590937245463382,
            0.4343497513370078,
            0.4343497513370078,
            0.4343497513370078,
            0.4343497513370078,
            0.4343497513370078,
            0.4343497513370078
        ],
        "test_recall_macro": [
            0.7324388494086231,
            0.6658623755500042,
            0.5051817725737455,
            0.5051817725737455,
            0.5051817725737455,
            0.5051817725737455,
            0.5051817725737455,
            0.5051817725737455
        ],
        "classification_reports": [
            {
                "0": {
                    "precision": 0.6313383208645054,
                    "recall": 0.7251585623678647,
                    "f1-score": 0.6750039676241867,
                    "support": 14663.0
                },
                "1": {
                    "precision": 0.8140800885772282,
                    "recall": 0.7397191364493817,
                    "f1-score": 0.7751202477432958,
                    "support": 23855.0
                },
                "accuracy": 0.7341762292953944,
                "macro avg": {
                    "precision": 0.7227092047208667,
                    "recall": 0.7324388494086231,
                    "f1-score": 0.7250621076837412,
                    "support": 38518.0
                },
                "weighted avg": {
                    "precision": 0.7445141054012674,
                    "recall": 0.7341762292953944,
                    "f1-score": 0.7370080660260078,
                    "support": 38518.0
                }
            },
            {
                "0": {
                    "precision": 0.553441488727186,
                    "recall": 0.6379511859745617,
                    "f1-score": 0.5926990514515665,
                    "support": 14545.0
                },
                "1": {
                    "precision": 0.4055750878955299,
                    "recall": 0.6754496026767043,
                    "f1-score": 0.5068256707986819,
                    "support": 2391.0
                },
                "2": {
                    "precision": 0.8137951597674303,
                    "recall": 0.6841863379987466,
                    "f1-score": 0.743383721458078,
                    "support": 23935.0
                },
                "accuracy": 0.6672212571260796,
                "macro avg": {
                    "precision": 0.590937245463382,
                    "recall": 0.6658623755500042,
                    "f1-score": 0.6143028145694421,
                    "support": 40871.0
                },
                "weighted avg": {
                    "precision": 0.6972602490207868,
                    "recall": 0.6672212571260796,
                    "f1-score": 0.6759197782129573,
                    "support": 40871.0
                }
            },
            {
                "0": {
                    "precision": 0.5160237388724036,
                    "recall": 0.4808848945731075,
                    "f1-score": 0.49783503310073357,
                    "support": 14465.0
                },
                "1": {
                    "precision": 0.0947962154294032,
                    "recall": 0.325421611492817,
                    "f1-score": 0.14682260109905593,
                    "support": 1601.0
                },
                "2": {
                    "precision": 0.32230180291429983,
                    "recall": 0.5656697009102731,
                    "f1-score": 0.4106356198867212,
                    "support": 2307.0
                },
                "3": {
                    "precision": 0.8042772481319248,
                    "recall": 0.6487508833187845,
                    "f1-score": 0.7181906032856288,
                    "support": 24057.0
                },
                "accuracy": 0.5748055621022862,
                "macro avg": {
                    "precision": 0.4343497513370078,
                    "recall": 0.5051817725737455,
                    "f1-score": 0.4433709643430349,
                    "support": 42430.0
                },
                "weighted avg": {
                    "precision": 0.6530308777121092,
                    "recall": 0.5748055621022862,
                    "f1-score": 0.6047865768673754,
                    "support": 42430.0
                }
            },
            {
                "0": {
                    "precision": 0.5160237388724036,
                    "recall": 0.4808848945731075,
                    "f1-score": 0.49783503310073357,
                    "support": 14465.0
                },
                "1": {
                    "precision": 0.0947962154294032,
                    "recall": 0.325421611492817,
                    "f1-score": 0.14682260109905593,
                    "support": 1601.0
                },
                "2": {
                    "precision": 0.32230180291429983,
                    "recall": 0.5656697009102731,
                    "f1-score": 0.4106356198867212,
                    "support": 2307.0
                },
                "3": {
                    "precision": 0.8042772481319248,
                    "recall": 0.6487508833187845,
                    "f1-score": 0.7181906032856288,