{
    "AdvancedTabularClassifier": {
        "filter_sizes": [
            12000,
            8000,
            6000,
            4500,
            3500,
            1500,
            1000,
            300
        ],
        "training_time_seconds": [
            41.84847712516785,
            43.98505640029907,
            42.78758478164673,
            51.156917095184326,
            45.03813672065735,
            47.33803844451904,
            48.8744375705719,
            46.808019399642944
        ],
        "num_classes": [
            2,
            3,
            4,
            4,
            4,
            4,
            4,
            4
        ],
        "test_f1_macro": [
            0.6914594260920377,
            0.6161142175222536,
            0.4317490509992736,
            0.4370010629352783,
            0.44247146448284763,
            0.4480683792653012,
            0.45066760756996393,
            0.434444079054219
        ],
        "test_f1_micro": [
            0.6953891687003478,
            0.6704019965256539,
            0.5667452274334197,
            0.56165448974782,
            0.5538534056092388,
            0.5634456752297903,
            0.5476313928823945,
            0.5504595804855056
        ],
        "test_f1_weighted": [
            0.699906519474152,
            0.6781082784851837,
            0.5879867017714383,
            0.5950956252175085,
            0.5912759518023214,
            0.5990122650678111,
            0.5803572850963737,
            0.5881478149311341
        ],
        "cv_class_weights": [
            0.23930680859349646,
            0.6477816261160413,
            0.8713868612097392,
            0.8713868612097392,
            0.8713868612097392,
            0.8713868612097392,
            0.8713868612097392,
            0.8713868612097392
        ],
        "imbalance_ratio": [
            1.6254845993268863,
            10.114982116836668,
            15.160732046946489,
            15.160732046946489,
            15.160732046946489,
            15.160732046946489,
            15.160732046946489,
            15.160732046946489
        ],
        "total_training_samples": [
            123256,
            130785,
            135776,
            135776,
            135776,
            135776,
            135776,
            135776
        ],
        "entropy": [
            0.6644942900012158,
            0.8465637482123152,
            0.9745313681488466,
            0.9745313681488466,
            0.9745313681488466,
            0.9745313681488466,
            0.9745313681488466,
            0.9745313681488466
        ],
        "test_precision_macro": [
            0.6974922720245629,
            0.5946601741517004,
            0.4339172589315698,
            0.4378605075267821,
            0.43745890271560284,
            0.4476917856256647,
            0.45126483101711323,
            0.4349431417994181
        ],
        "test_recall_macro": [
            0.709781433932604,
            0.6601043953187173,
            0.5244819476218964,
            0.5298373015343109,
            0.5363716543377534,
            0.5279209395741156,
            0.5315080132390819,
            0.5304273123735193
        ],
        "classification_reports": [
            {
                "0": {
                    "precision": 0.5728656045751634,
                    "recall": 0.7691094810447658,
                    "f1-score": 0.6566386702174358,
                    "support": 14587.0
                },
                "1": {
                    "precision": 0.8221189394739622,
                    "recall": 0.6504533868204421,
                    "f1-score": 0.7262801819666395,
                    "support": 23931.0
                },
                "accuracy": 0.6953891687003478,
                "macro avg": {
                    "precision": 0.6974922720245629,
                    "recall": 0.709781433932604,
                    "f1-score": 0.6914594260920377,
                    "support": 38518.0
                },
                "weighted avg": {
                    "precision": 0.7277251911960461,
                    "recall": 0.6953891687003478,
                    "f1-score": 0.699906519474152,
                    "support": 38518.0
                }
            },
            {
                "0": {
                    "precision": 0.5631901840490797,
                    "recall": 0.6569656488549618,
                    "f1-score": 0.6064743448579608,
                    "support": 14672.0
                },
                "1": {
                    "precision": 0.4129834254143646,
                    "recall": 0.6419063975955346,
                    "f1-score": 0.5026054799125903,
                    "support": 2329.0
                },
                "2": {
                    "precision": 0.8078069129916567,
                    "recall": 0.6814411395056557,
                    "f1-score": 0.7392628277962096,
                    "support": 23870.0
                },
                "accuracy": 0.6704019965256539,
                "macro avg": {
                    "precision": 0.5946601741517004,
                    "recall": 0.6601043953187173,
                    "f1-score": 0.6161142175222536,
                    "support": 40871.0
                },
                "weighted avg": {
                    "precision": 0.6974949424107313,
                    "recall": 0.6704019965256539,
                    "f1-score": 0.6781082784851837,
                    "support": 40871.0
                }
            },
            {
                "0": {
                    "precision": 0.5620011911852293,
                    "recall": 0.32359396433470505,
                    "f1-score": 0.4107072905331883,
                    "support": 14580.0
                },
                "1": {
                    "precision": 0.09274725274725275,
                    "recall": 0.4183740912095175,
                    "f1-score": 0.15183497241544736,
                    "support": 1513.0
                },
                "2": {
                    "precision": 0.3196237147232553,
                    "recall": 0.6393873085339169,
                    "f1-score": 0.42619603267211204,
                    "support": 2285.0
                },
                "3": {
                    "precision": 0.7612968770705419,
                    "recall": 0.7165724264094462,
                    "f1-score": 0.7382579083763466,
                    "support": 24052.0
                },
                "accuracy": 0.5667452274334197,
                "macro avg": {
                    "precision": 0.4339172589315698,
                    "recall": 0.5244819476218964,
                    "f1-score": 0.4317490509992736,
                    "support": 42430.0
                },
                "weighted avg": {
                    "precision": 0.6451887022467724,
                    "recall": 0.5667452274334197,
                    "f1-score": 0.5879867017714383,
                    "support": 42430.0
                }
            },
            {
                "0": {
                    "precision": 0.5506594724220624,
                    "recall": 0.3779835390946502,
                    "f1-score": 0.4482674475353831,
                    "support": 14580.0
                },
                "1": {
                    "precision": 0.09021651964715317,
                    "recall": 0.4461335095836087,
                    "f1-score": 0.15008337965536409,
                    "support": 1513.0
                },
                "2": {
                    "precision": 0.3185800943608178,
                    "recall": 0.6205689277899343,
                    "f1-score": 0.42102137767220904,
                    "support": 2285.0
                },
                "3": {
                    "precision": 0.7919859436770951,
                    "recall": 0.6746632296690503,
                    "f1-score": 0.7286320468781572,