{
    "TabNet": {
        "filter_sizes": [
            12000,
            8000,
            6000,
            4500,
            3500,
            1500,
            1000,
            300
        ],
        "training_time_seconds": [
            641.2375140190125,
            639.87846159935,
            598.5647585391998,
            684.6381611824036,
            680.0199177265167,
            687.709623336792,
            693.0632333755493,
            1432.0480275154114
        ],
        "num_classes": [
            2,
            2,
            2,
            3,
            3,
            3,
            3,
            4
        ],
        "test_f1_macro": [
            0.9999384454331688,
            0.9999384454331688,
            0.9999384454331688,
            0.868474303906234,
            0.868474303906234,
            0.868474303906234,
            0.868474303906234,
            0.7531707381242292
        ],
        "test_f1_micro": [
            0.9999516814843448,
            0.9999516814843448,
            0.9999516814843448,
            0.9826012954470238,
            0.9826012954470238,
            0.9826012954470238,
            0.9826012954470238,
            0.9793777987273156
        ],
        "test_f1_weighted": [
            0.9999516814843448,
            0.9999516814843448,
            0.9999516814843448,
            0.9832717046561537,
            0.9832717046561537,
            0.9832717046561537,
            0.9832717046561537,
            0.9793873312045689
        ],
        "cv_class_weights": [
            0.4703670708321379,
            0.4703670708321379,
            0.4703670708321379,
            0.8657339053052465,
            0.8657339053052465,
            0.8657339053052465,
            0.8657339053052465,
            1.1498998231951623
        ],
        "total_training_samples": [
            132454,
            132454,
            132454,
            135364,
            135364,
            135364,
            135364,
            135776
        ],
        "imbalance_ratio": [
            2.7762002508837953,
            2.7762002508837953,
            2.7762002508837953,
            33.00713800135962,
            33.00713800135962,
            33.00713800135962,
            33.00713800135962,
            240.60643564356437
        ],
        "entropy": [
            0.8339278524937662,
            0.8339278524937662,
            0.8339278524937662,
            0.6117195444044279,
            0.6117195444044279,
            0.6117195444044279,
            0.6117195444044279,
            0.4965626838342741
        ],
        "test_precision_macro": [
            0.9999384454331688,
            0.9999384454331688,
            0.9999384454331688,
            0.8540046405600222,
            0.8540046405600222,
            0.8540046405600222,
            0.8540046405600222,
            0.777452219716727
        ],
        "test_recall_macro": [
            0.9999384454331688,
            0.9999384454331688,
            0.9999384454331688,
            0.8856570879558335,
            0.8856570879558335,
            0.8856570879558335,
            0.8856570879558335,
            0.7421593628117145
        ],
        "classification_reports": [
            {
                "0": {
                    "precision": 0.9999669890733833,
                    "recall": 0.9999669890733833,
                    "f1-score": 0.9999669890733833,
                    "support": 30293.0
                },
                "1": {
                    "precision": 0.9999099017929544,
                    "recall": 0.9999099017929544,
                    "f1-score": 0.9999099017929544,
                    "support": 11099.0
                },
                "accuracy": 0.9999516814843448,
                "macro avg": {
                    "precision": 0.9999384454331688,
                    "recall": 0.9999384454331688,
                    "f1-score": 0.9999384454331688,
                    "support": 41392.0
                },
                "weighted avg": {
                    "precision": 0.9999516814843448,
                    "recall": 0.9999516814843448,
                    "f1-score": 0.9999516814843448,
                    "support": 41392.0
                }
            },
            {
                "0": {
                    "precision": 0.9999669890733833,
                    "recall": 0.9999669890733833,
                    "f1-score": 0.9999669890733833,
                    "support": 30293.0
                },
                "1": {
                    "precision": 0.9999099017929544,
                    "recall": 0.9999099017929544,
                    "f1-score": 0.9999099017929544,
                    "support": 11099.0
                },
                "accuracy": 0.9999516814843448,
                "macro avg": {
                    "precision": 0.9999384454331688,
                    "recall": 0.9999384454331688,
                    "f1-score": 0.9999384454331688,
                    "support": 41392.0
                },
                "weighted avg": {
                    "precision": 0.9999516814843448,
                    "recall": 0.9999516814843448,
                    "f1-score": 0.9999516814843448,
                    "support": 41392.0
                }
            },
            {
                "0": {
                    "precision": 0.9999669890733833,
                    "recall": 0.9999669890733833,
                    "f1-score": 0.9999669890733833,
                    "support": 30293.0
                },
                "1": {
                    "precision": 0.9999099017929544,
                    "recall": 0.9999099017929544,
                    "f1-score": 0.9999099017929544,
                    "support": 11099.0
                },
                "accuracy": 0.9999516814843448,
                "macro avg": {
                    "precision": 0.9999384454331688,
                    "recall": 0.9999384454331688,
                    "f1-score": 0.9999384454331688,
                    "support": 41392.0
                },
                "weighted avg": {
                    "precision": 0.9999516814843448,
                    "recall": 0.9999516814843448,
                    "f1-score": 0.9999516814843448,
                    "support": 41392.0
                }
            },
            {
                "0": {
                    "precision": 0.5718475073313783,
                    "recall": 0.6724137931034483,
                    "f1-score": 0.618066561014263,
                    "support": 870.0
                },
                "1": {
                    "precision": 0.9902591013447032,
                    "recall": 0.9856685818751633,
                    "f1-score": 0.9879585092110861,
                    "support": 30632.0
                },
                "2": {
                    "precision": 0.9999073130039855,
                    "recall": 0.9988888888888889,
                    "f1-score": 0.9993978414933531,
                    "support": 10800.0
                },
                "accuracy": 0.9826012954470238,
                "macro avg": {
                    "precision": 0.8540046405600222,
                    "recall": 0.8856570879558335,
                    "f1-score": 0.868474303906234,
                    "support": 42302.0
                },
                "weighted avg": {
                    "precision": 0.9841171364051888,
                    "recall": 0.9826012954470238,
                    "f1-score": 0.9832717046561537,
                    "support": 42302.0
                }
            },
            {
                "0": {
                    "precision": 0.5718475073313783,
                    "recall": 0.6724137931034483,
                    "f1-score": 0.618066561014263,
                    "support": 870.0
                },
                "1": {
                    "precision": 0.9902591013447032,
                    "recall": 0.9856685818751633,