{
    "AdvancedTabularClassifier": {
        "filter_sizes": [
            12000,
            8000,
            6000,
            4500,
            3500,
            1500,
            1000,
            300
        ],
        "training_time_seconds": [
            49.63806176185608,
            45.53108334541321,
            55.01019620895386,
            45.809234380722046,
            49.218634366989136,
            58.025994539260864,
            40.59566950798035,
            56.29512858390808
        ],
        "num_classes": [
            2,
            2,
            2,
            2,
            4,
            5,
            5,
            5
        ],
        "test_f1_macro": [
            0.8883859521737159,
            0.8845770340847918,
            0.8953053449444948,
            0.8913112896032955,
            0.6747314964606543,
            0.569136259187826,
            0.5585350988343827,
            0.5548967051809622
        ],
        "test_f1_micro": [
            0.958604697059404,
            0.9596654825340438,
            0.9614170120386817,
            0.9600601934083284,
            0.9206413301662708,
            0.9171105349988216,
            0.9104878623615367,
            0.9161913740278105
        ],
        "test_f1_weighted": [
            0.959535064853672,
            0.9593967763566906,
            0.9621681876923657,
            0.9607831028779119,
            0.9251332226396015,
            0.9228019525913421,
            0.9172009864064722,
            0.9186865368557829
        ],
        "cv_class_weights": [
            0.16947022080421448,
            0.16947022080421448,
            0.16947022080421448,
            0.16947022080421448,
            0.5817397832870483,
            0.7476152181625366,
            0.7476152181625366,
            0.7476152181625366
        ],
        "imbalance_ratio": [
            9.474321705426357,
            9.474321705426357,
            9.474321705426357,
            9.474321705426357,
            47.042502004811546,
            110.57964184731385,
            110.57964184731385,
            110.57964184731385
        ],
        "total_training_samples": [
            129714,
            129714,
            129714,
            129714,
            134718,
            135776,
            135776,
            135776
        ],
        "entropy": [
            0.3150175183558238,
            0.3150175183558238,
            0.3150175183558238,
            0.3150175183558238,
            0.4878513770286893,
            0.5297442692876037,
            0.5297442692876037,
            0.5297442692876037
        ],
        "test_precision_macro": [
            0.8719273173281574,
            0.8897917864758107,
            0.8806772812153547,
            0.8778019463783857,
            0.6406462233815697,
            0.5405419122352298,
            0.5282384787137613,
            0.5375446881188057
        ],
        "test_recall_macro": [
            0.9069485301429627,
            0.8795410422044838,
            0.9115312649939964,
            0.9061877349451142,
            0.7376070240624661,
            0.6226257623376197,
            0.6123517481961703,
            0.5909834797572765
        ],
        "classification_reports": [
            {
                "0": {
                    "precision": 0.7611804767309875,
                    "recall": 0.8426740387031918,
                    "f1-score": 0.7998568702290076,
                    "support": 3979.0
                },
                "1": {
                    "precision": 0.9826741579253273,
                    "recall": 0.9712230215827338,
                    "f1-score": 0.976915034118424,
                    "support": 36557.0
                },
                "accuracy": 0.958604697059404,
                "macro avg": {
                    "precision": 0.8719273173281574,
                    "recall": 0.9069485301429627,
                    "f1-score": 0.8883859521737159,
                    "support": 40536.0
                },
                "weighted avg": {
                    "precision": 0.9609324133656205,
                    "recall": 0.958604697059404,
                    "f1-score": 0.959535064853672,
                    "support": 40536.0
                }
            },
            {
                "0": {
                    "precision": 0.8034697048161574,
                    "recall": 0.7798441819552652,
                    "f1-score": 0.7914806784848871,
                    "support": 3979.0
                },
                "1": {
                    "precision": 0.9761138681354639,
                    "recall": 0.9792379024537025,
                    "f1-score": 0.9776733896846964,
                    "support": 36557.0
                },
                "accuracy": 0.9596654825340438,
                "macro avg": {
                    "precision": 0.8897917864758107,
                    "recall": 0.8795410422044838,
                    "f1-score": 0.8845770340847918,
                    "support": 40536.0
                },
                "weighted avg": {
                    "precision": 0.9591671756683354,
                    "recall": 0.9596654825340438,
                    "f1-score": 0.9593967763566906,
                    "support": 40536.0
                }
            },
            {
                "0": {
                    "precision": 0.7779056386651323,
                    "recall": 0.8494596632319679,
                    "f1-score": 0.8121095627102355,
                    "support": 3979.0
                },
                "1": {
                    "precision": 0.9834489237655771,
                    "recall": 0.9736028667560248,
                    "f1-score": 0.978501127178754,
                    "support": 36557.0
                },
                "accuracy": 0.9614170120386817,
                "macro avg": {
                    "precision": 0.8806772812153547,
                    "recall": 0.9115312649939964,
                    "f1-score": 0.8953053449444948,
                    "support": 40536.0
                },
                "weighted avg": {
                    "precision": 0.9632728646720634,
                    "recall": 0.9614170120386817,
                    "f1-score": 0.9621681876923657,
                    "support": 40536.0
                }
            },
            {
                "0": {
                    "precision": 0.7732746641963872,
                    "recall": 0.8391555667253079,
                    "f1-score": 0.8048692298421116,
                    "support": 3979.0
                },
                "1": {
                    "precision": 0.9823292285603843,
                    "recall": 0.9732199031649206,
                    "f1-score": 0.9777533493644796,
                    "support": 36557.0
                },
                "accuracy": 0.9600601934083284,
                "macro avg": {
                    "precision": 0.8778019463783857,
                    "recall": 0.9061877349451142,
                    "f1-score": 0.8913112896032955,
                    "support": 40536.0
                },
                "weighted avg": {
                    "precision": 0.9618085034862688,
                    "recall": 0.9600601934083284,
                    "f1-score": 0.9607831028779119,
                    "support": 40536.0
                }
            },
            {
                "0": {
                    "precision": 0.6837513631406761,
                    "recall": 0.6326942482341069,
                    "f1-score": 0.6572327044025157,
                    "support": 3964.0
                },
                "1": {
                    "precision": 0.9799214681556155,
                    "recall": 0.9623673558691609,
                    "f1-score": 0.9710650863080044,
                    "support": 36564.0
                },
                "2": {
                    "precision": 0.32601678502259523,