{
    "TabNet": {
        "filter_sizes": [
            12000,
            8000,
            6000
        ],
        "training_time_seconds": [
            390.12295866012573,
            363.4924142360687,
            461.6304008960724
        ],
        "num_classes": [
            2,
            2,
            2
        ],
        "test_f1_macro": [
            0.8292370554382755,
            0.8292370554382755,
            0.8292370554382755
        ],
        "test_f1_micro": [
            0.9487369252022894,
            0.9487369252022894,
            0.9487369252022894
        ],
        "test_f1_weighted": [
            0.9438596671735842,
            0.9438596671735842,
            0.9438596671735842
        ],
        "cv_class_weights": [
            0.0,
            0.0,
            0.0
        ],
        "total_training_samples": [
            129714,
            129714,
            129714
        ],
        "imbalance_ratio": [
            9.49211356466877,
            9.49211356466877,
            9.49211356466877
        ],
        "entropy": [
            0.31465333266360546,
            0.31465333266360546,
            0.31465333266360546
        ],
        "test_precision_macro": [
            0.9109765146168489,
            0.9109765146168489,
            0.9109765146168489
        ],
        "test_recall_macro": [
            0.7791457401578896,
            0.7791457401578896,
            0.7791457401578896
        ],
        "classification_reports": [
            {
                "0": {
                    "precision": 0.867607783288821,
                    "recall": 0.5677902621722847,
                    "f1-score": 0.6863869604587987,
                    "support": 4005.0
                },
                "1": {
                    "precision": 0.9543452459448767,
                    "recall": 0.9905012181434946,
                    "f1-score": 0.9720871504177525,
                    "support": 36531.0
                },
                "accuracy": 0.9487369252022894,
                "macro avg": {
                    "precision": 0.9109765146168489,
                    "recall": 0.7791457401578896,
                    "f1-score": 0.8292370554382755,
                    "support": 40536.0
                },
                "weighted avg": {
                    "precision": 0.9457754921966651,
                    "recall": 0.9487369252022894,
                    "f1-score": 0.9438596671735842,
                    "support": 40536.0
                }
            },
            {
                "0": {
                    "precision": 0.867607783288821,
                    "recall": 0.5677902621722847,
                    "f1-score": 0.6863869604587987,
                    "support": 4005.0
                },
                "1": {
                    "precision": 0.9543452459448767,
                    "recall": 0.9905012181434946,
                    "f1-score": 0.9720871504177525,
                    "support": 36531.0
                },
                "accuracy": 0.9487369252022894,
                "macro avg": {
                    "precision": 0.9109765146168489,
                    "recall": 0.7791457401578896,
                    "f1-score": 0.8292370554382755,
                    "support": 40536.0
                },
                "weighted avg": {
                    "precision": 0.9457754921966651,
                    "recall": 0.9487369252022894,
                    "f1-score": 0.9438596671735842,
                    "support": 40536.0
                }
            },
            {
                "0": {
                    "precision": 0.867607783288821,
                    "recall": 0.5677902621722847,
                    "f1-score": 0.6863869604587987,
                    "support": 4005.0
                },
                "1": {
                    "precision": 0.9543452459448767,
                    "recall": 0.9905012181434946,
                    "f1-score": 0.9720871504177525,
                    "support": 36531.0
                },
                "accuracy": 0.9487369252022894,
                "macro avg": {
                    "precision": 0.9109765146168489,
                    "recall": 0.7791457401578896,
                    "f1-score": 0.8292370554382755,
                    "support": 40536.0
                },
                "weighted avg": {
                    "precision": 0.9457754921966651,
                    "recall": 0.9487369252022894,
                    "f1-score": 0.9438596671735842,
                    "support": 40536.0
                }
            }
        ],
        "confusion_matrices": [
            [
                [
                    2274,
                    1731
                ],
                [
                    347,
                    36184
                ]
            ],
            [
                [
                    2274,
                    1731
                ],
                [
                    347,
                    36184
                ]
            ],
            [
                [
                    2274,
                    1731
                ],
                [
                    347,
                    36184
                ]
            ]
        ]
    }
}