{
    "TabNet": {
        "filter_sizes": [
            12000,
            8000,
            6000,
            4500,
            3500,
            1500,
            1000,
            300
        ],
        "training_time_seconds": [
            577.4097890853882,
            610.0735819339752,
            543.495546579361,
            574.4711742401123,
            532.0413324832916,
            566.953305721283,
            558.4299232959747,
            891.1143836975098
        ],
        "num_classes": [
            2,
            2,
            2,
            3,
            3,
            3,
            3,
            4
        ],
        "test_f1_macro": [
            0.9999381188738645,
            0.9999381188738645,
            0.9999381188738645,
            0.7978989220996086,
            0.7978989220996086,
            0.7978989220996086,
            0.7978989220996086,
            0.7037941342014036
        ],
        "test_f1_micro": [
            0.9999516814843448,
            0.9999516814843448,
            0.9999516814843448,
            0.9522008415677746,
            0.9522008415677746,
            0.9522008415677746,
            0.9522008415677746,
            0.958519915154372
        ],
        "test_f1_weighted": [
            0.9999516800845502,
            0.9999516800845502,
            0.9999516800845502,
            0.9629314311929028,
            0.9629314311929028,
            0.9629314311929028,
            0.9629314311929028,
            0.9652952489035618
        ],
        "cv_class_weights": [
            0.4692648013650022,
            0.4692648013650022,
            0.4692648013650022,
            0.8667902007756005,
            0.8667902007756005,
            0.8667902007756005,
            0.8667902007756005,
            1.1506919191508056
        ],
        "total_training_samples": [
            132454,
            132454,
            132454,
            135364,
            135364,
            135364,
            135364,
            135776
        ],
        "imbalance_ratio": [
            2.7683575635153206,
            2.7683575635153206,
            2.7683575635153206,
            33.45197934595525,
            33.45197934595525,
            33.45197934595525,
            33.45197934595525,
            242.02487562189054
        ],
        "entropy": [
            0.5785967144065348,
            0.5785967144065348,
            0.5785967144065348,
            0.67083072117716,
            0.67083072117716,
            0.67083072117716,
            0.67083072117716,
            0.6884419144397642
        ],
        "test_precision_macro": [
            0.9999670901072862,
            0.9999670901072862,
            0.9999670901072862,
            0.7610764353832778,
            0.7610764353832778,
            0.7610764353832778,
            0.7610764353832778,
            0.6556143533566772
        ],
        "test_recall_macro": [
            0.9999091569767442,
            0.9999091569767442,
            0.9999091569767442,
            0.9203613266511165,
            0.9203613266511165,
            0.9203613266511165,
            0.9203613266511165,
            0.8070505606303587
        ],
        "classification_reports": [
            {
                "0": {
                    "precision": 0.9999341802145725,
                    "recall": 1.0,
                    "f1-score": 0.9999670890241895,
                    "support": 30384.0
                },
                "1": {
                    "precision": 1.0,
                    "recall": 0.9998183139534884,
                    "f1-score": 0.9999091487235395,
                    "support": 11008.0
                },
                "accuracy": 0.9999516814843448,
                "macro avg": {
                    "precision": 0.9999670901072862,
                    "recall": 0.9999091569767442,
                    "f1-score": 0.9999381188738645,
                    "support": 41392.0
                },
                "weighted avg": {
                    "precision": 0.9999516846646591,
                    "recall": 0.9999516814843448,
                    "f1-score": 0.9999516800845502,
                    "support": 41392.0
                }
            },
            {
                "0": {
                    "precision": 0.9999341802145725,
                    "recall": 1.0,
                    "f1-score": 0.9999670890241895,
                    "support": 30384.0
                },
                "1": {
                    "precision": 1.0,
                    "recall": 0.9998183139534884,
                    "f1-score": 0.9999091487235395,
                    "support": 11008.0
                },
                "accuracy": 0.9999516814843448,
                "macro avg": {
                    "precision": 0.9999670901072862,
                    "recall": 0.9999091569767442,
                    "f1-score": 0.9999381188738645,
                    "support": 41392.0
                },
                "weighted avg": {
                    "precision": 0.9999516846646591,
                    "recall": 0.9999516814843448,
                    "f1-score": 0.9999516800845502,
                    "support": 41392.0
                }
            },
            {
                "0": {
                    "precision": 0.9999341802145725,
                    "recall": 1.0,
                    "f1-score": 0.9999670890241895,
                    "support": 30384.0
                },
                "1": {
                    "precision": 1.0,
                    "recall": 0.9998183139534884,
                    "f1-score": 0.9999091487235395,
                    "support": 11008.0
                },
                "accuracy": 0.9999516814843448,
                "macro avg": {
                    "precision": 0.9999670901072862,
                    "recall": 0.9999091569767442,
                    "f1-score": 0.9999381188738645,
                    "support": 41392.0
                },
                "weighted avg": {
                    "precision": 0.9999516846646591,
                    "recall": 0.9999516814843448,
                    "f1-score": 0.9999516800845502,
                    "support": 41392.0
                }
            },
            {
                "0": {
                    "precision": 0.2894433781190019,
                    "recall": 0.822246455834242,
                    "f1-score": 0.4281658148779103,
                    "support": 917.0
                },
                "1": {
                    "precision": 0.9942470975567492,
                    "recall": 0.939298693645025,
                    "f1-score": 0.9659921209468332,
                    "support": 30543.0
                },
                "2": {
                    "precision": 0.9995388304740823,
                    "recall": 0.9995388304740823,
                    "f1-score": 0.9995388304740823,
                    "support": 10842.0
                },
                "accuracy": 0.9522008415677746,
                "macro avg": {
                    "precision": 0.7610764353832778,
                    "recall": 0.9203613266511165,
                    "f1-score": 0.7978989220996086,
                    "support": 42302.0
                },
                "weighted avg": {
                    "precision": 0.9803250124913931,
                    "recall": 0.9522008415677746,
                    "f1-score": 0.9629314311929028,
                    "support": 42302.0
                }
            },
            {
                "0": {
                    "precision": 0.2894433781190019,
                    "recall": 0.822246455834242,
                    "f1-score": 0.4281658148779103,
                    "support": 917.0
                },
                "1": {
                    "precision": 0.9942470975567492,
                    "recall": 0.939298693645025,
                    "f1-score": 0.9659921209468332,