{
    "AdvancedTabularClassifier": {
        "filter_sizes": [
            12000,
            8000,
            6000,
            4500,
            3500,
            1500,
            1000,
            300
        ],
        "training_time_seconds": [
            43.53476858139038,
            47.59844613075256,
            45.66634559631348,
            51.228286027908325,
            53.810330390930176,
            64.59340023994446,
            55.00888538360596,
            51.73540663719177
        ],
        "num_classes": [
            2,
            2,
            2,
            2,
            4,
            5,
            5,
            5
        ],
        "test_f1_macro": [
            0.8862049964490598,
            0.8954126261161759,
            0.8890112404685233,
            0.8909763050840547,
            0.6623839550751041,
            0.5740945641599039,
            0.554503332577079,
            0.5493054678063712
        ],
        "test_f1_micro": [
            0.9597641602526149,
            0.9625518058022499,
            0.9601588711268996,
            0.9606275902901125,
            0.9376484560570071,
            0.9303323120433655,
            0.9287768088616545,
            0.9301437662031582
        ],
        "test_f1_weighted": [
            0.9597348187433196,
            0.9627585278285016,
            0.960428510891835,
            0.9610102424125408,
            0.9347578352411646,
            0.9290416864479341,
            0.9252530957585687,
            0.9266328490516965
        ],
        "cv_class_weights": [
            0.0,
            0.0,
            0.0,
            0.0,
            0.0,
            0.0,
            0.0,
            0.0
        ],
        "imbalance_ratio": [
            9.474321705426357,
            9.474321705426357,
            9.474321705426357,
            9.474321705426357,
            47.042502004811546,
            110.57964184731385,
            110.57964184731385,
            110.57964184731385
        ],
        "total_training_samples": [
            129714,
            129714,
            129714,
            129714,
            134718,
            135776,
            135776,
            135776
        ],
        "entropy": [
            0.3150175183558238,
            0.3150175183558238,
            0.3150175183558238,
            0.3150175183558238,
            0.4878513770286893,
            0.5297442692876037,
            0.5297442692876037,
            0.5297442692876037
        ],
        "test_precision_macro": [
            0.8867693483204449,
            0.8911097534476652,
            0.8838383703885979,
            0.8835678520725162,
            0.7058352895880885,
            0.5830300267569323,
            0.5963514552293459,
            0.6091852927181909
        ],
        "test_recall_macro": [
            0.8856428031777165,
            0.8998423508027479,
            0.8943723051367493,
            0.8987755236561001,
            0.6611910188453433,
            0.5741197050196469,
            0.5441362062120476,
            0.5425328312657396
        ],
        "classification_reports": [
            {
                "0": {
                    "precision": 0.7960161371659102,
                    "recall": 0.7934154310128173,
                    "f1-score": 0.7947136563876652,
                    "support": 3979.0
                },
                "1": {
                    "precision": 0.9775225594749795,
                    "recall": 0.9778701753426157,
                    "f1-score": 0.9776963365104544,
                    "support": 36557.0
                },
                "accuracy": 0.9597641602526149,
                "macro avg": {
                    "precision": 0.8867693483204449,
                    "recall": 0.8856428031777165,
                    "f1-score": 0.8862049964490598,
                    "support": 40536.0
                },
                "weighted avg": {
                    "precision": 0.9597059506737217,
                    "recall": 0.9597641602526149,
                    "f1-score": 0.9597348187433196,
                    "support": 40536.0
                }
            },
            {
                "0": {
                    "precision": 0.801667075263545,
                    "recall": 0.8218145262628801,
                    "f1-score": 0.8116157855547282,
                    "support": 3979.0
                },
                "1": {
                    "precision": 0.9805524316317854,
                    "recall": 0.9778701753426157,
                    "f1-score": 0.9792094666776234,
                    "support": 36557.0
                },
                "accuracy": 0.9625518058022499,
                "macro avg": {
                    "precision": 0.8911097534476652,
                    "recall": 0.8998423508027479,
                    "f1-score": 0.8954126261161759,
                    "support": 40536.0
                },
                "weighted avg": {
                    "precision": 0.962993105773555,
                    "recall": 0.9625518058022499,
                    "f1-score": 0.9627585278285016,
                    "support": 40536.0
                }
            },
            {
                "0": {
                    "precision": 0.788152120916626,
                    "recall": 0.812515707464187,
                    "f1-score": 0.8001484964732087,
                    "support": 3979.0
                },
                "1": {
                    "precision": 0.9795246198605698,
                    "recall": 0.9762289028093115,
                    "f1-score": 0.977873984463838,
                    "support": 36557.0
                },
                "accuracy": 0.9601588711268996,
                "macro avg": {
                    "precision": 0.8838383703885979,
                    "recall": 0.8943723051367493,
                    "f1-score": 0.8890112404685233,
                    "support": 40536.0
                },
                "weighted avg": {
                    "precision": 0.9607395603258858,
                    "recall": 0.9601588711268996,
                    "f1-score": 0.960428510891835,
                    "support": 40536.0
                }
            },
            {
                "0": {
                    "precision": 0.7866249699302381,
                    "recall": 0.8218145262628801,
                    "f1-score": 0.803834808259587,
                    "support": 3979.0
                },
                "1": {
                    "precision": 0.9805107342147943,
                    "recall": 0.9757365210493203,
                    "f1-score": 0.9781178019085225,
                    "support": 36557.0
                },
                "accuracy": 0.9606275902901125,
                "macro avg": {
                    "precision": 0.8835678520725162,
                    "recall": 0.8987755236561001,
                    "f1-score": 0.8909763050840547,
                    "support": 40536.0
                },
                "weighted avg": {
                    "precision": 0.961478973407407,
                    "recall": 0.9606275902901125,
                    "f1-score": 0.9610102424125408,
                    "support": 40536.0
                }
            },
            {
                "0": {
                    "precision": 0.691234191016136,
                    "recall": 0.7996972754793138,
                    "f1-score": 0.7415204678362574,
                    "support": 3964.0
                },
                "1": {
                    "precision": 0.977746679837559,
                    "recall": 0.9745377967399628,
                    "f1-score": 0.9761396011396012,
                    "support": 36564.0
                },
                "2": {
                    "precision": 0.4756554307116105,
                    "recall": 0.15717821782178218,
                    "f1-score": 0.23627906976744187,