{
    "TabNet": {
        "filter_sizes": [
            12000,
            8000,
            6000,
            4500,
            3500,
            1500,
            1000,
            300
        ],
        "training_time_seconds": [
            525.933691740036,
            441.83170223236084,
            466.5809841156006,
            496.84970474243164,
            397.81899881362915,
            745.4996933937073,
            702.0524878501892,
            702.980774641037
        ],
        "num_classes": [
            2,
            2,
            2,
            2,
            4,
            5,
            5,
            5
        ],
        "test_f1_macro": [
            0.8579423118757097,
            0.8579423118757097,
            0.8579423118757097,
            0.8579423118757097,
            0.52659300213816,
            0.43871091349717517,
            0.43871091349717517,
            0.43871091349717517
        ],
        "test_f1_micro": [
            0.9559403986579831,
            0.9559403986579831,
            0.9559403986579831,
            0.9559403986579831,
            0.9250118764845606,
            0.9228376148951214,
            0.9228376148951214,
            0.9228376148951214
        ],
        "test_f1_weighted": [
            0.9529540009795167,
            0.9529540009795167,
            0.9529540009795167,
            0.9529540009795167,
            0.9134112876136725,
            0.9098485063097987,
            0.9098485063097987,
            0.9098485063097987
        ],
        "cv_class_weights": [
            0.8086559662025687,
            0.8086559662025687,
            0.8086559662025687,
            0.8086559662025687,
            1.4366621794956078,
            1.6678686811107044,
            1.6678686811107044,
            1.6678686811107044
        ],
        "total_training_samples": [
            129714,
            129714,
            129714,
            129714,
            134718,
            135776,
            135776,
            135776
        ],
        "imbalance_ratio": [
            9.452377115229654,
            9.452377115229654,
            9.452377115229654,
            9.452377115229654,
            46.95152243589744,
            114.06219630709427,
            114.06219630709427,
            114.06219630709427
        ],
        "entropy": [
            0.31546799447249385,
            0.31546799447249385,
            0.31546799447249385,
            0.31546799447249385,
            0.49072858973452826,
            0.5277341214163044,
            0.5277341214163044,
            0.5277341214163044
        ],
        "test_precision_macro": [
            0.9162644302991765,
            0.9162644302991765,
            0.9162644302991765,
            0.9162644302991765,
            0.5760948155125462,
            0.5174626908091101,
            0.5174626908091101,
            0.5174626908091101
        ],
        "test_recall_macro": [
            0.8166972255572262,
            0.8166972255572262,
            0.8166972255572262,
            0.8166972255572262,
            0.4980601505231388,
            0.43435989772641825,
            0.43435989772641825,
            0.43435989772641825
        ],
        "classification_reports": [
            {
                "0": {
                    "precision": 0.8699075659020883,
                    "recall": 0.6437800861413732,
                    "f1-score": 0.7399534071054165,
                    "support": 3947.0
                },
                "1": {
                    "precision": 0.9626212946962648,
                    "recall": 0.9896143649730793,
                    "f1-score": 0.9759312166460029,
                    "support": 36589.0
                },
                "accuracy": 0.9559403986579831,
                "macro avg": {
                    "precision": 0.9162644302991765,
                    "recall": 0.8166972255572262,
                    "f1-score": 0.8579423118757097,
                    "support": 40536.0
                },
                "weighted avg": {
                    "precision": 0.9535937367835301,
                    "recall": 0.9559403986579831,
                    "f1-score": 0.9529540009795167,
                    "support": 40536.0
                }
            },
            {
                "0": {
                    "precision": 0.8699075659020883,
                    "recall": 0.6437800861413732,
                    "f1-score": 0.7399534071054165,
                    "support": 3947.0
                },
                "1": {
                    "precision": 0.9626212946962648,
                    "recall": 0.9896143649730793,
                    "f1-score": 0.9759312166460029,
                    "support": 36589.0
                },
                "accuracy": 0.9559403986579831,
                "macro avg": {
                    "precision": 0.9162644302991765,
                    "recall": 0.8166972255572262,
                    "f1-score": 0.8579423118757097,
                    "support": 40536.0
                },
                "weighted avg": {
                    "precision": 0.9535937367835301,
                    "recall": 0.9559403986579831,
                    "f1-score": 0.9529540009795167,
                    "support": 40536.0
                }
            },
            {
                "0": {
                    "precision": 0.8699075659020883,
                    "recall": 0.6437800861413732,
                    "f1-score": 0.7399534071054165,
                    "support": 3947.0
                },
                "1": {
                    "precision": 0.9626212946962648,
                    "recall": 0.9896143649730793,
                    "f1-score": 0.9759312166460029,
                    "support": 36589.0
                },
                "accuracy": 0.9559403986579831,
                "macro avg": {
                    "precision": 0.9162644302991765,
                    "recall": 0.8166972255572262,
                    "f1-score": 0.8579423118757097,
                    "support": 40536.0
                },
                "weighted avg": {
                    "precision": 0.9535937367835301,
                    "recall": 0.9559403986579831,
                    "f1-score": 0.9529540009795167,
                    "support": 40536.0
                }
            },
            {
                "0": {
                    "precision": 0.8699075659020883,
                    "recall": 0.6437800861413732,
                    "f1-score": 0.7399534071054165,
                    "support": 3947.0
                },
                "1": {
                    "precision": 0.9626212946962648,
                    "recall": 0.9896143649730793,
                    "f1-score": 0.9759312166460029,
                    "support": 36589.0
                },
                "accuracy": 0.9559403986579831,
                "macro avg": {
                    "precision": 0.9162644302991765,
                    "recall": 0.8166972255572262,
                    "f1-score": 0.8579423118757097,
                    "support": 40536.0
                },
                "weighted avg": {
                    "precision": 0.9535937367835301,
                    "recall": 0.9559403986579831,
                    "f1-score": 0.9529540009795167,
                    "support": 40536.0
                }
            },
            {
                "0": {
                    "precision": 0.6809470124013529,
                    "recall": 0.6246122026887281,
                    "f1-score": 0.651564185544768,
                    "support": 3868.0
                },
                "1": {
                    "precision": 0.9505784213425671,
                    "recall": 0.986550869837467,
                    "f1-score": 0.9682306417998183,
                    "support": 36731.0
                },
                "2": {
                    "precision": 0.0,
                    "recall": 0.0,