{
    "AdvancedTabularClassifier": {
        "filter_sizes": [
            12000,
            8000,
            6000,
            4500,
            3500,
            1500,
            1000,
            300
        ],
        "training_time_seconds": [
            39.81630754470825,
            48.16231298446655,
            41.55508780479431,
            43.321131467819214,
            51.008662700653076,
            53.6977334022522,
            45.3505380153656,
            49.10554838180542
        ],
        "num_classes": [
            2,
            2,
            2,
            2,
            4,
            5,
            5,
            5
        ],
        "test_f1_macro": [
            0.8547369265731012,
            0.8717227034752215,
            0.8593550549132507,
            0.8707103307673103,
            0.5817291391545406,
            0.4827044076321315,
            0.4730848682477225,
            0.4470206785369893
        ],
        "test_f1_micro": [
            0.9363775409512533,
            0.9459246102230117,
            0.9393132030787448,
            0.9453572133412276,
            0.8632541567695962,
            0.8518029695969833,
            0.844025453688428,
            0.8080367664388405
        ],
        "test_f1_weighted": [
            0.9422583302129524,
            0.9501317115202915,
            0.9445820065863128,
            0.9496638108651343,
            0.8846766830437974,
            0.8776311928184702,
            0.8707621720040402,
            0.8460045222103975
        ],
        "cv_class_weights": [
            0.8086559662025687,
            0.8086559662025687,
            0.8086559662025687,
            0.8086559662025687,
            1.4366621794956078,
            1.6678686811107044,
            1.6678686811107044,
            1.6678686811107044
        ],
        "imbalance_ratio": [
            9.474321705426357,
            9.474321705426357,
            9.474321705426357,
            9.474321705426357,
            47.042502004811546,
            110.57964184731385,
            110.57964184731385,
            110.57964184731385
        ],
        "total_training_samples": [
            129714,
            129714,
            129714,
            129714,
            134718,
            135776,
            135776,
            135776
        ],
        "entropy": [
            0.3150175183558238,
            0.3150175183558238,
            0.3150175183558238,
            0.3150175183558238,
            0.4878513770286893,
            0.5297442692876037,
            0.5297442692876037,
            0.5297442692876037
        ],
        "test_precision_macro": [
            0.8039075463375578,
            0.824818852430658,
            0.8101377322650969,
            0.8234673442238536,
            0.5171173593717319,
            0.43298526832820594,
            0.42212381520182174,
            0.39807182011157694
        ],
        "test_recall_macro": [
            0.9428897415399995,
            0.9451593195155107,
            0.9413818284154131,
            0.9451806896071158,
            0.7580610677056008,
            0.6219843568095105,
            0.6192242561037921,
            0.6078967776484253
        ],
        "classification_reports": [
            {
                "0": {
                    "precision": 0.6134889753566797,
                    "recall": 0.9509927117366173,
                    "f1-score": 0.7458362077461319,
                    "support": 3979.0
                },
                "1": {
                    "precision": 0.9943261173184358,
                    "recall": 0.9347867713433816,
                    "f1-score": 0.9636376454000705,
                    "support": 36557.0
                },
                "accuracy": 0.9363775409512533,
                "macro avg": {
                    "precision": 0.8039075463375578,
                    "recall": 0.9428897415399995,
                    "f1-score": 0.8547369265731012,
                    "support": 40536.0
                },
                "weighted avg": {
                    "precision": 0.9569432727391524,
                    "recall": 0.9363775409512533,
                    "f1-score": 0.9422583302129524,
                    "support": 40536.0
                }
            },
            {
                "0": {
                    "precision": 0.6560153658110703,
                    "recall": 0.9442070872078412,
                    "f1-score": 0.7741603132083248,
                    "support": 3979.0
                },
                "1": {
                    "precision": 0.9936223390502457,
                    "recall": 0.9461115518231802,
                    "f1-score": 0.9692850937421181,
                    "support": 36557.0
                },
                "accuracy": 0.9459246102230117,
                "macro avg": {
                    "precision": 0.824818852430658,
                    "recall": 0.9451593195155107,
                    "f1-score": 0.8717227034752215,
                    "support": 40536.0
                },
                "weighted avg": {
                    "precision": 0.9604829531582317,
                    "recall": 0.9459246102230117,
                    "f1-score": 0.9501317115202915,
                    "support": 40536.0
                }
            },
            {
                "0": {
                    "precision": 0.6267311863841148,
                    "recall": 0.9439557677808494,
                    "f1-score": 0.753309265944645,
                    "support": 3979.0
                },
                "1": {
                    "precision": 0.9935442781460788,
                    "recall": 0.9388078890499767,
                    "f1-score": 0.9654008438818565,
                    "support": 36557.0
                },
                "accuracy": 0.9393132030787448,
                "macro avg": {
                    "precision": 0.8101377322650969,
                    "recall": 0.9413818284154131,
                    "f1-score": 0.8593550549132507,
                    "support": 40536.0
                },
                "weighted avg": {
                    "precision": 0.9575380295739242,
                    "recall": 0.9393132030787448,
                    "f1-score": 0.9445820065863128,
                    "support": 40536.0
                }
            },
            {
                "0": {
                    "precision": 0.6532314107018763,
                    "recall": 0.9449610454888163,
                    "f1-score": 0.7724704673857217,
                    "support": 3979.0
                },
                "1": {
                    "precision": 0.9937032777458309,
                    "recall": 0.9454003337254151,
                    "f1-score": 0.9689501941488989,
                    "support": 36557.0
                },
                "accuracy": 0.9453572133412276,
                "macro avg": {
                    "precision": 0.8234673442238536,
                    "recall": 0.9451806896071158,
                    "f1-score": 0.8707103307673103,
                    "support": 40536.0
                },
                "weighted avg": {
                    "precision": 0.9602826748504318,
                    "recall": 0.9453572133412276,
                    "f1-score": 0.9496638108651343,
                    "support": 40536.0
                }
            },
            {
                "0": {
                    "precision": 0.49908219457475017,
                    "recall": 0.6173057517658931,
                    "f1-score": 0.5519341378143678,
                    "support": 3964.0
                },
                "1": {
                    "precision": 0.9925640403059366,
                    "recall": 0.894404332129964,
                    "f1-score": 0.9409310622626309,
                    "support": 36564.0
                },
                "2": {
                    "precision": 0.23613963039014374,