{
    "TabNet": {
        "filter_sizes": [
            12000,
            8000,
            6000,
            4500,
            3500,
            1500,
            1000,
            300
        ],
        "training_time_seconds": [
            2952.5647008419037,
            2576.3481562137604,
            2104.298491001129,
            2036.9798712730408,
            2300.760244846344,
            2171.911591053009,
            1933.5059592723846,
            1915.8405101299286
        ],
        "num_classes": [
            2,
            3,
            4,
            4,
            4,
            4,
            4,
            4
        ],
        "test_f1_macro": [
            0.7130107003330297,
            0.6313476635062717,
            0.5017714026395781,
            0.5017714026395781,
            0.5017714026395781,
            0.5017714026395781,
            0.5017714026395781,
            0.5017714026395781
        ],
        "test_f1_micro": [
            0.7432109663014694,
            0.7021604560690955,
            0.6841857176526043,
            0.6841857176526043,
            0.6841857176526043,
            0.6841857176526043,
            0.6841857176526043,
            0.6841857176526043
        ],
        "test_f1_weighted": [
            0.7351938168643094,
            0.6864598356619184,
            0.6686165240914098,
            0.6686165240914098,
            0.6686165240914098,
            0.6686165240914098,
            0.6686165240914098,
            0.6686165240914098
        ],
        "cv_class_weights": [
            0.23930680859349646,
            0.6477816261160413,
            0.8713868612097392,
            0.8713868612097392,
            0.8713868612097392,
            0.8713868612097392,
            0.8713868612097392,
            0.8713868612097392
        ],
        "total_training_samples": [
            123256,
            130785,
            135776,
            135776,
            135776,
            135776,
            135776,
            135776
        ],
        "imbalance_ratio": [
            1.6291808873720137,
            10.217542452199492,
            15.242267012572341,
            15.242267012572341,
            15.242267012572341,
            15.242267012572341,
            15.242267012572341,
            15.242267012572341
        ],
        "entropy": [
            0.9582864441966218,
            0.7694830902709863,
            0.7021724316762363,
            0.7021724316762363,
            0.7021724316762363,
            0.7021724316762363,
            0.7021724316762363,
            0.7021724316762363
        ],
        "test_precision_macro": [
            0.7336830318272695,
            0.6702048100291189,
            0.5537225115382353,
            0.5537225115382353,
            0.5537225115382353,
            0.5537225115382353,
            0.5537225115382353,
            0.5537225115382353
        ],
        "test_recall_macro": [
            0.7059991597545646,
            0.6135598135517779,
            0.48077258774651366,
            0.48077258774651366,
            0.48077258774651366,
            0.48077258774651366,
            0.48077258774651366,
            0.48077258774651366
        ],
        "classification_reports": [
            {
                "0": {
                    "precision": 0.7104730027305558,
                    "recall": 0.5498295841854124,
                    "f1-score": 0.619913153748607,
                    "support": 14670.0
                },
                "1": {
                    "precision": 0.7568930609239831,
                    "recall": 0.8621687353237169,
                    "f1-score": 0.8061082469174524,
                    "support": 23848.0
                },
                "accuracy": 0.7432109663014694,
                "macro avg": {
                    "precision": 0.7336830318272695,
                    "recall": 0.7059991597545646,
                    "f1-score": 0.7130107003330297,
                    "support": 38518.0
                },
                "weighted avg": {
                    "precision": 0.7392134759585752,
                    "recall": 0.7432109663014694,
                    "f1-score": 0.7351938168643094,
                    "support": 38518.0
                }
            },
            {
                "0": {
                    "precision": 0.6488639716730599,
                    "recall": 0.45003069786479294,
                    "f1-score": 0.5314589543220817,
                    "support": 14659.0
                },
                "1": {
                    "precision": 0.6362704918032787,
                    "recall": 0.5140728476821192,
                    "f1-score": 0.5686813186813187,
                    "support": 2416.0
                },
                "2": {
                    "precision": 0.7254799666110183,
                    "recall": 0.8765758951084216,
                    "f1-score": 0.7939027175154145,
                    "support": 23796.0
                },
                "accuracy": 0.7021604560690955,
                "macro avg": {
                    "precision": 0.6702048100291189,
                    "recall": 0.6135598135517779,
                    "f1-score": 0.6313476635062717,
                    "support": 40871.0
                },
                "weighted avg": {
                    "precision": 0.6927270620838222,
                    "recall": 0.7021604560690955,
                    "f1-score": 0.6864598356619184,
                    "support": 40871.0
                }
            },
            {
                "0": {
                    "precision": 0.6046363419103004,
                    "recall": 0.5147856755290288,
                    "f1-score": 0.5561050664908231,
                    "support": 14744.0
                },
                "1": {
                    "precision": 0.25609756097560976,
                    "recall": 0.0821917808219178,
                    "f1-score": 0.12444444444444444,
                    "support": 1533.0
                },
                "2": {
                    "precision": 0.6221846846846847,
                    "recall": 0.47856214811606756,
                    "f1-score": 0.5410036719706243,
                    "support": 2309.0
                },
                "3": {
                    "precision": 0.7319714585823464,
                    "recall": 0.8475507465190404,
                    "f1-score": 0.7855324276524207,
                    "support": 23844.0
                },
                "accuracy": 0.6841857176526043,
                "macro avg": {
                    "precision": 0.5537225115382353,
                    "recall": 0.48077258774651366,
                    "f1-score": 0.5017714026395781,
                    "support": 42430.0
                },
                "weighted avg": {
                    "precision": 0.6645559199027924,
                    "recall": 0.6841857176526043,
                    "f1-score": 0.6686165240914098,
                    "support": 42430.0
                }
            },
            {
                "0": {
                    "precision": 0.6046363419103004,
                    "recall": 0.5147856755290288,
                    "f1-score": 0.5561050664908231,
                    "support": 14744.0
                },
                "1": {
                    "precision": 0.25609756097560976,
                    "recall": 0.0821917808219178,
                    "f1-score": 0.12444444444444444,
                    "support": 1533.0
                },
                "2": {
                    "precision": 0.6221846846846847,
                    "recall": 0.47856214811606756,
                    "f1-score": 0.5410036719706243,
                    "support": 2309.0
                },
                "3": {
                    "precision": 0.7319714585823464,
                    "recall": 0.8475507465190404,
                    "f1-score": 0.7855324276524207,