{
    "TabNet": {
        "filter_sizes": [
            12000,
            8000,
            6000,
            4500,
            3500,
            1500,
            1000,
            300
        ],
        "training_time_seconds": [
            427.667475938797,
            390.67975759506226,
            443.2988028526306,
            398.586088180542,
            605.9672055244446,
            1188.5702726840973,
            1287.5187830924988,
            1227.102127313614
        ],
        "num_classes": [
            2,
            2,
            2,
            2,
            4,
            5,
            5,
            5
        ],
        "test_f1_macro": [
            0.8398232498583538,
            0.8398232498583538,
            0.8398232498583538,
            0.8398232498583538,
            0.5461157839849223,
            0.4713511763068632,
            0.4713511763068632,
            0.4713511763068632
        ],
        "test_f1_micro": [
            0.9517959344779948,
            0.9517959344779948,
            0.9517959344779948,
            0.9517959344779948,
            0.9329691211401425,
            0.929884515672873,
            0.929884515672873,
            0.929884515672873
        ],
        "test_f1_weighted": [
            0.9481287068157794,
            0.9481287068157794,
            0.9481287068157794,
            0.9481287068157794,
            0.9237849359540163,
            0.9236259533972885,
            0.9236259533972885,
            0.9236259533972885
        ],
        "cv_class_weights": [
            0.16785383224487305,
            0.16785383224487305,
            0.16785383224487305,
            0.16785383224487305,
            0.5812859535217285,
            0.742190420627594,
            0.742190420627594,
            0.742190420627594
        ],
        "total_training_samples": [
            129714,
            129714,
            129714,
            129714,
            134718,
            135776,
            135776,
            135776
        ],
        "imbalance_ratio": [
            9.405422749879673,
            9.405422749879673,
            9.405422749879673,
            9.405422749879673,
            47.2953995157385,
            109.1266294227188,
            109.1266294227188,
            109.1266294227188
        ],
        "entropy": [
            0.31643667465474823,
            0.31643667465474823,
            0.31643667465474823,
            0.31643667465474823,
            0.4902316189401786,
            0.5318971440935818,
            0.5318971440935818,
            0.5318971440935818
        ],
        "test_precision_macro": [
            0.9034629442328372,
            0.9034629442328372,
            0.9034629442328372,
            0.9034629442328372,
            0.6068912979225625,
            0.47701615162215083,
            0.47701615162215083,
            0.47701615162215083
        ],
        "test_recall_macro": [
            0.7966688061390302,
            0.7966688061390302,
            0.7966688061390302,
            0.7966688061390302,
            0.5334407892624302,
            0.5049579346476305,
            0.5049579346476305,
            0.5049579346476305
        ],
        "classification_reports": [
            {
                "0": {
                    "precision": 0.8474882544271775,
                    "recall": 0.6048491101367036,
                    "f1-score": 0.705900060204696,
                    "support": 3877.0
                },
                "1": {
                    "precision": 0.9594376340384971,
                    "recall": 0.9884885021413569,
                    "f1-score": 0.9737464395120116,
                    "support": 36659.0
                },
                "accuracy": 0.9517959344779948,
                "macro avg": {
                    "precision": 0.9034629442328372,
                    "recall": 0.7966688061390302,
                    "f1-score": 0.8398232498583538,
                    "support": 40536.0
                },
                "weighted avg": {
                    "precision": 0.9487304171262935,
                    "recall": 0.9517959344779948,
                    "f1-score": 0.9481287068157794,
                    "support": 40536.0
                }
            },
            {
                "0": {
                    "precision": 0.8474882544271775,
                    "recall": 0.6048491101367036,
                    "f1-score": 0.705900060204696,
                    "support": 3877.0
                },
                "1": {
                    "precision": 0.9594376340384971,
                    "recall": 0.9884885021413569,
                    "f1-score": 0.9737464395120116,
                    "support": 36659.0
                },
                "accuracy": 0.9517959344779948,
                "macro avg": {
                    "precision": 0.9034629442328372,
                    "recall": 0.7966688061390302,
                    "f1-score": 0.8398232498583538,
                    "support": 40536.0
                },
                "weighted avg": {
                    "precision": 0.9487304171262935,
                    "recall": 0.9517959344779948,
                    "f1-score": 0.9481287068157794,
                    "support": 40536.0
                }
            },
            {
                "0": {
                    "precision": 0.8474882544271775,
                    "recall": 0.6048491101367036,
                    "f1-score": 0.705900060204696,
                    "support": 3877.0
                },
                "1": {
                    "precision": 0.9594376340384971,
                    "recall": 0.9884885021413569,
                    "f1-score": 0.9737464395120116,
                    "support": 36659.0
                },
                "accuracy": 0.9517959344779948,
                "macro avg": {
                    "precision": 0.9034629442328372,
                    "recall": 0.7966688061390302,
                    "f1-score": 0.8398232498583538,
                    "support": 40536.0
                },
                "weighted avg": {
                    "precision": 0.9487304171262935,
                    "recall": 0.9517959344779948,
                    "f1-score": 0.9481287068157794,
                    "support": 40536.0
                }
            },
            {
                "0": {
                    "precision": 0.8474882544271775,
                    "recall": 0.6048491101367036,
                    "f1-score": 0.705900060204696,
                    "support": 3877.0
                },
                "1": {
                    "precision": 0.9594376340384971,
                    "recall": 0.9884885021413569,
                    "f1-score": 0.9737464395120116,
                    "support": 36659.0
                },
                "accuracy": 0.9517959344779948,
                "macro avg": {
                    "precision": 0.9034629442328372,
                    "recall": 0.7966688061390302,
                    "f1-score": 0.8398232498583538,
                    "support": 40536.0
                },
                "weighted avg": {
                    "precision": 0.9487304171262935,
                    "recall": 0.9517959344779948,
                    "f1-score": 0.9481287068157794,
                    "support": 40536.0
                }
            },
            {
                "0": {
                    "precision": 0.6852459016393443,
                    "recall": 0.7625749283294241,
                    "f1-score": 0.7218453188602443,
                    "support": 3837.0
                },
                "1": {
                    "precision": 0.9649587750294464,
                    "recall": 0.9816186482217744,
                    "f1-score": 0.9732174194767678,
                    "support": 36722.0
                },
                "2": {
                    "precision": 0.125,
                    "recall": 0.0013192612137203166,