{
    "AdvancedTabularClassifier": {
        "filter_sizes": [
            12000,
            8000,
            6000,
            4500,
            3500,
            1500,
            1000,
            300
        ],
        "training_time_seconds": [
            44.40311574935913,
            46.6219117641449,
            45.97477197647095,
            46.17276906967163,
            45.90024542808533,
            42.02729415893555,
            54.63031792640686,
            45.45489311218262
        ],
        "num_classes": [
            2,
            2,
            2,
            2,
            4,
            5,
            5,
            5
        ],
        "test_f1_macro": [
            0.896487333396086,
            0.8913392728905782,
            0.895474114860033,
            0.8892785268315384,
            0.6809132614980505,
            0.5508077525680203,
            0.5129039904493576,
            0.5460350134412952
        ],
        "test_f1_micro": [
            0.9626504835208209,
            0.9614416814683244,
            0.9621324254983225,
            0.9610223011643971,
            0.9369121140142518,
            0.9255008248880509,
            0.9301201979731322,
            0.9299080839028989
        ],
        "test_f1_weighted": [
            0.962997550156257,
            0.9614825901498865,
            0.9625586795622108,
            0.9609079684562969,
            0.9351929015508755,
            0.9232322373055285,
            0.9242309150017156,
            0.926266718811395
        ],
        "cv_class_weights": [
            0.0,
            0.0,
            0.0,
            0.0,
            0.0,
            0.0,
            0.0,
            0.0
        ],
        "imbalance_ratio": [
            9.474321705426357,
            9.474321705426357,
            9.474321705426357,
            9.474321705426357,
            47.042502004811546,
            110.57964184731385,
            110.57964184731385,
            110.57964184731385
        ],
        "total_training_samples": [
            129714,
            129714,
            129714,
            129714,
            134718,
            135776,
            135776,
            135776
        ],
        "entropy": [
            0.3150175183558238,
            0.3150175183558238,
            0.3150175183558238,
            0.3150175183558238,
            0.4878513770286893,
            0.5297442692876037,
            0.5297442692876037,
            0.5297442692876037
        ],
        "test_precision_macro": [
            0.8892956990968444,
            0.8905111937982237,
            0.8868293078848668,
            0.8915799257952345,
            0.697273534151911,
            0.5738586918892995,
            0.5801470564930786,
            0.5960462613666809
        ],
        "test_recall_macro": [
            0.9040404102554358,
            0.8921719797325047,
            0.9046490471011874,
            0.8870122386586807,
            0.6778151884631962,
            0.5460284014236796,
            0.5111265585340361,
            0.5378324423346041
        ],
        "classification_reports": [
            {
                "0": {
                    "precision": 0.79705953241745,
                    "recall": 0.8311133450615733,
                    "f1-score": 0.81373031496063,
                    "support": 3979.0
                },
                "1": {
                    "precision": 0.9815318657762387,
                    "recall": 0.9769674754492984,
                    "f1-score": 0.979244351831542,
                    "support": 36557.0
                },
                "accuracy": 0.9626504835208209,
                "macro avg": {
                    "precision": 0.8892956990968444,
                    "recall": 0.9040404102554358,
                    "f1-score": 0.896487333396086,
                    "support": 40536.0
                },
                "weighted avg": {
                    "precision": 0.9634241241531231,
                    "recall": 0.9626504835208209,
                    "f1-score": 0.962997550156257,
                    "support": 40536.0
                }
            },
            {
                "0": {
                    "precision": 0.8021510755377689,
                    "recall": 0.8059814023624026,
                    "f1-score": 0.8040616773223016,
                    "support": 3979.0
                },
                "1": {
                    "precision": 0.9788713120586786,
                    "recall": 0.9783625571026069,
                    "f1-score": 0.9786168684588549,
                    "support": 36557.0
                },
                "accuracy": 0.9614416814683244,
                "macro avg": {
                    "precision": 0.8905111937982237,
                    "recall": 0.8921719797325047,
                    "f1-score": 0.8913392728905782,
                    "support": 40536.0
                },
                "weighted avg": {
                    "precision": 0.9615245136297093,
                    "recall": 0.9614416814683244,
                    "f1-score": 0.9614825901498865,
                    "support": 40536.0
                }
            },
            {
                "0": {
                    "precision": 0.7919254658385093,
                    "recall": 0.833123900477507,
                    "f1-score": 0.8120024494794856,
                    "support": 3979.0
                },
                "1": {
                    "precision": 0.9817331499312242,
                    "recall": 0.976174193724868,
                    "f1-score": 0.9789457802405804,
                    "support": 36557.0
                },
                "accuracy": 0.9621324254983225,
                "macro avg": {
                    "precision": 0.8868293078848668,
                    "recall": 0.9046490471011874,
                    "f1-score": 0.895474114860033,
                    "support": 40536.0
                },
                "weighted avg": {
                    "precision": 0.9631016920911583,
                    "recall": 0.9621324254983225,
                    "f1-score": 0.9625586795622108,
                    "support": 40536.0
                }
            },
            {
                "0": {
                    "precision": 0.805449452508276,
                    "recall": 0.7949233475747676,
                    "f1-score": 0.8001517834556033,
                    "support": 3979.0
                },
                "1": {
                    "precision": 0.9777103990821929,
                    "recall": 0.9791011297425938,
                    "f1-score": 0.9784052702074734,
                    "support": 36557.0
                },
                "accuracy": 0.9610223011643971,
                "macro avg": {
                    "precision": 0.8915799257952345,
                    "recall": 0.8870122386586807,
                    "f1-score": 0.8892785268315384,
                    "support": 40536.0
                },
                "weighted avg": {
                    "precision": 0.9608013230407084,
                    "recall": 0.9610223011643971,
                    "f1-score": 0.9609079684562969,
                    "support": 40536.0
                }
            },
            {
                "0": {
                    "precision": 0.7071547420965059,
                    "recall": 0.7505045408678103,
                    "f1-score": 0.728185044670175,
                    "support": 3964.0
                },
                "1": {
                    "precision": 0.9757870572802798,
                    "recall": 0.9765342960288809,
                    "f1-score": 0.976160533654109,
                    "support": 36564.0
                },
                "2": {
                    "precision": 0.4346895074946467,
                    "recall": 0.25123762376237624,
                    "f1-score": 0.3184313725490196,
                    "support": 808.0
                },