{
    "TabNet": {
        "filter_sizes": [
            12000,
            8000,
            6000,
            4500,
            3500,
            1500,
            1000,
            300
        ],
        "training_time_seconds": [
            1803.0843663215637,
            1237.1322803497314,
            998.5339114665985,
            958.963672876358,
            952.0490782260895,
            991.4249081611633,
            910.952556848526,
            964.1985387802124
        ],
        "num_classes": [
            2,
            3,
            4,
            4,
            4,
            4,
            4,
            4
        ],
        "test_f1_macro": [
            0.7250621076837412,
            0.613846166140574,
            0.4718529024917565,
            0.4718529024917565,
            0.4718529024917565,
            0.4718529024917565,
            0.4718529024917565,
            0.4718529024917565
        ],
        "test_f1_micro": [
            0.7341762292953944,
            0.6728242519145604,
            0.5894885694084374,
            0.5894885694084374,
            0.5894885694084374,
            0.5894885694084374,
            0.5894885694084374,
            0.5894885694084374
        ],
        "test_f1_weighted": [
            0.7370080660260078,
            0.6797923929914743,
            0.6160713725785298,
            0.6160713725785298,
            0.6160713725785298,
            0.6160713725785298,
            0.6160713725785298,
            0.6160713725785298
        ],
        "cv_class_weights": [
            0.23920945024988644,
            0.6466826986491306,
            0.8706979480025913,
            0.8706979480025913,
            0.8706979480025913,
            0.8706979480025913,
            0.8706979480025913,
            0.8706979480025913
        ],
        "total_training_samples": [
            123256,
            130785,
            135776,
            135776,
            135776,
            135776,
            135776,
            135776
        ],
        "imbalance_ratio": [
            1.6288444311734847,
            10.175490065342046,
            15.374016542263465,
            15.374016542263465,
            15.374016542263465,
            15.374016542263465,
            15.374016542263465,
            15.374016542263465
        ],
        "entropy": [
            0.664257301138491,
            0.846057335135453,
            0.9731476163834476,
            0.9731476163834476,
            0.9731476163834476,
            0.9731476163834476,
            0.9731476163834476,
            0.9731476163834476
        ],
        "test_precision_macro": [
            0.7227092047208667,
            0.5879653738713806,
            0.4623955106476729,
            0.4623955106476729,
            0.4623955106476729,
            0.4623955106476729,
            0.4623955106476729,
            0.4623955106476729
        ],
        "test_recall_macro": [
            0.7324388494086231,
            0.6688626116836028,
            0.5255822952193494,
            0.5255822952193494,
            0.5255822952193494,
            0.5255822952193494,
            0.5255822952193494,
            0.5255822952193494
        ],
        "classification_reports": [
            {
                "0": {
                    "precision": 0.6313383208645054,
                    "recall": 0.7251585623678647,
                    "f1-score": 0.6750039676241867,
                    "support": 14663.0
                },
                "1": {
                    "precision": 0.8140800885772282,
                    "recall": 0.7397191364493817,
                    "f1-score": 0.7751202477432958,
                    "support": 23855.0
                },
                "accuracy": 0.7341762292953944,
                "macro avg": {
                    "precision": 0.7227092047208667,
                    "recall": 0.7324388494086231,
                    "f1-score": 0.7250621076837412,
                    "support": 38518.0
                },
                "weighted avg": {
                    "precision": 0.7445141054012674,
                    "recall": 0.7341762292953944,
                    "f1-score": 0.7370080660260078,
                    "support": 38518.0
                }
            },
            {
                "0": {
                    "precision": 0.5680512447995774,
                    "recall": 0.5914059814369199,
                    "f1-score": 0.5794933980059284,
                    "support": 14545.0
                },
                "1": {
                    "precision": 0.39496197718631176,
                    "recall": 0.6951066499372648,
                    "f1-score": 0.5037126837399606,
                    "support": 2391.0
                },
                "2": {
                    "precision": 0.8008828996282528,
                    "recall": 0.7200752036766241,
                    "f1-score": 0.7583324166758333,
                    "support": 23935.0
                },
                "accuracy": 0.6728242519145604,
                "macro avg": {
                    "precision": 0.5879653738713806,
                    "recall": 0.6688626116836028,
                    "f1-score": 0.613846166140574,
                    "support": 40871.0
                },
                "weighted avg": {
                    "precision": 0.6942769113959667,
                    "recall": 0.6728242519145604,
                    "f1-score": 0.6797923929914743,
                    "support": 40871.0
                }
            },
            {
                "0": {
                    "precision": 0.5122099750319713,
                    "recall": 0.5814725198755617,
                    "f1-score": 0.544648060609985,
                    "support": 14465.0
                },
                "1": {
                    "precision": 0.11141078838174275,
                    "recall": 0.3354153653966271,
                    "f1-score": 0.16726366609562374,
                    "support": 1601.0
                },
                "2": {
                    "precision": 0.4027439024390244,
                    "recall": 0.5726051148677936,
                    "f1-score": 0.4728834795059961,
                    "support": 2307.0
                },
                "3": {
                    "precision": 0.823217376737953,
                    "recall": 0.6128361807374153,
                    "f1-score": 0.702616403755421,
                    "support": 24057.0
                },
                "accuracy": 0.5894885694084374,
                "macro avg": {
                    "precision": 0.4623955106476729,
                    "recall": 0.5255822952193494,
                    "f1-score": 0.4718529024917565,
                    "support": 42430.0
                },
                "weighted avg": {
                    "precision": 0.6674701054948952,
                    "recall": 0.5894885694084374,
                    "f1-score": 0.6160713725785298,
                    "support": 42430.0
                }
            },
            {
                "0": {
                    "precision": 0.5122099750319713,
                    "recall": 0.5814725198755617,
                    "f1-score": 0.544648060609985,
                    "support": 14465.0
                },
                "1": {
                    "precision": 0.11141078838174275,
                    "recall": 0.3354153653966271,
                    "f1-score": 0.16726366609562374,
                    "support": 1601.0
                },
                "2": {
                    "precision": 0.4027439024390244,
                    "recall": 0.5726051148677936,
                    "f1-score": 0.4728834795059961,
                    "support": 2307.0
                },
                "3": {
                    "precision": 0.823217376737953,
                    "recall": 0.6128361807374153,
                    "f1-score": 0.702616403755421,