{
    "TabICLClassifier": {
        "filter_sizes": [
            12000,
            8000,
            6000,
            4500,
            3500,
            1500,
            1000,
            300
        ],
        "training_time_seconds": [
            49.77664041519165,
            49.74178147315979,
            49.66705393791199,
            51.18457555770874,
            51.04805064201355,
            51.37462139129639,
            51.55022883415222,
            50.933215856552124
        ],
        "num_classes": [
            2,
            2,
            2,
            3,
            3,
            3,
            3,
            4
        ],
        "test_f1_macro": [
            1.0,
            1.0,
            1.0,
            0.8905898282080772,
            0.8905898282080772,
            0.8905898282080772,
            0.8905898282080772,
            0.8405487273315458
        ],
        "test_f1_micro": [
            1.0,
            1.0,
            1.0,
            0.9873055647487117,
            0.9873055647487117,
            0.9873055647487117,
            0.9873055647487117,
            0.9860240395946265
        ],
        "test_f1_weighted": [
            1.0,
            1.0,
            1.0,
            0.9867731093066529,
            0.9867731093066529,
            0.9867731093066529,
            0.9867731093066529,
            0.9850669386142009
        ],
        "cv_class_weights": [
            0.4688420130762378,
            0.4688420130762378,
            0.4688420130762378,
            0.8670174433718976,
            0.8670174433718976,
            0.8670174433718976,
            0.8670174433718976,
            1.1512368231011856
        ],
        "imbalance_ratio": [
            2.765358046450806,
            2.765358046450806,
            2.765358046450806,
            33.424690508940856,
            33.424690508940856,
            33.424690508940856,
            33.424690508940856,
            249.5897435897436
        ],
        "total_training_samples": [
            132454,
            132454,
            132454,
            135364,
            135364,
            135364,
            135364,
            135776
        ],
        "entropy": [
            0.8350489896260744,
            0.8350489896260744,
            0.8350489896260744,
            0.6105236508355599,
            0.6105236508355599,
            0.6105236508355599,
            0.6105236508355599,
            0.4962294842144263
        ],
        "test_precision_macro": [
            1.0,
            1.0,
            1.0,
            0.9112233487890878,
            0.9112233487890878,
            0.9112233487890878,
            0.9112233487890878,
            0.8862666876015202
        ],
        "test_recall_macro": [
            1.0,
            1.0,
            1.0,
            0.8733610546524807,
            0.8733610546524807,
            0.8733610546524807,
            0.8733610546524807,
            0.805360901786899
        ],
        "classification_reports": [
            {
                "0": {
                    "precision": 1.0,
                    "recall": 1.0,
                    "f1-score": 1.0,
                    "support": 30420.0
                },
                "1": {
                    "precision": 1.0,
                    "recall": 1.0,
                    "f1-score": 1.0,
                    "support": 10972.0
                },
                "accuracy": 1.0,
                "macro avg": {
                    "precision": 1.0,
                    "recall": 1.0,
                    "f1-score": 1.0,
                    "support": 41392.0
                },
                "weighted avg": {
                    "precision": 1.0,
                    "recall": 1.0,
                    "f1-score": 1.0,
                    "support": 41392.0
                }
            },
            {
                "0": {
                    "precision": 1.0,
                    "recall": 1.0,
                    "f1-score": 1.0,
                    "support": 30420.0
                },
                "1": {
                    "precision": 1.0,
                    "recall": 1.0,
                    "f1-score": 1.0,
                    "support": 10972.0
                },
                "accuracy": 1.0,
                "macro avg": {
                    "precision": 1.0,
                    "recall": 1.0,
                    "f1-score": 1.0,
                    "support": 41392.0
                },
                "weighted avg": {
                    "precision": 1.0,
                    "recall": 1.0,
                    "f1-score": 1.0,
                    "support": 41392.0
                }
            },
            {
                "0": {
                    "precision": 1.0,
                    "recall": 1.0,
                    "f1-score": 1.0,
                    "support": 30420.0
                },
                "1": {
                    "precision": 1.0,
                    "recall": 1.0,
                    "f1-score": 1.0,
                    "support": 10972.0
                },
                "accuracy": 1.0,
                "macro avg": {
                    "precision": 1.0,
                    "recall": 1.0,
                    "f1-score": 1.0,
                    "support": 41392.0
                },
                "weighted avg": {
                    "precision": 1.0,
                    "recall": 1.0,
                    "f1-score": 1.0,
                    "support": 41392.0
                }
            },
            {
                "0": {
                    "precision": 0.7447916666666666,
                    "recall": 0.6265060240963856,
                    "f1-score": 0.6805472932778108,
                    "support": 913.0
                },
                "1": {
                    "precision": 0.9888783797005969,
                    "recall": 0.9935771398610564,
                    "f1-score": 0.9912221913464211,
                    "support": 30516.0
                },
                "2": {
                    "precision": 1.0,
                    "recall": 1.0,
                    "f1-score": 1.0,
                    "support": 10873.0
                },
                "accuracy": 0.9873055647487117,
                "macro avg": {
                    "precision": 0.9112233487890878,
                    "recall": 0.8733610546524807,
                    "f1-score": 0.8905898282080772,
                    "support": 42302.0
                },
                "weighted avg": {
                    "precision": 0.9864689004446618,
                    "recall": 0.9873055647487117,
                    "f1-score": 0.9867731093066529,
                    "support": 42302.0
                }
            },
            {
                "0": {
                    "precision": 0.7447916666666666,
                    "recall": 0.6265060240963856,
                    "f1-score": 0.6805472932778108,
                    "support": 913.0
                },
                "1": {
                    "precision": 0.9888783797005969,
                    "recall": 0.9935771398610564,
                    "f1-score": 0.9912221913464211,
                    "support": 30516.0
                },
                "2": {
                    "precision": 1.0,
                    "recall": 1.0,
                    "f1-score": 1.0,
                    "support": 10873.0
                },
                "accuracy": 0.9873055647487117,
                "macro avg": {
                    "precision": 0.9112233487890878,
                    "recall": 0.8733610546524807,
                    "f1-score": 0.8905898282080772,
                    "support": 42302.0
                },
                "weighted avg": {
                    "precision": 0.9864689004446618,
                    "recall": 0.9873055647487117,
                    "f1-score": 0.9867731093066529,