{
    "AdvancedTabularClassifier": {
        "filter_sizes": [
            12000,
            8000,
            6000,
            4500,
            3500,
            1500,
            1000,
            300
        ],
        "training_time_seconds": [
            57.862239599227905,
            46.2803258895874,
            46.70199632644653,
            48.120856523513794,
            58.43223237991333,
            48.52442789077759,
            46.47548747062683,
            43.55118942260742
        ],
        "num_classes": [
            2,
            2,
            2,
            2,
            4,
            5,
            5,
            5
        ],
        "test_f1_macro": [
            0.8629234005545139,
            0.8612744200071114,
            0.8698250892257055,
            0.8713232578069016,
            0.622204767138115,
            0.46134165677487776,
            0.4745071501616828,
            0.5011312739313409
        ],
        "test_f1_micro": [
            0.9408427077165976,
            0.9399299388198145,
            0.9450611801855141,
            0.9457272547858694,
            0.8724940617577197,
            0.8394060806033466,
            0.8416214942257837,
            0.8621258543483384
        ],
        "test_f1_weighted": [
            0.9459825978821221,
            0.9452255221884253,
            0.9493604551370091,
            0.9499611183564999,
            0.8904166773554091,
            0.8706799802382639,
            0.8694295112163154,
            0.8836996152045384
        ],
        "cv_class_weights": [
            0.8090568780899048,
            0.8090568780899048,
            0.8090568780899048,
            0.8090568780899048,
            0.8076451420783997,
            0.9004793763160706,
            0.9004793763160706,
            0.9004793763160706
        ],
        "imbalance_ratio": [
            9.474321705426357,
            9.474321705426357,
            9.474321705426357,
            9.474321705426357,
            47.042502004811546,
            110.57964184731385,
            110.57964184731385,
            110.57964184731385
        ],
        "total_training_samples": [
            129714,
            129714,
            129714,
            129714,
            134718,
            135776,
            135776,
            135776
        ],
        "entropy": [
            0.3150175183558238,
            0.3150175183558238,
            0.3150175183558238,
            0.3150175183558238,
            0.4878513770286893,
            0.5297442692876037,
            0.5297442692876037,
            0.5297442692876037
        ],
        "test_precision_macro": [
            0.8131651114162258,
            0.8112173683849411,
            0.8229585342221641,
            0.8243734379166054,
            0.5530018536634335,
            0.423507636491249,
            0.4241346478783739,
            0.44521670194113233
        ],
        "test_recall_macro": [
            0.9458132573806064,
            0.9454191807918892,
            0.9434488081603956,
            0.9449379189042388,
            0.7620429604838239,
            0.6015276925637545,
            0.6096202873284561,
            0.6369124541919248
        ],
        "classification_reports": [
            {
                "0": {
                    "precision": 0.63185988323603,
                    "recall": 0.951997989444584,
                    "f1-score": 0.7595748947262884,
                    "support": 3979.0
                },
                "1": {
                    "precision": 0.9944703395964216,
                    "recall": 0.9396285253166288,
                    "f1-score": 0.9662719063827393,
                    "support": 36557.0
                },
                "accuracy": 0.9408427077165976,
                "macro avg": {
                    "precision": 0.8131651114162258,
                    "recall": 0.9458132573806064,
                    "f1-score": 0.8629234005545139,
                    "support": 40536.0
                },
                "weighted avg": {
                    "precision": 0.958876620288695,
                    "recall": 0.9408427077165976,
                    "f1-score": 0.9459825978821221,
                    "support": 40536.0
                }
            },
            {
                "0": {
                    "precision": 0.627941663904541,
                    "recall": 0.9522493088715758,
                    "f1-score": 0.7568161390192749,
                    "support": 3979.0
                },
                "1": {
                    "precision": 0.9944930728653412,
                    "recall": 0.9385890527122028,
                    "f1-score": 0.9657327009949479,
                    "support": 36557.0
                },
                "accuracy": 0.9399299388198145,
                "macro avg": {
                    "precision": 0.8112173683849411,
                    "recall": 0.9454191807918892,
                    "f1-score": 0.8612744200071114,
                    "support": 40536.0
                },
                "weighted avg": {
                    "precision": 0.9585125109881203,
                    "recall": 0.9399299388198145,
                    "f1-score": 0.9452255221884253,
                    "support": 40536.0
                }
            },
            {
                "0": {
                    "precision": 0.6526132404181184,
                    "recall": 0.9414425735109324,
                    "f1-score": 0.7708611997119045,
                    "support": 3979.0
                },
                "1": {
                    "precision": 0.9933038280262099,
                    "recall": 0.9454550428098586,
                    "f1-score": 0.9687889787395064,
                    "support": 36557.0
                },
                "accuracy": 0.9450611801855141,
                "macro avg": {
                    "precision": 0.8229585342221641,
                    "recall": 0.9434488081603956,
                    "f1-score": 0.8698250892257055,
                    "support": 40536.0
                },
                "weighted avg": {
                    "precision": 0.9598617555944802,
                    "recall": 0.9450611801855141,
                    "f1-score": 0.9493604551370091,
                    "support": 40536.0
                }
            },
            {
                "0": {
                    "precision": 0.6551543694400838,
                    "recall": 0.9439557677808494,
                    "f1-score": 0.7734761120263591,
                    "support": 3979.0
                },
                "1": {
                    "precision": 0.993592506393127,
                    "recall": 0.9459200700276281,
                    "f1-score": 0.969170403587444,
                    "support": 36557.0
                },
                "accuracy": 0.9457272547858694,
                "macro avg": {
                    "precision": 0.8243734379166054,
                    "recall": 0.9449379189042388,
                    "f1-score": 0.8713232578069016,
                    "support": 40536.0
                },
                "weighted avg": {
                    "precision": 0.9603715337530995,
                    "recall": 0.9457272547858694,
                    "f1-score": 0.9499611183564999,
                    "support": 40536.0
                }
            },
            {
                "0": {
                    "precision": 0.48395633476678795,
                    "recall": 0.7381432896064581,
                    "f1-score": 0.5846153846153846,
                    "support": 3964.0
                },
                "1": {
                    "precision": 0.993527606429852,
                    "recall": 0.8942128869926704,
                    "f1-score": 0.9412577548112216,
                    "support": 36564.0
                },
                "2": {
                    "precision": 0.28276237085372485,