{
    "TabNet": {
        "filter_sizes": [
            12000,
            8000,
            6000,
            4500,
            3500,
            1500,
            1000,
            300
        ],
        "training_time_seconds": [
            1251.036202430725,
            1338.5946419239044,
            1470.2633874416351,
            1219.5551521778107,
            1185.7028613090515,
            767.8117280006409,
            819.6550557613373,
            808.1390779018402
        ],
        "num_classes": [
            2,
            2,
            2,
            2,
            4,
            5,
            5,
            5
        ],
        "test_f1_macro": [
            0.8871688945750951,
            0.8871688945750951,
            0.8871688945750951,
            0.8871688945750951,
            0.6651068303848149,
            0.4966096001313032,
            0.4966096001313032,
            0.4966096001313032
        ],
        "test_f1_micro": [
            0.9543122163015592,
            0.9543122163015592,
            0.9543122163015592,
            0.9543122163015592,
            0.9221140142517815,
            0.8948621258543483,
            0.8948621258543483,
            0.8948621258543483
        ],
        "test_f1_weighted": [
            0.957786405446216,
            0.957786405446216,
            0.957786405446216,
            0.957786405446216,
            0.926238243833433,
            0.9054317795712329,
            0.9054317795712329,
            0.9054317795712329
        ],
        "cv_class_weights": [
            0.8071449398994446,
            0.8071449398994446,
            0.8071449398994446,
            0.8071449398994446,
            0.8085278868675232,
            0.912477433681488,
            0.912477433681488,
            0.912477433681488
        ],
        "total_training_samples": [
            129714,
            129714,
            129714,
            129714,
            134718,
            135776,
            135776,
            135776
        ],
        "imbalance_ratio": [
            9.370482890949791,
            9.370482890949791,
            9.370482890949791,
            9.370482890949791,
            47.79845276872964,
            112.97109826589596,
            112.97109826589596,
            112.97109826589596
        ],
        "entropy": [
            0.31716177628398884,
            0.31716177628398884,
            0.31716177628398884,
            0.31716177628398884,
            0.48628086853409125,
            0.5306746939607255,
            0.5306746939607255,
            0.5306746939607255
        ],
        "test_precision_macro": [
            0.8389247426144018,
            0.8389247426144018,
            0.8389247426144018,
            0.8389247426144018,
            0.640086162474643,
            0.45352615753858344,
            0.45352615753858344,
            0.45352615753858344
        ],
        "test_recall_macro": [
            0.9610720070552559,
            0.9610720070552559,
            0.9610720070552559,
            0.9610720070552559,
            0.7013547380116407,
            0.57376459354542,
            0.57376459354542,
            0.57376459354542
        ],
        "classification_reports": [
            {
                "0": {
                    "precision": 0.6811833884601249,
                    "recall": 0.9694037656903766,
                    "f1-score": 0.800129505719836,
                    "support": 3824.0
                },
                "1": {
                    "precision": 0.9966660967686785,
                    "recall": 0.9527402484201352,
                    "f1-score": 0.974208283430354,
                    "support": 36712.0
                },
                "accuracy": 0.9543122163015592,
                "macro avg": {
                    "precision": 0.8389247426144018,
                    "recall": 0.9610720070552559,
                    "f1-score": 0.8871688945750951,
                    "support": 40536.0
                },
                "weighted avg": {
                    "precision": 0.9669047518759434,
                    "recall": 0.9543122163015592,
                    "f1-score": 0.957786405446216,
                    "support": 40536.0
                }
            },
            {
                "0": {
                    "precision": 0.6811833884601249,
                    "recall": 0.9694037656903766,
                    "f1-score": 0.800129505719836,
                    "support": 3824.0
                },
                "1": {
                    "precision": 0.9966660967686785,
                    "recall": 0.9527402484201352,
                    "f1-score": 0.974208283430354,
                    "support": 36712.0
                },
                "accuracy": 0.9543122163015592,
                "macro avg": {
                    "precision": 0.8389247426144018,
                    "recall": 0.9610720070552559,
                    "f1-score": 0.8871688945750951,
                    "support": 40536.0
                },
                "weighted avg": {
                    "precision": 0.9669047518759434,
                    "recall": 0.9543122163015592,
                    "f1-score": 0.957786405446216,
                    "support": 40536.0
                }
            },
            {
                "0": {
                    "precision": 0.6811833884601249,
                    "recall": 0.9694037656903766,
                    "f1-score": 0.800129505719836,
                    "support": 3824.0
                },
                "1": {
                    "precision": 0.9966660967686785,
                    "recall": 0.9527402484201352,
                    "f1-score": 0.974208283430354,
                    "support": 36712.0
                },
                "accuracy": 0.9543122163015592,
                "macro avg": {
                    "precision": 0.8389247426144018,
                    "recall": 0.9610720070552559,
                    "f1-score": 0.8871688945750951,
                    "support": 40536.0
                },
                "weighted avg": {
                    "precision": 0.9669047518759434,
                    "recall": 0.9543122163015592,
                    "f1-score": 0.957786405446216,
                    "support": 40536.0
                }
            },
            {
                "0": {
                    "precision": 0.6811833884601249,
                    "recall": 0.9694037656903766,
                    "f1-score": 0.800129505719836,
                    "support": 3824.0
                },
                "1": {
                    "precision": 0.9966660967686785,
                    "recall": 0.9527402484201352,
                    "f1-score": 0.974208283430354,
                    "support": 36712.0
                },
                "accuracy": 0.9543122163015592,
                "macro avg": {
                    "precision": 0.8389247426144018,
                    "recall": 0.9610720070552559,
                    "f1-score": 0.8871688945750951,
                    "support": 40536.0
                },
                "weighted avg": {
                    "precision": 0.9669047518759434,
                    "recall": 0.9543122163015592,
                    "f1-score": 0.957786405446216,
                    "support": 40536.0
                }
            },
            {
                "0": {
                    "precision": 0.6996098829648895,
                    "recall": 0.8057913130304544,
                    "f1-score": 0.7489559164733178,
                    "support": 4006.0
                },
                "1": {
                    "precision": 0.9793956818309939,
                    "recall": 0.952546740501124,
                    "f1-score": 0.965784646172661,
                    "support": 36478.0
                },
                "2": {
                    "precision": 0.3502871205906481,
                    "recall": 0.5304347826086957,