{
    "AdvancedTabularClassifier": {
        "filter_sizes": [
            12000,
            8000,
            6000,
            4500,
            3500,
            1500,
            1000,
            300
        ],
        "training_time_seconds": [
            260.9933488368988,
            286.47179794311523,
            124.74138164520264,
            44.40497803688049,
            40.671154260635376,
            41.152616024017334,
            41.729671001434326,
            45.641093492507935
        ],
        "num_classes": [
            2,
            2,
            2,
            3,
            3,
            3,
            3,
            4
        ],
        "test_f1_macro": [
            0.9999376608087798,
            0.9997818321790737,
            0.9998441474141864,
            0.7618903873477798,
            0.7563644562150754,
            0.7919740406073924,
            0.7744915748008959,
            0.6509190543002749
        ],
        "test_f1_micro": [
            0.9999516814843448,
            0.9998308851952068,
            0.999879203710862,
            0.9252281216018156,
            0.9200747009597655,
            0.9468819441161175,
            0.9352749278993902,
            0.9079896299787886
        ],
        "test_f1_weighted": [
            0.9999516800558501,
            0.9998308876944689,
            0.9998791983535755,
            0.9461276376153948,
            0.9431346114288182,
            0.9590344243863737,
            0.9519243775458218,
            0.9335733518587417
        ],
        "cv_class_weights": [
            0.4674679511377535,
            0.4674679511377535,
            0.4674679511377535,
            0.8669670577449843,
            0.8669670577449843,
            0.8669670577449843,
            0.8669670577449843,
            1.1500824855751932
        ],
        "imbalance_ratio": [
            2.7576668841669267,
            2.7576668841669267,
            2.7576668841669267,
            33.36020583190395,
            33.36020583190395,
            33.36020583190395,
            33.36020583190395,
            235.11352657004832
        ],
        "total_training_samples": [
            132454,
            132454,
            132454,
            135364,
            135364,
            135364,
            135364,
            135776
        ],
        "entropy": [
            0.5793640140080556,
            0.5793640140080556,
            0.5793640140080556,
            0.6705127663073001,
            0.6705127663073001,
            0.6705127663073001,
            0.6705127663073001,
            0.6877410771768522
        ],
        "test_precision_macro": [
            0.999967226009439,
            0.9997670613233289,
            0.9998884940604489,
            0.735341588501722,
            0.7317779720470581,
            0.7545863126287058,
            0.742164386870769,
            0.6049845927108303
        ],
        "test_recall_macro": [
            0.9999081051277339,
            0.9997966054136591,
            0.9997998221859823,
            0.9313102268709521,
            0.9335827214969948,
            0.929196344067921,
            0.9306404989245706,
            0.8861055208274007
        ],
        "classification_reports": [
            {
                "0": {
                    "precision": 0.9999344520188779,
                    "recall": 1.0,
                    "f1-score": 0.9999672249352692,
                    "support": 30510.0
                },
                "1": {
                    "precision": 1.0,
                    "recall": 0.9998162102554677,
                    "f1-score": 0.9999080966822902,
                    "support": 10882.0
                },
                "accuracy": 0.9999516814843448,
                "macro avg": {
                    "precision": 0.999967226009439,
                    "recall": 0.9999081051277339,
                    "f1-score": 0.9999376608087798,
                    "support": 41392.0
                },
                "weighted avg": {
                    "precision": 0.999951684651526,
                    "recall": 0.9999516814843448,
                    "f1-score": 0.9999516800558501,
                    "support": 41392.0
                }
            },
            {
                "0": {
                    "precision": 0.999901668360156,
                    "recall": 0.9998688954441167,
                    "f1-score": 0.9998852816335896,
                    "support": 30510.0
                },
                "1": {
                    "precision": 0.9996324542865019,
                    "recall": 0.9997243153832016,
                    "f1-score": 0.9996783827245578,
                    "support": 10882.0
                },
                "accuracy": 0.9998308851952068,
                "macro avg": {
                    "precision": 0.9997670613233289,
                    "recall": 0.9997966054136591,
                    "f1-score": 0.9997818321790737,
                    "support": 41392.0
                },
                "weighted avg": {
                    "precision": 0.9998308916992191,
                    "recall": 0.9998308851952068,
                    "f1-score": 0.9998308876944689,
                    "support": 41392.0
                }
            },
            {
                "0": {
                    "precision": 0.9998689083341527,
                    "recall": 0.9999672238610292,
                    "f1-score": 0.9999180636809072,
                    "support": 30510.0
                },
                "1": {
                    "precision": 0.9999080797867451,
                    "recall": 0.9996324205109355,
                    "f1-score": 0.9997702311474657,
                    "support": 10882.0
                },
                "accuracy": 0.999879203710862,
                "macro avg": {
                    "precision": 0.9998884940604489,
                    "recall": 0.9997998221859823,
                    "f1-score": 0.9998441474141864,
                    "support": 41392.0
                },
                "weighted avg": {
                    "precision": 0.9998792065499216,
                    "recall": 0.999879203710862,
                    "f1-score": 0.9998791983535755,
                    "support": 41392.0
                }
            },
            {
                "0": {
                    "precision": 0.2115836159666058,
                    "recall": 0.8971238938053098,
                    "f1-score": 0.3424108085286046,
                    "support": 904.0
                },
                "1": {
                    "precision": 0.9951746907085586,
                    "recall": 0.9005548442168161,
                    "f1-score": 0.9455034297335494,
                    "support": 30459.0
                },
                "2": {
                    "precision": 0.9992664588300019,
                    "recall": 0.9962519425907305,
                    "f1-score": 0.9977569237811856,
                    "support": 10939.0
                },
                "accuracy": 0.9252281216018156,
                "macro avg": {
                    "precision": 0.735341588501722,
                    "recall": 0.9313102268709521,
                    "f1-score": 0.7618903873477798,
                    "support": 42302.0
                },
                "weighted avg": {
                    "precision": 0.9794873359715188,
                    "recall": 0.9252281216018156,
                    "f1-score": 0.9461276376153948,
                    "support": 42302.0
                }
            },
            {
                "0": {
                    "precision": 0.20087976539589442,
                    "recall": 0.9092920353982301,
                    "f1-score": 0.32906325060048036,
                    "support": 904.0
                },
                "1": {
                    "precision": 0.9969172049324722,
                    "recall": 0.8918217932302439,