{
    "AdvancedTabularClassifier": {
        "filter_sizes": [
            12000,
            8000,
            6000,
            4500,
            3500,
            1500,
            1000,
            300
        ],
        "training_time_seconds": [
            41.730571031570435,
            48.02887034416199,
            48.24913573265076,
            46.63011980056763,
            49.06310486793518,
            52.40761685371399,
            49.09363150596619,
            48.150757789611816
        ],
        "num_classes": [
            2,
            3,
            4,
            4,
            4,
            4,
            4,
            4
        ],
        "test_f1_macro": [
            0.7220336798504352,
            0.5894678867272646,
            0.45328278123793175,
            0.44676043757829353,
            0.4474680941059742,
            0.4474973195870329,
            0.464172642938502,
            0.43685618623461664
        ],
        "test_f1_micro": [
            0.7326964016823303,
            0.6526877247926403,
            0.546547254301202,
            0.5619844449681829,
            0.5404666509545133,
            0.5406551967947207,
            0.5793070940372378,
            0.5553146358708461
        ],
        "test_f1_weighted": [
            0.7352405293728673,
            0.6643689722647873,
            0.5864161425588461,
            0.5940288054047395,
            0.5857978170097792,
            0.5847651468048582,
            0.6093804254121559,
            0.5937755912966237
        ],
        "cv_class_weights": [
            0.23823589086532593,
            0.9784849882125854,
            0.8526409268379211,
            0.8526409268379211,
            0.8526409268379211,
            0.8526409268379211,
            0.8526409268379211,
            0.8526409268379211
        ],
        "imbalance_ratio": [
            1.6254845993268863,
            10.114982116836668,
            15.160732046946489,
            15.160732046946489,
            15.160732046946489,
            15.160732046946489,
            15.160732046946489,
            15.160732046946489
        ],
        "total_training_samples": [
            123256,
            130785,
            135776,
            135776,
            135776,
            135776,
            135776,
            135776
        ],
        "entropy": [
            0.6644942900012158,
            0.8465637482123152,
            0.9745313681488466,
            0.9745313681488466,
            0.9745313681488466,
            0.9745313681488466,
            0.9745313681488466,
            0.9745313681488466
        ],
        "test_precision_macro": [
            0.7194895039866975,
            0.5652997439746393,
            0.45939700326689636,
            0.4455207361212762,
            0.4642232453927836,
            0.45344721772333063,
            0.45566158979585747,
            0.45577035133544097
        ],
        "test_recall_macro": [
            0.7280276015316847,
            0.6683407958898507,
            0.5281473928919744,
            0.5121396167227692,
            0.524981728719182,
            0.5362780154232146,
            0.539805232323926,
            0.5131669810417969
        ],
        "classification_reports": [
            {
                "0": {
                    "precision": 0.6309269542930371,
                    "recall": 0.7087817920065812,
                    "f1-score": 0.6675921740814877,
                    "support": 14587.0
                },
                "1": {
                    "precision": 0.8080520536803578,
                    "recall": 0.7472734110567882,
                    "f1-score": 0.7764751856193826,
                    "support": 23931.0
                },
                "accuracy": 0.7326964016823303,
                "macro avg": {
                    "precision": 0.7194895039866975,
                    "recall": 0.7280276015316847,
                    "f1-score": 0.7220336798504352,
                    "support": 38518.0
                },
                "weighted avg": {
                    "precision": 0.7409737052520166,
                    "recall": 0.7326964016823303,
                    "f1-score": 0.7352405293728673,
                    "support": 38518.0
                }
            },
            {
                "0": {
                    "precision": 0.5615627212460578,
                    "recall": 0.5946701199563795,
                    "f1-score": 0.5776424244430468,
                    "support": 14672.0
                },
                "1": {
                    "precision": 0.3278656889231957,
                    "recall": 0.729497638471447,
                    "f1-score": 0.45240314205831444,
                    "support": 2329.0
                },
                "2": {
                    "precision": 0.8064708217546646,
                    "recall": 0.680854629241726,
                    "f1-score": 0.7383580936804325,
                    "support": 23870.0
                },
                "accuracy": 0.6526877247926403,
                "macro avg": {
                    "precision": 0.5652997439746393,
                    "recall": 0.6683407958898507,
                    "f1-score": 0.5894678867272646,
                    "support": 40871.0
                },
                "weighted avg": {
                    "precision": 0.6912800262021513,
                    "recall": 0.6526877247926403,
                    "f1-score": 0.6643689722647873,
                    "support": 40871.0
                }
            },
            {
                "0": {
                    "precision": 0.5033609100310238,
                    "recall": 0.5341563786008231,
                    "f1-score": 0.5183016105417276,
                    "support": 14580.0
                },
                "1": {
                    "precision": 0.09426068767159106,
                    "recall": 0.47653668208856576,
                    "f1-score": 0.1573892163283126,
                    "support": 1513.0
                },
                "2": {
                    "precision": 0.41714285714285715,
                    "recall": 0.5431072210065645,
                    "f1-score": 0.47186311787072244,
                    "support": 2285.0
                },
                "3": {
                    "precision": 0.8228235582221134,
                    "recall": 0.5587892898719441,
                    "f1-score": 0.6655771802109642,
                    "support": 24052.0
                },
                "accuracy": 0.546547254301202,
                "macro avg": {
                    "precision": 0.45939700326689636,
                    "recall": 0.5281473928919744,
                    "f1-score": 0.45328278123793175,
                    "support": 42430.0
                },
                "weighted avg": {
                    "precision": 0.6652213561072153,
                    "recall": 0.546547254301202,
                    "f1-score": 0.5864161425588461,
                    "support": 42430.0
                }
            },
            {
                "0": {
                    "precision": 0.5072,
                    "recall": 0.4565843621399177,
                    "f1-score": 0.4805630752571738,
                    "support": 14580.0
                },
                "1": {
                    "precision": 0.10041043682204633,
                    "recall": 0.4527428949107733,
                    "f1-score": 0.16436712657468505,
                    "support": 1513.0
                },
                "2": {
                    "precision": 0.38832315003394435,
                    "recall": 0.5006564551422319,
                    "f1-score": 0.4373924679793538,
                    "support": 2285.0
                },
                "3": {
                    "precision": 0.786149357629114,
                    "recall": 0.638574754698154,
                    "f1-score": 0.7047190805019615,