{
    "AdvancedTabularClassifier": {
        "filter_sizes": [
            12000,
            8000,
            6000,
            4500,
            3500,
            1500,
            1000,
            300
        ],
        "training_time_seconds": [
            43.5858952999115,
            38.57326412200928,
            50.86083507537842,
            40.518725872039795,
            42.10256886482239,
            48.53383946418762,
            47.421125650405884,
            45.368924617767334
        ],
        "num_classes": [
            2,
            3,
            4,
            4,
            4,
            4,
            4,
            4
        ],
        "test_f1_macro": [
            0.7170375067229816,
            0.6460513671784861,
            0.5073683136061995,
            0.50302007344379,
            0.5006250764782572,
            0.48436244696411235,
            0.5028403474679273,
            0.5097177766131651
        ],
        "test_f1_micro": [
            0.7378887792720287,
            0.7091825499743094,
            0.6711760546782937,
            0.6679472071647419,
            0.6638699033702569,
            0.6667216592033939,
            0.6689842092858826,
            0.6734386047607824
        ],
        "test_f1_weighted": [
            0.7356712376619924,
            0.701609519864323,
            0.6641071018948365,
            0.6641469914881795,
            0.6562990142887614,
            0.6536423089192354,
            0.6605047288300707,
            0.6667652168404339
        ],
        "cv_class_weights": [
            0.004349619150161743,
            0.3201294243335724,
            0.40052589774131775,
            0.40052589774131775,
            0.40052589774131775,
            0.40052589774131775,
            0.40052589774131775,
            0.40052589774131775
        ],
        "imbalance_ratio": [
            1.6254845993268863,
            10.114982116836668,
            15.160732046946489,
            15.160732046946489,
            15.160732046946489,
            15.160732046946489,
            15.160732046946489,
            15.160732046946489
        ],
        "total_training_samples": [
            123256,
            130785,
            135776,
            135776,
            135776,
            135776,
            135776,
            135776
        ],
        "entropy": [
            0.6644942900012158,
            0.8465637482123152,
            0.9745313681488466,
            0.9745313681488466,
            0.9745313681488466,
            0.9745313681488466,
            0.9745313681488466,
            0.9745313681488466
        ],
        "test_precision_macro": [
            0.7214334113413982,
            0.672835671567916,
            0.5377762946440368,
            0.509254149599822,
            0.5069703732756285,
            0.48522692698583736,
            0.5041518794309764,
            0.5332149285378817
        ],
        "test_recall_macro": [
            0.7140579925953509,
            0.6282559342344987,
            0.48831306402574093,
            0.49851726292844734,
            0.4975851239336423,
            0.5060151700431158,
            0.5070890006620076,
            0.4927973138374444
        ],
        "classification_reports": [
            {
                "0": {
                    "precision": 0.6666419294990723,
                    "recall": 0.6158223075341057,
                    "f1-score": 0.6402252155940418,
                    "support": 14587.0
                },
                "1": {
                    "precision": 0.776224893183724,
                    "recall": 0.812293677656596,
                    "f1-score": 0.7938497978519214,
                    "support": 23931.0
                },
                "accuracy": 0.7378887792720287,
                "macro avg": {
                    "precision": 0.7214334113413982,
                    "recall": 0.7140579925953509,
                    "f1-score": 0.7170375067229816,
                    "support": 38518.0
                },
                "weighted avg": {
                    "precision": 0.7347251608178686,
                    "recall": 0.7378887792720287,
                    "f1-score": 0.7356712376619924,
                    "support": 38518.0
                }
            },
            {
                "0": {
                    "precision": 0.6359318702915165,
                    "recall": 0.5293075245365322,
                    "f1-score": 0.5777414075286416,
                    "support": 14672.0
                },
                "1": {
                    "precision": 0.6346863468634686,
                    "recall": 0.5169600686990125,
                    "f1-score": 0.5698059630856602,
                    "support": 2329.0
                },
                "2": {
                    "precision": 0.7478887975487631,
                    "recall": 0.8385002094679515,
                    "f1-score": 0.7906067309211566,
                    "support": 23870.0
                },
                "accuracy": 0.7091825499743094,
                "macro avg": {
                    "precision": 0.672835671567916,
                    "recall": 0.6282559342344987,
                    "f1-score": 0.6460513671784861,
                    "support": 40871.0
                },
                "weighted avg": {
                    "precision": 0.7012474003633659,
                    "recall": 0.7091825499743094,
                    "f1-score": 0.701609519864323,
                    "support": 40871.0
                }
            },
            {
                "0": {
                    "precision": 0.593547379111007,
                    "recall": 0.521124828532236,
                    "f1-score": 0.5549833826375954,
                    "support": 14580.0
                },
                "1": {
                    "precision": 0.18682065217391305,
                    "recall": 0.1817580964970258,
                    "f1-score": 0.18425460636515914,
                    "support": 1513.0
                },
                "2": {
                    "precision": 0.6331210191082802,
                    "recall": 0.4350109409190372,
                    "f1-score": 0.5156939040207523,
                    "support": 2285.0
                },
                "3": {
                    "precision": 0.7376161281829465,
                    "recall": 0.8153583901546649,
                    "f1-score": 0.7745413614012915,
                    "support": 24052.0
                },
                "accuracy": 0.6711760546782937,
                "macro avg": {
                    "precision": 0.5377762946440368,
                    "recall": 0.48831306402574093,
                    "f1-score": 0.5073683136061995,
                    "support": 42430.0
                },
                "weighted avg": {
                    "precision": 0.6628424482181537,
                    "recall": 0.6711760546782937,
                    "f1-score": 0.6641071018948365,
                    "support": 42430.0
                }
            },
            {
                "0": {
                    "precision": 0.5802672001143102,
                    "recall": 0.5570644718792866,
                    "f1-score": 0.5684291563145186,
                    "support": 14580.0
                },
                "1": {
                    "precision": 0.2040990606319385,
                    "recall": 0.1579643093192333,
                    "f1-score": 0.1780923994038748,
                    "support": 1513.0
                },
                "2": {
                    "precision": 0.49845882870981945,
                    "recall": 0.49540481400437636,
                    "f1-score": 0.49692712906057945,
                    "support": 2285.0
                },
                "3": {
                    "precision": 0.7541915089432195,
                    "recall": 0.7836354565108931,
                    "f1-score": 0.768631608996187,