{
    "TabNet": {
        "filter_sizes": [
            12000,
            8000,
            6000,
            4500,
            3500,
            1500,
            1000,
            300
        ],
        "training_time_seconds": [
            841.3815796375275,
            750.062807559967,
            774.6354670524597,
            1320.4994246959686,
            1234.2292618751526,
            1260.165801525116,
            1108.1413807868958,
            1008.2693963050842
        ],
        "num_classes": [
            2,
            2,
            2,
            3,
            3,
            3,
            3,
            4
        ],
        "test_f1_macro": [
            0.9998751516311069,
            0.9998751516311069,
            0.9998751516311069,
            0.7948872659470267,
            0.7948872659470267,
            0.7948872659470267,
            0.7948872659470267,
            0.7070888823857211
        ],
        "test_f1_micro": [
            0.9999033629686896,
            0.9999033629686896,
            0.9999033629686896,
            0.9524135974658409,
            0.9524135974658409,
            0.9524135974658409,
            0.9524135974658409,
            0.9636813575300495
        ],
        "test_f1_weighted": [
            0.9999033601011009,
            0.9999033601011009,
            0.9999033601011009,
            0.963206741715299,
            0.963206741715299,
            0.963206741715299,
            0.963206741715299,
            0.9687849527884292
        ],
        "cv_class_weights": [
            0.4674679511377535,
            0.4674679511377535,
            0.4674679511377535,
            0.8669670577449843,
            0.8669670577449843,
            0.8669670577449843,
            0.8669670577449843,
            1.1500824855751932
        ],
        "total_training_samples": [
            132454,
            132454,
            132454,
            135364,
            135364,
            135364,
            135364,
            135776
        ],
        "imbalance_ratio": [
            2.7556425087898377,
            2.7556425087898377,
            2.7556425087898377,
            33.26557152635181,
            33.26557152635181,
            33.26557152635181,
            33.26557152635181,
            237.19024390243902
        ],
        "entropy": [
            0.5795094708308288,
            0.5795094708308288,
            0.5795094708308288,
            0.6709640967782999,
            0.6709640967782999,
            0.6709640967782999,
            0.6709640967782999,
            0.6891043729091606
        ],
        "test_precision_macro": [
            0.9999048228063414,
            0.9999048228063414,
            0.9999048228063414,
            0.75881668737648,
            0.75881668737648,
            0.75881668737648,
            0.75881668737648,
            0.6651092888603095
        ],
        "test_recall_macro": [
            0.9998454900088671,
            0.9998454900088671,
            0.9998454900088671,
            0.916111584145887,
            0.916111584145887,
            0.916111584145887,
            0.916111584145887,
            0.7853706398316812
        ],
        "classification_reports": [
            {
                "0": {
                    "precision": 0.9999017520877681,
                    "recall": 0.9999672485507484,
                    "f1-score": 0.9999344992467414,
                    "support": 30533.0
                },
                "1": {
                    "precision": 0.9999078935249148,
                    "recall": 0.9997237314669859,
                    "f1-score": 0.9998158040154724,
                    "support": 10859.0
                },
                "accuracy": 0.9999033629686896,
                "macro avg": {
                    "precision": 0.9999048228063414,
                    "recall": 0.9998454900088671,
                    "f1-score": 0.9998751516311069,
                    "support": 41392.0
                },
                "weighted avg": {
                    "precision": 0.9999033632654348,
                    "recall": 0.9999033629686896,
                    "f1-score": 0.9999033601011009,
                    "support": 41392.0
                }
            },
            {
                "0": {
                    "precision": 0.9999017520877681,
                    "recall": 0.9999672485507484,
                    "f1-score": 0.9999344992467414,
                    "support": 30533.0
                },
                "1": {
                    "precision": 0.9999078935249148,
                    "recall": 0.9997237314669859,
                    "f1-score": 0.9998158040154724,
                    "support": 10859.0
                },
                "accuracy": 0.9999033629686896,
                "macro avg": {
                    "precision": 0.9999048228063414,
                    "recall": 0.9998454900088671,
                    "f1-score": 0.9998751516311069,
                    "support": 41392.0
                },
                "weighted avg": {
                    "precision": 0.9999033632654348,
                    "recall": 0.9999033629686896,
                    "f1-score": 0.9999033601011009,
                    "support": 41392.0
                }
            },
            {
                "0": {
                    "precision": 0.9999017520877681,
                    "recall": 0.9999672485507484,
                    "f1-score": 0.9999344992467414,
                    "support": 30533.0
                },
                "1": {
                    "precision": 0.9999078935249148,
                    "recall": 0.9997237314669859,
                    "f1-score": 0.9998158040154724,
                    "support": 10859.0
                },
                "accuracy": 0.9999033629686896,
                "macro avg": {
                    "precision": 0.9999048228063414,
                    "recall": 0.9998454900088671,
                    "f1-score": 0.9998751516311069,
                    "support": 41392.0
                },
                "weighted avg": {
                    "precision": 0.9999033632654348,
                    "recall": 0.9999033629686896,
                    "f1-score": 0.9999033601011009,
                    "support": 41392.0
                }
            },
            {
                "0": {
                    "precision": 0.2824814670308233,
                    "recall": 0.8089385474860336,
                    "f1-score": 0.41873915558126085,
                    "support": 895.0
                },
                "1": {
                    "precision": 0.9939685950986169,
                    "recall": 0.9397633795431456,
                    "f1-score": 0.9661062632660624,
                    "support": 30513.0
                },
                "2": {
                    "precision": 1.0,
                    "recall": 0.9996328254084818,
                    "f1-score": 0.9998163789937569,
                    "support": 10894.0
                },
                "accuracy": 0.9524135974658409,
                "macro avg": {
                    "precision": 0.75881668737648,
                    "recall": 0.916111584145887,
                    "f1-score": 0.7948872659470267,
                    "support": 42302.0
                },
                "weighted avg": {
                    "precision": 0.9804686458143039,
                    "recall": 0.9524135974658409,
                    "f1-score": 0.963206741715299,
                    "support": 42302.0
                }
            },
            {
                "0": {
                    "precision": 0.2824814670308233,
                    "recall": 0.8089385474860336,
                    "f1-score": 0.41873915558126085,
                    "support": 895.0
                },
                "1": {
                    "precision": 0.9939685950986169,
                    "recall": 0.9397633795431456,