{
    "AdvancedTabularClassifier": {
        "filter_sizes": [
            12000,
            8000,
            6000,
            4500,
            3500,
            1500,
            1000,
            300
        ],
        "training_time_seconds": [
            36.77017593383789,
            40.97572946548462,
            50.595038175582886,
            45.71189832687378,
            48.82848048210144,
            59.86825108528137,
            44.54655194282532,
            47.50201201438904
        ],
        "num_classes": [
            2,
            3,
            4,
            4,
            4,
            4,
            4,
            4
        ],
        "test_f1_macro": [
            0.7155013155745298,
            0.5825708998157344,
            0.4567416794880711,
            0.42802953669116306,
            0.44998686773385577,
            0.4599282301264672,
            0.44952036806182744,
            0.4674107897945209
        ],
        "test_f1_micro": [
            0.7225712653824186,
            0.6623767463482665,
            0.5719302380391232,
            0.5491397596040537,
            0.5628800377091681,
            0.596535470186189,
            0.5604996464765496,
            0.5883337261371671
        ],
        "test_f1_weighted": [
            0.7263810275318607,
            0.6656947787696308,
            0.6039954918324186,
            0.5801624899262792,
            0.5945749145869156,
            0.6198669827042144,
            0.5922513128793536,
            0.6166404415106382
        ],
        "cv_class_weights": [
            0.23823589086532593,
            0.9784849286079407,
            0.8526410460472107,
            0.8526410460472107,
            0.8526410460472107,
            0.8526410460472107,
            0.8526410460472107,
            0.8526410460472107
        ],
        "imbalance_ratio": [
            1.6254845993268863,
            10.114982116836668,
            15.160732046946489,
            15.160732046946489,
            15.160732046946489,
            15.160732046946489,
            15.160732046946489,
            15.160732046946489
        ],
        "total_training_samples": [
            123256,
            130785,
            135776,
            135776,
            135776,
            135776,
            135776,
            135776
        ],
        "entropy": [
            0.6644942900012158,
            0.8465637482123152,
            0.9745313681488466,
            0.9745313681488466,
            0.9745313681488466,
            0.9745313681488466,
            0.9745313681488466,
            0.9745313681488466
        ],
        "test_precision_macro": [
            0.7148895540954066,
            0.5629050381887784,
            0.44725735502483566,
            0.43674305790487494,
            0.4411037228175675,
            0.44211536846256416,
            0.44208834339681746,
            0.45761564798026055
        ],
        "test_recall_macro": [
            0.7271197533566209,
            0.6582262534256013,
            0.5376185976699173,
            0.5276722901137353,
            0.5247024519108391,
            0.5329974528011809,
            0.5280699920571171,
            0.5333983441331187
        ],
        "classification_reports": [
            {
                "0": {
                    "precision": 0.6092166414692872,
                    "recall": 0.745869609926647,
                    "f1-score": 0.6706527769216545,
                    "support": 14587.0
                },
                "1": {
                    "precision": 0.8205624667215258,
                    "recall": 0.7083698967865948,
                    "f1-score": 0.7603498542274052,
                    "support": 23931.0
                },
                "accuracy": 0.7225712653824186,
                "macro avg": {
                    "precision": 0.7148895540954066,
                    "recall": 0.7271197533566209,
                    "f1-score": 0.7155013155745298,
                    "support": 38518.0
                },
                "weighted avg": {
                    "precision": 0.7405245220474928,
                    "recall": 0.7225712653824186,
                    "f1-score": 0.7263810275318607,
                    "support": 38518.0
                }
            },
            {
                "0": {
                    "precision": 0.5961473470767151,
                    "recall": 0.48091603053435117,
                    "f1-score": 0.5323675871435039,
                    "support": 14672.0
                },
                "1": {
                    "precision": 0.3221566012573824,
                    "recall": 0.7260626878488622,
                    "f1-score": 0.4462918975983109,
                    "support": 2329.0
                },
                "2": {
                    "precision": 0.7704111662322375,
                    "recall": 0.7677000418935903,
                    "f1-score": 0.7690532147053886,
                    "support": 23870.0
                },
                "accuracy": 0.6623767463482665,
                "macro avg": {
                    "precision": 0.5629050381887784,
                    "recall": 0.6582262534256013,
                    "f1-score": 0.5825708998157344,
                    "support": 40871.0
                },
                "weighted avg": {
                    "precision": 0.6823099786792961,
                    "recall": 0.6623767463482665,
                    "f1-score": 0.6656947787696308,
                    "support": 40871.0
                }
            },
            {
                "0": {
                    "precision": 0.5351294241944005,
                    "recall": 0.4863511659807956,
                    "f1-score": 0.5095756530487586,
                    "support": 14580.0
                },
                "1": {
                    "precision": 0.10101172314115947,
                    "recall": 0.4157303370786517,
                    "f1-score": 0.16253229974160208,
                    "support": 1513.0
                },
                "2": {
                    "precision": 0.35508155583437895,
                    "recall": 0.6192560175054704,
                    "f1-score": 0.4513556618819777,
                    "support": 2285.0
                },
                "3": {
                    "precision": 0.7978067169294037,
                    "recall": 0.6291368701147514,
                    "f1-score": 0.703503103279946,
                    "support": 24052.0
                },
                "accuracy": 0.5719302380391232,
                "macro avg": {
                    "precision": 0.44725735502483566,
                    "recall": 0.5376185976699173,
                    "f1-score": 0.4567416794880711,
                    "support": 42430.0
                },
                "weighted avg": {
                    "precision": 0.6588552027465121,
                    "recall": 0.5719302380391232,
                    "f1-score": 0.6039954918324186,
                    "support": 42430.0
                }
            },
            {
                "0": {
                    "precision": 0.5668789808917197,
                    "recall": 0.3296296296296296,
                    "f1-score": 0.4168618266978923,
                    "support": 14580.0
                },
                "1": {
                    "precision": 0.0886776561183973,
                    "recall": 0.4871116986120291,
                    "f1-score": 0.15004071661237786,
                    "support": 1513.0
                },
                "2": {
                    "precision": 0.32401847575057735,
                    "recall": 0.6140043763676148,
                    "f1-score": 0.4241874527588813,
                    "support": 2285.0
                },
                "3": {
                    "precision": 0.7673971188588053,
                    "recall": 0.6799434558456677,
                    "f1-score": 0.7210281506955007,