{
    "AdvancedTabularClassifier": {
        "filter_sizes": [
            12000,
            8000,
            6000,
            4500,
            3500,
            1500,
            1000,
            300
        ],
        "training_time_seconds": [
            37.34148716926575,
            42.21242904663086,
            51.853259801864624,
            45.96575880050659,
            42.269721269607544,
            48.0594322681427,
            45.01630139350891,
            45.69145607948303
        ],
        "num_classes": [
            2,
            3,
            4,
            4,
            4,
            4,
            4,
            4
        ],
        "test_f1_macro": [
            0.7089401246017575,
            0.6481155264851743,
            0.49532373018059317,
            0.5033697544378173,
            0.4907898547704685,
            0.48497502432099265,
            0.5047581269243749,
            0.49265961011072984
        ],
        "test_f1_micro": [
            0.7309829170777299,
            0.7143940691443811,
            0.6888522271977374,
            0.6838557624322413,
            0.6850341739335376,
            0.6825359415507896,
            0.6893707282583078,
            0.6864011312750412
        ],
        "test_f1_weighted": [
            0.7283710541201995,
            0.7071175117592139,
            0.6728373068886365,
            0.6707340639194899,
            0.6615628466250547,
            0.6597777369880071,
            0.6756648054835515,
            0.6748083958684447
        ],
        "cv_class_weights": [
            0.0,
            0.0,
            0.0,
            0.0,
            0.0,
            0.0,
            0.0,
            0.0
        ],
        "imbalance_ratio": [
            1.6254845993268863,
            10.114982116836668,
            15.160732046946489,
            15.160732046946489,
            15.160732046946489,
            15.160732046946489,
            15.160732046946489,
            15.160732046946489
        ],
        "total_training_samples": [
            123256,
            130785,
            135776,
            135776,
            135776,
            135776,
            135776,
            135776
        ],
        "entropy": [
            0.6644942900012158,
            0.8465637482123152,
            0.9745313681488466,
            0.9745313681488466,
            0.9745313681488466,
            0.9745313681488466,
            0.9745313681488466,
            0.9745313681488466
        ],
        "test_precision_macro": [
            0.7139151900516565,
            0.6941189769886947,
            0.5986387658930042,
            0.5374042765704102,
            0.5972926943064872,
            0.5938895944570097,
            0.5644116818014165,
            0.626033460595312
        ],
        "test_recall_macro": [
            0.705756690392559,
            0.6200083511092979,
            0.46208658381580553,
            0.4961724380223047,
            0.4738700116718779,
            0.45075528057149106,
            0.48041782248053266,
            0.4808393711200102
        ],
        "classification_reports": [
            {
                "0": {
                    "precision": 0.6584652314154977,
                    "recall": 0.6017686981558922,
                    "f1-score": 0.6288416075650118,
                    "support": 14587.0
                },
                "1": {
                    "precision": 0.7693651486878151,
                    "recall": 0.8097446826292257,
                    "f1-score": 0.7890386416385032,
                    "support": 23931.0
                },
                "accuracy": 0.7309829170777299,
                "macro avg": {
                    "precision": 0.7139151900516565,
                    "recall": 0.705756690392559,
                    "f1-score": 0.7089401246017575,
                    "support": 38518.0
                },
                "weighted avg": {
                    "precision": 0.7273666780182244,
                    "recall": 0.7309829170777299,
                    "f1-score": 0.7283710541201995,
                    "support": 38518.0
                }
            },
            {
                "0": {
                    "precision": 0.6393898466671963,
                    "recall": 0.5485278080697928,
                    "f1-score": 0.5904838768846986,
                    "support": 14672.0
                },
                "1": {
                    "precision": 0.6918714555765595,
                    "recall": 0.47144697294976384,
                    "f1-score": 0.5607763023493361,
                    "support": 2329.0
                },
                "2": {
                    "precision": 0.7510956287223284,
                    "recall": 0.8400502723083368,
                    "f1-score": 0.7930864002214884,
                    "support": 23870.0
                },
                "accuracy": 0.7143940691443811,
                "macro avg": {
                    "precision": 0.6941189769886947,
                    "recall": 0.6200083511092979,
                    "f1-score": 0.6481155264851743,
                    "support": 40871.0
                },
                "weighted avg": {
                    "precision": 0.7076202957583834,
                    "recall": 0.7143940691443811,
                    "f1-score": 0.7071175117592139,
                    "support": 40871.0
                }
            },
            {
                "0": {
                    "precision": 0.597227426002248,
                    "recall": 0.546639231824417,
                    "f1-score": 0.5708146821844226,
                    "support": 14580.0
                },
                "1": {
                    "precision": 0.3159509202453988,
                    "recall": 0.0680766688697951,
                    "f1-score": 0.1120174007612833,
                    "support": 1513.0
                },
                "2": {
                    "precision": 0.7462437395659433,
                    "recall": 0.3912472647702407,
                    "f1-score": 0.5133505598621878,
                    "support": 2285.0
                },
                "3": {
                    "precision": 0.7351329777584268,
                    "recall": 0.8423831697987694,
                    "f1-score": 0.7851122779144789,
                    "support": 24052.0
                },
                "accuracy": 0.6888522271977374,
                "macro avg": {
                    "precision": 0.5986387658930042,
                    "recall": 0.46208658381580553,
                    "f1-score": 0.49532373018059317,
                    "support": 42430.0
                },
                "weighted avg": {
                    "precision": 0.6733960626773021,
                    "recall": 0.6888522271977374,
                    "f1-score": 0.6728373068886365,
                    "support": 42430.0
                }
            },
            {
                "0": {
                    "precision": 0.6068540315477621,
                    "recall": 0.5198216735253772,
                    "f1-score": 0.5599763567180169,
                    "support": 14580.0
                },
                "1": {
                    "precision": 0.2773279352226721,
                    "recall": 0.09054857898215465,
                    "f1-score": 0.13652217239661185,
                    "support": 1513.0
                },
                "2": {
                    "precision": 0.5248830284985113,
                    "recall": 0.5400437636761488,
                    "f1-score": 0.5323554788610871,
                    "support": 2285.0
                },
                "3": {
                    "precision": 0.7405521110126956,
                    "recall": 0.834275735905538,
                    "f1-score": 0.7846250097755533,
                    "support": 24052.0
                },
                "accuracy": 0.6838557624322413,