{
    "TabNet": {
        "filter_sizes": [
            12000,
            8000,
            6000,
            4500,
            3500,
            1500,
            1000,
            300
        ],
        "training_time_seconds": [
            1176.4966804981232,
            1061.4563221931458,
            1076.1309659481049,
            1043.574708223343,
            925.3228199481964,
            919.5229117870331,
            859.0194947719574,
            879.4426007270813
        ],
        "num_classes": [
            2,
            2,
            2,
            3,
            3,
            3,
            3,
            4
        ],
        "test_f1_macro": [
            0.9999066537907293,
            0.9999066537907293,
            0.9999066537907293,
            0.7940008707342737,
            0.7940008707342737,
            0.7940008707342737,
            0.7940008707342737,
            0.7123151653394909
        ],
        "test_f1_micro": [
            0.9999275222265172,
            0.9999275222265172,
            0.9999275222265172,
            0.9485367122121886,
            0.9485367122121886,
            0.9485367122121886,
            0.9485367122121886,
            0.9608767381569644
        ],
        "test_f1_weighted": [
            0.9999275211602234,
            0.9999275211602234,
            0.9999275211602234,
            0.9611238148178314,
            0.9611238148178314,
            0.9611238148178314,
            0.9611238148178314,
            0.9672568713255958
        ],
        "cv_class_weights": [
            0.4681021571159363,
            0.4681021571159363,
            0.4681021571159363,
            1.199558973312378,
            1.199558973312378,
            1.199558973312378,
            1.199558973312378,
            1.4304313659667969
        ],
        "total_training_samples": [
            132454,
            132454,
            132454,
            135364,
            135364,
            135364,
            135364,
            135776
        ],
        "imbalance_ratio": [
            2.7601203656390165,
            2.7601203656390165,
            2.7601203656390165,
            33.302667578659374,
            33.302667578659374,
            33.302667578659374,
            33.302667578659374,
            235.78208232445522
        ],
        "entropy": [
            0.5791877937277327,
            0.5791877937277327,
            0.5791877937277327,
            0.6696847299531715,
            0.6696847299531715,
            0.6696847299531715,
            0.6696847299531715,
            0.6882454437129856
        ],
        "test_precision_macro": [
            0.9999213642394835,
            0.9999213642394835,
            0.9999213642394835,
            0.7570845758646652,
            0.7570845758646652,
            0.7570845758646652,
            0.7570845758646652,
            0.6583099096529226
        ],
        "test_recall_macro": [
            0.999891945710896,
            0.999891945710896,
            0.999891945710896,
            0.9369206659642805,
            0.9369206659642805,
            0.9369206659642805,
            0.9369206659642805,
            0.8393772824414837
        ],
        "classification_reports": [
            {
                "0": {
                    "precision": 0.9999343875073814,
                    "recall": 0.9999671926774056,
                    "f1-score": 0.9999507898233355,
                    "support": 30481.0
                },
                "1": {
                    "precision": 0.9999083409715857,
                    "recall": 0.9998166987443864,
                    "f1-score": 0.999862517758123,
                    "support": 10911.0
                },
                "accuracy": 0.9999275222265172,
                "macro avg": {
                    "precision": 0.9999213642394835,
                    "recall": 0.999891945710896,
                    "f1-score": 0.9999066537907293,
                    "support": 41392.0
                },
                "weighted avg": {
                    "precision": 0.9999275215972523,
                    "recall": 0.9999275222265172,
                    "f1-score": 0.9999275211602234,
                    "support": 41392.0
                }
            },
            {
                "0": {
                    "precision": 0.9999343875073814,
                    "recall": 0.9999671926774056,
                    "f1-score": 0.9999507898233355,
                    "support": 30481.0
                },
                "1": {
                    "precision": 0.9999083409715857,
                    "recall": 0.9998166987443864,
                    "f1-score": 0.999862517758123,
                    "support": 10911.0
                },
                "accuracy": 0.9999275222265172,
                "macro avg": {
                    "precision": 0.9999213642394835,
                    "recall": 0.999891945710896,
                    "f1-score": 0.9999066537907293,
                    "support": 41392.0
                },
                "weighted avg": {
                    "precision": 0.9999275215972523,
                    "recall": 0.9999275222265172,
                    "f1-score": 0.9999275211602234,
                    "support": 41392.0
                }
            },
            {
                "0": {
                    "precision": 0.9999343875073814,
                    "recall": 0.9999671926774056,
                    "f1-score": 0.9999507898233355,
                    "support": 30481.0
                },
                "1": {
                    "precision": 0.9999083409715857,
                    "recall": 0.9998166987443864,
                    "f1-score": 0.999862517758123,
                    "support": 10911.0
                },
                "accuracy": 0.9999275222265172,
                "macro avg": {
                    "precision": 0.9999213642394835,
                    "recall": 0.999891945710896,
                    "f1-score": 0.9999066537907293,
                    "support": 41392.0
                },
                "weighted avg": {
                    "precision": 0.9999275215972523,
                    "recall": 0.9999275222265172,
                    "f1-score": 0.9999275211602234,
                    "support": 41392.0
                }
            },
            {
                "0": {
                    "precision": 0.2752454417952314,
                    "recall": 0.8790593505039194,
                    "f1-score": 0.4192256341789052,
                    "support": 893.0
                },
                "1": {
                    "precision": 0.9961881904492994,
                    "recall": 0.931702647388922,
                    "f1-score": 0.9628669384413325,
                    "support": 30294.0
                },
                "2": {
                    "precision": 0.9998200953494648,
                    "recall": 1.0,
                    "f1-score": 0.9999100395825836,
                    "support": 11115.0
                },
                "accuracy": 0.9485367122121886,
                "macro avg": {
                    "precision": 0.7570845758646652,
                    "recall": 0.9369206659642805,
                    "f1-score": 0.7940008707342737,
                    "support": 42302.0
                },
                "weighted avg": {
                    "precision": 0.9819233034089054,
                    "recall": 0.9485367122121886,
                    "f1-score": 0.9611238148178314,
                    "support": 42302.0
                }
            },
            {
                "0": {
                    "precision": 0.2752454417952314,
                    "recall": 0.8790593505039194,
                    "f1-score": 0.4192256341789052,
                    "support": 893.0
                },
                "1": {
                    "precision": 0.9961881904492994,
                    "recall": 0.931702647388922,