{
    "AdvancedTabularClassifier": {
        "filter_sizes": [
            12000,
            8000,
            6000,
            4500,
            3500,
            1500,
            1000,
            300
        ],
        "training_time_seconds": [
            83.00154137611389,
            84.7829065322876,
            177.66842484474182,
            52.48096966743469,
            55.63564610481262,
            59.358479022979736,
            46.023826599121094,
            54.86081886291504
        ],
        "num_classes": [
            2,
            2,
            2,
            3,
            3,
            3,
            3,
            4
        ],
        "test_f1_macro": [
            0.999875328988763,
            0.9996259206108498,
            0.9998129934831446,
            0.7690902997799913,
            0.7806604328189418,
            0.7958945017036104,
            0.7902135045032096,
            0.6281269726684292
        ],
        "test_f1_micro": [
            0.9999033629686896,
            0.9997100889060688,
            0.9998550444530344,
            0.9303342631554063,
            0.940144674010685,
            0.9488676658314028,
            0.9450616992104393,
            0.9164506245580957
        ],
        "test_f1_weighted": [
            0.9999033629686896,
            0.9997100631848825,
            0.9998550444530344,
            0.9477710381122939,
            0.9555404394449792,
            0.9608512036984643,
            0.9585981532202003,
            0.9386276457668709
        ],
        "cv_class_weights": [
            0.4677548408508301,
            0.4677548408508301,
            0.4677548408508301,
            1.200628638267517,
            1.200628638267517,
            1.200628638267517,
            1.200628638267517,
            1.4263921976089478
        ],
        "imbalance_ratio": [
            2.7576668841669267,
            2.7576668841669267,
            2.7576668841669267,
            33.36020583190395,
            33.36020583190395,
            33.36020583190395,
            33.36020583190395,
            235.11352657004832
        ],
        "total_training_samples": [
            132454,
            132454,
            132454,
            135364,
            135364,
            135364,
            135364,
            135776
        ],
        "entropy": [
            0.5793640140080556,
            0.5793640140080556,
            0.5793640140080556,
            0.6705127663073001,
            0.6705127663073001,
            0.6705127663073001,
            0.6705127663073001,
            0.6877410771768522
        ],
        "test_precision_macro": [
            0.999875328988763,
            0.9997146180220255,
            0.9998129934831446,
            0.7367893085466326,
            0.7474172269987459,
            0.758438645493455,
            0.7539367302891518,
            0.5882057944653032
        ],
        "test_recall_macro": [
            0.999875328988763,
            0.9995373088663462,
            0.9998129934831446,
            0.9297844228472556,
            0.9313270456133452,
            0.9343762883985659,
            0.937916312604388,
            0.8771669343319826
        ],
        "classification_reports": [
            {
                "0": {
                    "precision": 0.9999344477220583,
                    "recall": 0.9999344477220583,
                    "f1-score": 0.9999344477220583,
                    "support": 30510.0
                },
                "1": {
                    "precision": 0.9998162102554677,
                    "recall": 0.9998162102554677,
                    "f1-score": 0.9998162102554677,
                    "support": 10882.0
                },
                "accuracy": 0.9999033629686896,
                "macro avg": {
                    "precision": 0.999875328988763,
                    "recall": 0.999875328988763,
                    "f1-score": 0.999875328988763,
                    "support": 41392.0
                },
                "weighted avg": {
                    "precision": 0.9999033629686896,
                    "recall": 0.9999033629686896,
                    "f1-score": 0.9999033629686896,
                    "support": 41392.0
                }
            },
            {
                "0": {
                    "precision": 0.999705072748722,
                    "recall": 0.9999016715830875,
                    "f1-score": 0.999803362501229,
                    "support": 30510.0
                },
                "1": {
                    "precision": 0.9997241632953292,
                    "recall": 0.9991729461496048,
                    "f1-score": 0.9994484787204706,
                    "support": 10882.0
                },
                "accuracy": 0.9997100889060688,
                "macro avg": {
                    "precision": 0.9997146180220255,
                    "recall": 0.9995373088663462,
                    "f1-score": 0.9996259206108498,
                    "support": 41392.0
                },
                "weighted avg": {
                    "precision": 0.9997100916733493,
                    "recall": 0.9997100889060688,
                    "f1-score": 0.9997100631848825,
                    "support": 41392.0
                }
            },
            {
                "0": {
                    "precision": 0.9999016715830875,
                    "recall": 0.9999016715830875,
                    "f1-score": 0.9999016715830875,
                    "support": 30510.0
                },
                "1": {
                    "precision": 0.9997243153832016,
                    "recall": 0.9997243153832016,
                    "f1-score": 0.9997243153832016,
                    "support": 10882.0
                },
                "accuracy": 0.9998550444530344,
                "macro avg": {
                    "precision": 0.9998129934831446,
                    "recall": 0.9998129934831446,
                    "f1-score": 0.9998129934831446,
                    "support": 41392.0
                },
                "weighted avg": {
                    "precision": 0.9998550444530344,
                    "recall": 0.9998550444530344,
                    "f1-score": 0.9998550444530344,
                    "support": 41392.0
                }
            },
            {
                "0": {
                    "precision": 0.23137141200347927,
                    "recall": 0.8827433628318584,
                    "f1-score": 0.3666436940041351,
                    "support": 904.0
                },
                "1": {
                    "precision": 0.9962487375559083,
                    "recall": 0.9067927377786533,
                    "f1-score": 0.949418214942509,
                    "support": 30459.0
                },
                "2": {
                    "precision": 0.9827477760805103,
                    "recall": 0.9998171679312552,
                    "f1-score": 0.9912089903933297,
                    "support": 10939.0
                },
                "accuracy": 0.9303342631554063,
                "macro avg": {
                    "precision": 0.7367893085466326,
                    "recall": 0.9297844228472556,
                    "f1-score": 0.7690902997799913,
                    "support": 42302.0
                },
                "weighted avg": {
                    "precision": 0.9764119421353897,
                    "recall": 0.9303342631554063,
                    "f1-score": 0.9477710381122939,
                    "support": 42302.0
                }
            },
            {
                "0": {
                    "precision": 0.24788202070913085,
                    "recall": 0.8738938053097345,
                    "f1-score": 0.38621363969689565,
                    "support": 904.0
                },
                "1": {
                    "precision": 0.9957401490947817,