{
    "AdvancedTabularClassifier": {
        "filter_sizes": [
            12000,
            8000,
            6000,
            4500,
            3500,
            1500,
            1000,
            300
        ],
        "training_time_seconds": [
            41.51966691017151,
            40.99688386917114,
            40.676634550094604,
            42.34538459777832,
            43.572046756744385,
            39.85835337638855,
            40.44937801361084,
            37.81777358055115
        ],
        "num_classes": [
            2,
            3,
            4,
            4,
            4,
            4,
            4,
            4
        ],
        "test_f1_macro": [
            0.7186611340873572,
            0.643748261804267,
            0.4828968387542052,
            0.49171514667506033,
            0.4900863217294982,
            0.48985276179537823,
            0.4938850323218609,
            0.49723362160886864
        ],
        "test_f1_micro": [
            0.7394205306609897,
            0.7154950943211568,
            0.6891114777280226,
            0.6873909969361301,
            0.6895121376384633,
            0.6873909969361301,
            0.6847749234032524,
            0.6904312986094744
        ],
        "test_f1_weighted": [
            0.7372003486132123,
            0.705368054788763,
            0.6669645427236259,
            0.6696065578483673,
            0.6748166105133491,
            0.6762886213403329,
            0.6743171894372975,
            0.6764620829768007
        ],
        "cv_class_weights": [
            0.23885246965664958,
            0.6457632615350283,
            0.8707902075821371,
            0.8707902075821371,
            0.8707902075821371,
            0.8707902075821371,
            0.8707902075821371,
            0.8707902075821371
        ],
        "imbalance_ratio": [
            1.6254845993268863,
            10.114982116836668,
            15.160732046946489,
            15.160732046946489,
            15.160732046946489,
            15.160732046946489,
            15.160732046946489,
            15.160732046946489
        ],
        "total_training_samples": [
            123256,
            130785,
            135776,
            135776,
            135776,
            135776,
            135776,
            135776
        ],
        "entropy": [
            0.9584462469130828,
            0.7711844157599113,
            0.7023144887866911,
            0.7023144887866911,
            0.7023144887866911,
            0.7023144887866911,
            0.7023144887866911,
            0.7023144887866911
        ],
        "test_precision_macro": [
            0.7231221341101581,
            0.7163559964885325,
            0.6016662679103271,
            0.5903588164779636,
            0.6121685025334456,
            0.644340697498342,
            0.5970040035916868,
            0.610540398955901
        ],
        "test_recall_macro": [
            0.7156386793540077,
            0.6071501906735134,
            0.46158129922878655,
            0.46085611929832854,
            0.46327388004606035,
            0.4614038307932863,
            0.4671714147376415,
            0.47563439597403206
        ],
        "classification_reports": [
            {
                "0": {
                    "precision": 0.668918918918919,
                    "recall": 0.6176047165284158,
                    "f1-score": 0.6422384601675281,
                    "support": 14587.0
                },
                "1": {
                    "precision": 0.7773253493013972,
                    "recall": 0.8136726421795997,
                    "f1-score": 0.7950838080071865,
                    "support": 23931.0
                },
                "accuracy": 0.7394205306609897,
                "macro avg": {
                    "precision": 0.7231221341101581,
                    "recall": 0.7156386793540077,
                    "f1-score": 0.7186611340873572,
                    "support": 38518.0
                },
                "weighted avg": {
                    "precision": 0.736271177226284,
                    "recall": 0.7394205306609897,
                    "f1-score": 0.7372003486132123,
                    "support": 38518.0
                }
            },
            {
                "0": {
                    "precision": 0.6467045834727334,
                    "recall": 0.5269901853871319,
                    "f1-score": 0.5807420760102148,
                    "support": 14672.0
                },
                "1": {
                    "precision": 0.7591623036649214,
                    "recall": 0.43580936024044653,
                    "f1-score": 0.5537370430987453,
                    "support": 2329.0
                },
                "2": {
                    "precision": 0.7432011023279426,
                    "recall": 0.8586510263929619,
                    "f1-score": 0.7967656663038408,
                    "support": 23870.0
                },
                "accuracy": 0.7154950943211568,
                "macro avg": {
                    "precision": 0.7163559964885325,
                    "recall": 0.6071501906735134,
                    "f1-score": 0.643748261804267,
                    "support": 40871.0
                },
                "weighted avg": {
                    "precision": 0.7094700145950805,
                    "recall": 0.7154950943211568,
                    "f1-score": 0.705368054788763,
                    "support": 40871.0
                }
            },
            {
                "0": {
                    "precision": 0.6161290322580645,
                    "recall": 0.4978052126200274,
                    "f1-score": 0.5506828528072838,
                    "support": 14580.0
                },
                "1": {
                    "precision": 0.4017857142857143,
                    "recall": 0.029742233972240583,
                    "f1-score": 0.055384615384615386,
                    "support": 1513.0
                },
                "2": {
                    "precision": 0.6677503250975293,
                    "recall": 0.44945295404814006,
                    "f1-score": 0.53727439183887,
                    "support": 2285.0
                },
                "3": {
                    "precision": 0.721,
                    "recall": 0.869324796274738,
                    "f1-score": 0.7882454949860515,
                    "support": 24052.0
                },
                "accuracy": 0.6891114777280226,
                "macro avg": {
                    "precision": 0.6016662679103271,
                    "recall": 0.46158129922878655,
                    "f1-score": 0.4828968387542052,
                    "support": 42430.0
                },
                "weighted avg": {
                    "precision": 0.6707132823211105,
                    "recall": 0.6891114777280226,
                    "f1-score": 0.6669645427236259,
                    "support": 42430.0
                }
            },
            {
                "0": {
                    "precision": 0.6046603475513428,
                    "recall": 0.5250342935528121,
                    "f1-score": 0.5620411160058737,
                    "support": 14580.0
                },
                "1": {
                    "precision": 0.33440514469453375,
                    "recall": 0.06873760740251157,
                    "f1-score": 0.11403508771929824,
                    "support": 1513.0
                },
                "2": {
                    "precision": 0.6941896024464832,
                    "recall": 0.3973741794310722,
                    "f1-score": 0.5054272195936543,
                    "support": 2285.0
                },
                "3": {
                    "precision": 0.7281801712194949,
                    "recall": 0.8522783968069183,
                    "f1-score": 0.7853571633814148,