{
    "TabNet": {
        "filter_sizes": [
            12000,
            8000,
            6000,
            4500,
            3500,
            1500,
            1000,
            300
        ],
        "training_time_seconds": [
            753.7996554374695,
            723.2244617938995,
            736.0953018665314,
            1466.917874097824,
            1418.9755647182465,
            1398.5673913955688,
            1378.5761358737946,
            905.336439371109
        ],
        "num_classes": [
            2,
            2,
            2,
            3,
            3,
            3,
            3,
            4
        ],
        "test_f1_macro": [
            0.9998751516311069,
            0.9998751516311069,
            0.9998751516311069,
            0.8113722588376198,
            0.8113722588376198,
            0.8113722588376198,
            0.8113722588376198,
            0.6930423233522116
        ],
        "test_f1_micro": [
            0.9999033629686896,
            0.9999033629686896,
            0.9999033629686896,
            0.9612311474634769,
            0.9612311474634769,
            0.9612311474634769,
            0.9612311474634769,
            0.9452510016497762
        ],
        "test_f1_weighted": [
            0.9999033601011009,
            0.9999033601011009,
            0.9999033601011009,
            0.9687855264527778,
            0.9687855264527778,
            0.9687855264527778,
            0.9687855264527778,
            0.9573095772184781
        ],
        "cv_class_weights": [
            0.46746793389320374,
            0.46746793389320374,
            0.46746793389320374,
            1.2002887725830078,
            1.2002887725830078,
            1.2002887725830078,
            1.2002887725830078,
            1.4322282075881958
        ],
        "total_training_samples": [
            132454,
            132454,
            132454,
            135364,
            135364,
            135364,
            135364,
            135776
        ],
        "imbalance_ratio": [
            2.7556425087898377,
            2.7556425087898377,
            2.7556425087898377,
            33.26557152635181,
            33.26557152635181,
            33.26557152635181,
            33.26557152635181,
            237.19024390243902
        ],
        "entropy": [
            0.5795094708308288,
            0.5795094708308288,
            0.5795094708308288,
            0.6709640967782999,
            0.6709640967782999,
            0.6709640967782999,
            0.6709640967782999,
            0.6891043729091606
        ],
        "test_precision_macro": [
            0.9999048228063414,
            0.9999048228063414,
            0.9999048228063414,
            0.7734549055257433,
            0.7734549055257433,
            0.7734549055257433,
            0.7734549055257433,
            0.6365342707531569
        ],
        "test_recall_macro": [
            0.9998454900088671,
            0.9998454900088671,
            0.9998454900088671,
            0.9122723634387763,
            0.9122723634387763,
            0.9122723634387763,
            0.9122723634387763,
            0.8674056634711131
        ],
        "classification_reports": [
            {
                "0": {
                    "precision": 0.9999017520877681,
                    "recall": 0.9999672485507484,
                    "f1-score": 0.9999344992467414,
                    "support": 30533.0
                },
                "1": {
                    "precision": 0.9999078935249148,
                    "recall": 0.9997237314669859,
                    "f1-score": 0.9998158040154724,
                    "support": 10859.0
                },
                "accuracy": 0.9999033629686896,
                "macro avg": {
                    "precision": 0.9999048228063414,
                    "recall": 0.9998454900088671,
                    "f1-score": 0.9998751516311069,
                    "support": 41392.0
                },
                "weighted avg": {
                    "precision": 0.9999033632654348,
                    "recall": 0.9999033629686896,
                    "f1-score": 0.9999033601011009,
                    "support": 41392.0
                }
            },
            {
                "0": {
                    "precision": 0.9999017520877681,
                    "recall": 0.9999672485507484,
                    "f1-score": 0.9999344992467414,
                    "support": 30533.0
                },
                "1": {
                    "precision": 0.9999078935249148,
                    "recall": 0.9997237314669859,
                    "f1-score": 0.9998158040154724,
                    "support": 10859.0
                },
                "accuracy": 0.9999033629686896,
                "macro avg": {
                    "precision": 0.9999048228063414,
                    "recall": 0.9998454900088671,
                    "f1-score": 0.9998751516311069,
                    "support": 41392.0
                },
                "weighted avg": {
                    "precision": 0.9999033632654348,
                    "recall": 0.9999033629686896,
                    "f1-score": 0.9999033601011009,
                    "support": 41392.0
                }
            },
            {
                "0": {
                    "precision": 0.9999017520877681,
                    "recall": 0.9999672485507484,
                    "f1-score": 0.9999344992467414,
                    "support": 30533.0
                },
                "1": {
                    "precision": 0.9999078935249148,
                    "recall": 0.9997237314669859,
                    "f1-score": 0.9998158040154724,
                    "support": 10859.0
                },
                "accuracy": 0.9999033629686896,
                "macro avg": {
                    "precision": 0.9999048228063414,
                    "recall": 0.9998454900088671,
                    "f1-score": 0.9998751516311069,
                    "support": 41392.0
                },
                "weighted avg": {
                    "precision": 0.9999033632654348,
                    "recall": 0.9999033629686896,
                    "f1-score": 0.9999033601011009,
                    "support": 41392.0
                }
            },
            {
                "0": {
                    "precision": 0.3271202236719478,
                    "recall": 0.7843575418994413,
                    "f1-score": 0.4616902334758303,
                    "support": 895.0
                },
                "1": {
                    "precision": 0.9933362949800089,
                    "recall": 0.952643135712647,
                    "f1-score": 0.9725642398286938,
                    "support": 30513.0
                },
                "2": {
                    "precision": 0.9999081979252731,
                    "recall": 0.9998164127042408,
                    "f1-score": 0.9998623032083352,
                    "support": 10894.0
                },
                "accuracy": 0.9612311474634769,
                "macro avg": {
                    "precision": 0.7734549055257433,
                    "recall": 0.9122723634387763,
                    "f1-score": 0.8113722588376198,
                    "support": 42302.0
                },
                "weighted avg": {
                    "precision": 0.9809333572197374,
                    "recall": 0.9612311474634769,
                    "f1-score": 0.9687855264527778,
                    "support": 42302.0
                }
            },
            {
                "0": {
                    "precision": 0.3271202236719478,
                    "recall": 0.7843575418994413,
                    "f1-score": 0.4616902334758303,
                    "support": 895.0
                },
                "1": {
                    "precision": 0.9933362949800089,