{
    "TabNet": {
        "filter_sizes": [
            12000,
            8000,
            6000,
            4500
        ],
        "training_time_seconds": [
            1853.2452313899994,
            1824.8387796878815,
            1861.407721042633,
            1760.2625358104706
        ],
        "num_classes": [
            4,
            4,
            4,
            5
        ],
        "test_f1_macro": [
            0.9830618619302127,
            0.9830618619302127,
            0.9830618619302127,
            0.9626270176942752
        ],
        "test_f1_micro": [
            0.9846783172774363,
            0.9846783172774363,
            0.9846783172774363,
            0.9778458637756304
        ],
        "test_f1_weighted": [
            0.9846791452833638,
            0.9846791452833638,
            0.9846791452833638,
            0.9778563503885768
        ],
        "cv_class_weights": [
            0.42733505368232727,
            0.42733505368232727,
            0.42733505368232727,
            1.1505160331726074
        ],
        "total_training_samples": [
            132204,
            132204,
            132204,
            135776
        ],
        "imbalance_ratio": [
            2.872849111249929,
            2.872849111249929,
            2.872849111249929,
            14.165032221910899
        ],
        "entropy": [
            1.2933917983737433,
            1.2933917983737433,
            1.2933917983737433,
            1.3817267446568993
        ],
        "test_precision_macro": [
            0.9814822260176648,
            0.9814822260176648,
            0.9814822260176648,
            0.9596937601922342
        ],
        "test_recall_macro": [
            0.9846938871357747,
            0.9846938871357747,
            0.9846938871357747,
            0.9656969823497328
        ],
        "classification_reports": [
            {
                "0": {
                    "precision": 0.9910544347164065,
                    "recall": 0.9916206436869168,
                    "f1-score": 0.9913374583531651,
                    "support": 15753.0
                },
                "1": {
                    "precision": 0.990072202166065,
                    "recall": 0.9983315637797664,
                    "f1-score": 0.9941847292500566,
                    "support": 6593.0
                },
                "2": {
                    "precision": 0.9847087924443445,
                    "recall": 0.9738324684951816,
                    "f1-score": 0.9792404308449182,
                    "support": 13490.0
                },
                "3": {
                    "precision": 0.9600934747438432,
                    "recall": 0.9749908725812341,
                    "f1-score": 0.9674848292727108,
                    "support": 5478.0
                },
                "accuracy": 0.9846783172774363,
                "macro avg": {
                    "precision": 0.9814822260176648,
                    "recall": 0.9846938871357747,
                    "f1-score": 0.9830618619302127,
                    "support": 41314.0
                },
                "weighted avg": {
                    "precision": 0.9847204386815461,
                    "recall": 0.9846783172774363,
                    "f1-score": 0.9846791452833638,
                    "support": 41314.0
                }
            },
            {
                "0": {
                    "precision": 0.9910544347164065,
                    "recall": 0.9916206436869168,
                    "f1-score": 0.9913374583531651,
                    "support": 15753.0
                },
                "1": {
                    "precision": 0.990072202166065,
                    "recall": 0.9983315637797664,
                    "f1-score": 0.9941847292500566,
                    "support": 6593.0
                },
                "2": {
                    "precision": 0.9847087924443445,
                    "recall": 0.9738324684951816,
                    "f1-score": 0.9792404308449182,
                    "support": 13490.0
                },
                "3": {
                    "precision": 0.9600934747438432,
                    "recall": 0.9749908725812341,
                    "f1-score": 0.9674848292727108,
                    "support": 5478.0
                },
                "accuracy": 0.9846783172774363,
                "macro avg": {
                    "precision": 0.9814822260176648,
                    "recall": 0.9846938871357747,
                    "f1-score": 0.9830618619302127,
                    "support": 41314.0
                },
                "weighted avg": {
                    "precision": 0.9847204386815461,
                    "recall": 0.9846783172774363,
                    "f1-score": 0.9846791452833638,
                    "support": 41314.0
                }
            },
            {
                "0": {
                    "precision": 0.9910544347164065,
                    "recall": 0.9916206436869168,
                    "f1-score": 0.9913374583531651,
                    "support": 15753.0
                },
                "1": {
                    "precision": 0.990072202166065,
                    "recall": 0.9983315637797664,
                    "f1-score": 0.9941847292500566,
                    "support": 6593.0
                },
                "2": {
                    "precision": 0.9847087924443445,
                    "recall": 0.9738324684951816,
                    "f1-score": 0.9792404308449182,
                    "support": 13490.0
                },
                "3": {
                    "precision": 0.9600934747438432,
                    "recall": 0.9749908725812341,
                    "f1-score": 0.9674848292727108,
                    "support": 5478.0
                },
                "accuracy": 0.9846783172774363,
                "macro avg": {
                    "precision": 0.9814822260176648,
                    "recall": 0.9846938871357747,
                    "f1-score": 0.9830618619302127,
                    "support": 41314.0
                },
                "weighted avg": {
                    "precision": 0.9847204386815461,
                    "recall": 0.9846783172774363,
                    "f1-score": 0.9846791452833638,
                    "support": 41314.0
                }
            },
            {
                "0": {
                    "precision": 0.8913793103448275,
                    "recall": 0.9240393208221627,
                    "f1-score": 0.9074155331285652,
                    "support": 1119.0
                },
                "1": {
                    "precision": 0.9892691599466633,
                    "recall": 0.9863880974992086,
                    "f1-score": 0.9878265280243469,
                    "support": 15795.0
                },
                "2": {
                    "precision": 0.9876749847839318,
                    "recall": 0.9975411095743046,
                    "f1-score": 0.9925835308509825,
                    "support": 6507.0
                },
                "3": {
                    "precision": 0.9769649690903739,
                    "recall": 0.976318305508568,
                    "f1-score": 0.9766415302556557,
                    "support": 13597.0
                },
                "4": {
                    "precision": 0.953180376795374,
                    "recall": 0.9441980783444198,
                    "f1-score": 0.9486679662118258,
                    "support": 5412.0
                },
                "accuracy": 0.9778458637756304,
                "macro avg": {
                    "precision": 0.9596937601922342,
                    "recall": 0.9656969823497328,
                    "f1-score": 0.9626270176942752,
                    "support": 42430.0
                },
                "weighted avg": {
                    "precision": 0.9778969087805994,