{
    "TabNet": {
        "filter_sizes": [
            12000,
            8000,
            6000,
            4500,
            3500,
            1500,
            1000,
            300
        ],
        "training_time_seconds": [
            924.9933435916901,
            893.1158242225647,
            890.8915531635284,
            899.7440900802612,
            716.4380991458893,
            733.0432977676392,
            732.8624248504639,
            735.2367129325867
        ],
        "num_classes": [
            2,
            2,
            2,
            2,
            4,
            5,
            5,
            5
        ],
        "test_f1_macro": [
            0.8846937619424438,
            0.8846937619424438,
            0.8846937619424438,
            0.8846937619424438,
            0.6451527712997789,
            0.5166133365156398,
            0.5166133365156398,
            0.5166133365156398
        ],
        "test_f1_micro": [
            0.9514012236037103,
            0.9514012236037103,
            0.9514012236037103,
            0.9514012236037103,
            0.915439429928741,
            0.9118783879330662,
            0.9118783879330662,
            0.9118783879330662
        ],
        "test_f1_weighted": [
            0.9551788321941543,
            0.9551788321941543,
            0.9551788321941543,
            0.9551788321941543,
            0.9211209715482962,
            0.9157945062211682,
            0.9157945062211682,
            0.9157945062211682
        ],
        "cv_class_weights": [
            0.8090568481428373,
            0.8090568481428373,
            0.8090568481428373,
            0.8090568481428373,
            1.4376786915038213,
            1.6655763850201348,
            1.6655763850201348,
            1.6655763850201348
        ],
        "total_training_samples": [
            129714,
            129714,
            129714,
            129714,
            134718,
            135776,
            135776,
            135776
        ],
        "imbalance_ratio": [
            9.474321705426357,
            9.474321705426357,
            9.474321705426357,
            9.474321705426357,
            47.700569568755085,
            111.66285714285715,
            111.66285714285715,
            111.66285714285715
        ],
        "entropy": [
            0.3150175183558238,
            0.3150175183558238,
            0.3150175183558238,
            0.3150175183558238,
            0.4889941954989925,
            0.5311683091307712,
            0.5311683091307712,
            0.5311683091307712
        ],
        "test_precision_macro": [
            0.8361205707326111,
            0.8361205707326111,
            0.8361205707326111,
            0.8361205707326111,
            0.6049888627134421,
            0.48629584436986295,
            0.48629584436986295,
            0.48629584436986295
        ],
        "test_recall_macro": [
            0.9605137423644717,
            0.9605137423644717,
            0.9605137423644717,
            0.9605137423644717,
            0.6989032873575529,
            0.5610727586976697,
            0.5610727586976697,
            0.5610727586976697
        ],
        "classification_reports": [
            {
                "0": {
                    "precision": 0.6754585152838428,
                    "recall": 0.9718522241769288,
                    "f1-score": 0.7969909315746084,
                    "support": 3979.0
                },
                "1": {
                    "precision": 0.9967826261813795,
                    "recall": 0.9491752605520146,
                    "f1-score": 0.9723965923102791,
                    "support": 36557.0
                },
                "accuracy": 0.9514012236037103,
                "macro avg": {
                    "precision": 0.8361205707326111,
                    "recall": 0.9605137423644717,
                    "f1-score": 0.8846937619424438,
                    "support": 40536.0
                },
                "weighted avg": {
                    "precision": 0.965241560529581,
                    "recall": 0.9514012236037103,
                    "f1-score": 0.9551788321941543,
                    "support": 40536.0
                }
            },
            {
                "0": {
                    "precision": 0.6754585152838428,
                    "recall": 0.9718522241769288,
                    "f1-score": 0.7969909315746084,
                    "support": 3979.0
                },
                "1": {
                    "precision": 0.9967826261813795,
                    "recall": 0.9491752605520146,
                    "f1-score": 0.9723965923102791,
                    "support": 36557.0
                },
                "accuracy": 0.9514012236037103,
                "macro avg": {
                    "precision": 0.8361205707326111,
                    "recall": 0.9605137423644717,
                    "f1-score": 0.8846937619424438,
                    "support": 40536.0
                },
                "weighted avg": {
                    "precision": 0.965241560529581,
                    "recall": 0.9514012236037103,
                    "f1-score": 0.9551788321941543,
                    "support": 40536.0
                }
            },
            {
                "0": {
                    "precision": 0.6754585152838428,
                    "recall": 0.9718522241769288,
                    "f1-score": 0.7969909315746084,
                    "support": 3979.0
                },
                "1": {
                    "precision": 0.9967826261813795,
                    "recall": 0.9491752605520146,
                    "f1-score": 0.9723965923102791,
                    "support": 36557.0
                },
                "accuracy": 0.9514012236037103,
                "macro avg": {
                    "precision": 0.8361205707326111,
                    "recall": 0.9605137423644717,
                    "f1-score": 0.8846937619424438,
                    "support": 40536.0
                },
                "weighted avg": {
                    "precision": 0.965241560529581,
                    "recall": 0.9514012236037103,
                    "f1-score": 0.9551788321941543,
                    "support": 40536.0
                }
            },
            {
                "0": {
                    "precision": 0.6754585152838428,
                    "recall": 0.9718522241769288,
                    "f1-score": 0.7969909315746084,
                    "support": 3979.0
                },
                "1": {
                    "precision": 0.9967826261813795,
                    "recall": 0.9491752605520146,
                    "f1-score": 0.9723965923102791,
                    "support": 36557.0
                },
                "accuracy": 0.9514012236037103,
                "macro avg": {
                    "precision": 0.8361205707326111,
                    "recall": 0.9605137423644717,
                    "f1-score": 0.8846937619424438,
                    "support": 40536.0
                },
                "weighted avg": {
                    "precision": 0.965241560529581,
                    "recall": 0.9514012236037103,
                    "f1-score": 0.9551788321941543,
                    "support": 40536.0
                }
            },
            {
                "0": {
                    "precision": 0.6641318124207858,
                    "recall": 0.8151413015296863,
                    "f1-score": 0.7319287626585962,
                    "support": 3857.0
                },
                "1": {
                    "precision": 0.9809345476210741,
                    "recall": 0.9431517499113451,
                    "f1-score": 0.9616721831279726,
                    "support": 36659.0
                },
                "2": {
                    "precision": 0.39245283018867927,