{
    "TabNet": {
        "filter_sizes": [
            12000,
            8000,
            6000,
            4500,
            3500,
            1500,
            1000,
            300
        ],
        "training_time_seconds": [
            2454.3418941497803,
            2329.417953491211,
            884.295670747757,
            1003.9914388656616,
            833.7832748889923,
            805.553552865982,
            807.2674126625061,
            915.8817713260651
        ],
        "num_classes": [
            2,
            3,
            4,
            4,
            4,
            4,
            4,
            4
        ],
        "test_f1_macro": [
            0.7259611076208896,
            0.609147248437429,
            0.4536366452608107,
            0.4536366452608107,
            0.4536366452608107,
            0.4536366452608107,
            0.4536366452608107,
            0.4536366452608107
        ],
        "test_f1_micro": [
            0.7347473908302612,
            0.668395683981307,
            0.5805797784586377,
            0.5805797784586377,
            0.5805797784586377,
            0.5805797784586377,
            0.5805797784586377,
            0.5805797784586377
        ],
        "test_f1_weighted": [
            0.7376532211913713,
            0.6767699234141575,
            0.608901274917325,
            0.608901274917325,
            0.608901274917325,
            0.608901274917325,
            0.608901274917325,
            0.608901274917325
        ],
        "cv_class_weights": [
            0.23930680751800537,
            0.9818323254585266,
            0.8531197309494019,
            0.8531197309494019,
            0.8531197309494019,
            0.8531197309494019,
            0.8531197309494019,
            0.8531197309494019
        ],
        "total_training_samples": [
            123256,
            130785,
            135776,
            135776,
            135776,
            135776,
            135776,
            135776
        ],
        "imbalance_ratio": [
            1.6291808873720137,
            10.217542452199492,
            15.242267012572341,
            15.242267012572341,
            15.242267012572341,
            15.242267012572341,
            15.242267012572341,
            15.242267012572341
        ],
        "entropy": [
            0.6642335469637037,
            0.8453635788940179,
            0.973417682566608,
            0.973417682566608,
            0.973417682566608,
            0.973417682566608,
            0.973417682566608,
            0.973417682566608
        ],
        "test_precision_macro": [
            0.7236821956796657,
            0.5830862489768819,
            0.44526552392454194,
            0.44526552392454194,
            0.44526552392454194,
            0.44526552392454194,
            0.44526552392454194,
            0.44526552392454194
        ],
        "test_recall_macro": [
            0.7337407334614339,
            0.6726156614919586,
            0.5131075943524519,
            0.5131075943524519,
            0.5131075943524519,
            0.5131075943524519,
            0.5131075943524519,
            0.5131075943524519
        ],
        "classification_reports": [
            {
                "0": {
                    "precision": 0.6313491829390596,
                    "recall": 0.7295160190865713,
                    "f1-score": 0.676891938901363,
                    "support": 14670.0
                },
                "1": {
                    "precision": 0.8160152084202718,
                    "recall": 0.7379654478362966,
                    "f1-score": 0.7750302763404162,
                    "support": 23848.0
                },
                "accuracy": 0.7347473908302612,
                "macro avg": {
                    "precision": 0.7236821956796657,
                    "recall": 0.7337407334614339,
                    "f1-score": 0.7259611076208896,
                    "support": 38518.0
                },
                "weighted avg": {
                    "precision": 0.7456831404569979,
                    "recall": 0.7347473908302612,
                    "f1-score": 0.7376532211913713,
                    "support": 38518.0
                }
            },
            {
                "0": {
                    "precision": 0.5682427571774247,
                    "recall": 0.5927416604133979,
                    "f1-score": 0.5802337228714525,
                    "support": 14659.0
                },
                "1": {
                    "precision": 0.3753531840904151,
                    "recall": 0.714817880794702,
                    "f1-score": 0.49223314806897533,
                    "support": 2416.0
                },
                "2": {
                    "precision": 0.8056628056628057,
                    "recall": 0.710287443267776,
                    "f1-score": 0.7549748743718593,
                    "support": 23796.0
                },
                "accuracy": 0.668395683981307,
                "macro avg": {
                    "precision": 0.5830862489768819,
                    "recall": 0.6726156614919586,
                    "f1-score": 0.609147248437429,
                    "support": 40871.0
                },
                "weighted avg": {
                    "precision": 0.695071713287623,
                    "recall": 0.668395683981307,
                    "f1-score": 0.6767699234141575,
                    "support": 40871.0
                }
            },
            {
                "0": {
                    "precision": 0.5260899028687599,
                    "recall": 0.47388768312533913,
                    "f1-score": 0.49862622658340766,
                    "support": 14744.0
                },
                "1": {
                    "precision": 0.09460172322841569,
                    "recall": 0.35094585779517284,
                    "f1-score": 0.1490304709141274,
                    "support": 1533.0
                },
                "2": {
                    "precision": 0.36618927267621454,
                    "recall": 0.5647466435686445,
                    "f1-score": 0.4442930153321976,
                    "support": 2309.0
                },
                "3": {
                    "precision": 0.7941811969247776,
                    "recall": 0.662850192920651,
                    "f1-score": 0.7225968682135101,
                    "support": 23844.0
                },
                "accuracy": 0.5805797784586377,
                "macro avg": {
                    "precision": 0.44526552392454194,
                    "recall": 0.5131075943524519,
                    "f1-score": 0.4536366452608107,
                    "support": 42430.0
                },
                "weighted avg": {
                    "precision": 0.6524553726064091,
                    "recall": 0.5805797784586377,
                    "f1-score": 0.608901274917325,
                    "support": 42430.0
                }
            },
            {
                "0": {
                    "precision": 0.5260899028687599,
                    "recall": 0.47388768312533913,
                    "f1-score": 0.49862622658340766,
                    "support": 14744.0
                },
                "1": {
                    "precision": 0.09460172322841569,
                    "recall": 0.35094585779517284,
                    "f1-score": 0.1490304709141274,
                    "support": 1533.0
                },
                "2": {
                    "precision": 0.36618927267621454,
                    "recall": 0.5647466435686445,
                    "f1-score": 0.4442930153321976,
                    "support": 2309.0
                },
                "3": {
                    "precision": 0.7941811969247776,
                    "recall": 0.662850192920651,
                    "f1-score": 0.7225968682135101,