{
    "TabNet": {
        "filter_sizes": [
            12000,
            8000,
            6000,
            4500,
            3500,
            1500,
            1000,
            300
        ],
        "training_time_seconds": [
            961.94464635849,
            884.6359248161316,
            926.1985869407654,
            1023.6374490261078,
            1061.4654614925385,
            1056.2347598075867,
            994.9136044979095,
            1075.3877832889557
        ],
        "num_classes": [
            2,
            2,
            2,
            3,
            3,
            3,
            3,
            4
        ],
        "test_f1_macro": [
            0.9997836727350689,
            0.9997836727350689,
            0.9997836727350689,
            0.8530701495581482,
            0.8530701495581482,
            0.8530701495581482,
            0.8530701495581482,
            0.7271259263138142
        ],
        "test_f1_micro": [
            0.9998308851952068,
            0.9998308851952068,
            0.9998308851952068,
            0.9860053898160843,
            0.9860053898160843,
            0.9860053898160843,
            0.9860053898160843,
            0.9828187603111006
        ],
        "test_f1_weighted": [
            0.9998308827536462,
            0.9998308827536462,
            0.9998308827536462,
            0.9840480275132959,
            0.9840480275132959,
            0.9840480275132959,
            0.9840480275132959,
            0.9800272201309921
        ],
        "cv_class_weights": [
            0.0,
            0.0,
            0.0,
            0.0,
            0.0,
            0.0,
            0.0,
            0.0
        ],
        "total_training_samples": [
            132454,
            132454,
            132454,
            135364,
            135364,
            135364,
            135364,
            135776
        ],
        "imbalance_ratio": [
            2.7700737198645147,
            2.7700737198645147,
            2.7700737198645147,
            33.16979202182066,
            33.16979202182066,
            33.16979202182066,
            33.16979202182066,
            235.6634382566586
        ],
        "entropy": [
            0.5784736752768475,
            0.5784736752768475,
            0.5784736752768475,
            0.670527928591189,
            0.670527928591189,
            0.670527928591189,
            0.670527928591189,
            0.6879526294333362
        ],
        "test_precision_macro": [
            0.9997981049493787,
            0.9997981049493787,
            0.9997981049493787,
            0.9271800128126401,
            0.9271800128126401,
            0.9271800128126401,
            0.9271800128126401,
            0.8832695298310121
        ],
        "test_recall_macro": [
            0.9997692428470479,
            0.9997692428470479,
            0.9997692428470479,
            0.8129434132395802,
            0.8129434132395802,
            0.8129434132395802,
            0.8129434132395802,
            0.6666536734811859
        ],
        "classification_reports": [
            {
                "0": {
                    "precision": 0.9998682693890993,
                    "recall": 0.9999011987880385,
                    "f1-score": 0.9998847338174514,
                    "support": 30364.0
                },
                "1": {
                    "precision": 0.9997279405096581,
                    "recall": 0.9996372869060574,
                    "f1-score": 0.9996826116526865,
                    "support": 11028.0
                },
                "accuracy": 0.9998308851952068,
                "macro avg": {
                    "precision": 0.9997981049493787,
                    "recall": 0.9997692428470479,
                    "f1-score": 0.9997836727350689,
                    "support": 41392.0
                },
                "weighted avg": {
                    "precision": 0.9998308818049653,
                    "recall": 0.9998308851952068,
                    "f1-score": 0.9998308827536462,
                    "support": 41392.0
                }
            },
            {
                "0": {
                    "precision": 0.9998682693890993,
                    "recall": 0.9999011987880385,
                    "f1-score": 0.9998847338174514,
                    "support": 30364.0
                },
                "1": {
                    "precision": 0.9997279405096581,
                    "recall": 0.9996372869060574,
                    "f1-score": 0.9996826116526865,
                    "support": 11028.0
                },
                "accuracy": 0.9998308851952068,
                "macro avg": {
                    "precision": 0.9997981049493787,
                    "recall": 0.9997692428470479,
                    "f1-score": 0.9997836727350689,
                    "support": 41392.0
                },
                "weighted avg": {
                    "precision": 0.9998308818049653,
                    "recall": 0.9998308851952068,
                    "f1-score": 0.9998308827536462,
                    "support": 41392.0
                }
            },
            {
                "0": {
                    "precision": 0.9998682693890993,
                    "recall": 0.9999011987880385,
                    "f1-score": 0.9998847338174514,
                    "support": 30364.0
                },
                "1": {
                    "precision": 0.9997279405096581,
                    "recall": 0.9996372869060574,
                    "f1-score": 0.9996826116526865,
                    "support": 11028.0
                },
                "accuracy": 0.9998308851952068,
                "macro avg": {
                    "precision": 0.9997981049493787,
                    "recall": 0.9997692428470479,
                    "f1-score": 0.9997836727350689,
                    "support": 41392.0
                },
                "weighted avg": {
                    "precision": 0.9998308818049653,
                    "recall": 0.9998308851952068,
                    "f1-score": 0.9998308827536462,
                    "support": 41392.0
                }
            },
            {
                "0": {
                    "precision": 0.7975460122699386,
                    "recall": 0.4421768707482993,
                    "f1-score": 0.5689277899343544,
                    "support": 882.0
                },
                "1": {
                    "precision": 0.9839940261679816,
                    "recall": 0.9967441707501562,
                    "f1-score": 0.9903280616912822,
                    "support": 30407.0
                },
                "2": {
                    "precision": 1.0,
                    "recall": 0.9999091982202851,
                    "f1-score": 0.9999545970488082,
                    "support": 11013.0
                },
                "accuracy": 0.9860053898160843,
                "macro avg": {
                    "precision": 0.9271800128126401,
                    "recall": 0.8129434132395802,
                    "f1-score": 0.8530701495581482,
                    "support": 42302.0
                },
                "weighted avg": {
                    "precision": 0.9842736025840835,
                    "recall": 0.9860053898160843,
                    "f1-score": 0.9840480275132959,
                    "support": 42302.0
                }
            },
            {
                "0": {
                    "precision": 0.7975460122699386,
                    "recall": 0.4421768707482993,
                    "f1-score": 0.5689277899343544,
                    "support": 882.0
                },
                "1": {
                    "precision": 0.9839940261679816,
                    "recall": 0.9967441707501562,
                    "f1-score": 0.9903280616912822,
                    "support": 30407.0
                },