{
    "AdvancedTabularClassifier": {
        "filter_sizes": [
            12000,
            8000,
            6000,
            4500,
            3500,
            1500,
            1000,
            300
        ],
        "training_time_seconds": [
            137.67355799674988,
            265.07964277267456,
            279.4809567928314,
            44.48859691619873,
            46.69550800323486,
            46.16339421272278,
            48.870808124542236,
            48.44548845291138
        ],
        "num_classes": [
            2,
            2,
            2,
            3,
            3,
            3,
            3,
            4
        ],
        "test_f1_macro": [
            0.999781806379861,
            0.9998753216175595,
            0.9997506432351189,
            0.786926383760703,
            0.7943612655712778,
            0.7798769617263167,
            0.7671152641277253,
            0.6299311477211764
        ],
        "test_f1_micro": [
            0.9998308851952068,
            0.9999033629686896,
            0.9998067259373792,
            0.9453690132854239,
            0.9479693631506785,
            0.938088033662711,
            0.9287267741477945,
            0.9053971246759368
        ],
        "test_f1_weighted": [
            0.9998308776950058,
            0.9999033601117002,
            0.9998067202234003,
            0.9585313755554178,
            0.9604657477942916,
            0.954102007963073,
            0.9478795102560924,
            0.9312889081893636
        ],
        "cv_class_weights": [
            0.4677548408508301,
            0.4677548408508301,
            0.4677548408508301,
            1.200628638267517,
            1.200628638267517,
            1.200628638267517,
            1.200628638267517,
            1.4263921976089478
        ],
        "imbalance_ratio": [
            2.7576668841669267,
            2.7576668841669267,
            2.7576668841669267,
            33.36020583190395,
            33.36020583190395,
            33.36020583190395,
            33.36020583190395,
            235.11352657004832
        ],
        "total_training_samples": [
            132454,
            132454,
            132454,
            135364,
            135364,
            135364,
            135364,
            135776
        ],
        "entropy": [
            0.5793640140080556,
            0.5793640140080556,
            0.5793640140080556,
            0.6705127663073001,
            0.6705127663073001,
            0.6705127663073001,
            0.6705127663073001,
            0.6877410771768522
        ],
        "test_precision_macro": [
            0.9998261474955905,
            0.9999048831318054,
            0.9997801973765384,
            0.7523500084432581,
            0.7573023060797834,
            0.7470147545038182,
            0.7372567636220428,
            0.5884006299657585
        ],
        "test_recall_macro": [
            0.9997374866803639,
            0.9998457696221155,
            0.9997210986108784,
            0.9235775874819097,
            0.9359641800042701,
            0.936769098676686,
            0.9347453309985605,
            0.8785615919386318
        ],
        "classification_reports": [
            {
                "0": {
                    "precision": 0.9998361354176908,
                    "recall": 0.9999344477220583,
                    "f1-score": 0.9998852891532701,
                    "support": 30510.0
                },
                "1": {
                    "precision": 0.9998161595734902,
                    "recall": 0.9995405256386694,
                    "f1-score": 0.9996783236064519,
                    "support": 10882.0
                },
                "accuracy": 0.9998308851952068,
                "macro avg": {
                    "precision": 0.9998261474955905,
                    "recall": 0.9997374866803639,
                    "f1-score": 0.999781806379861,
                    "support": 41392.0
                },
                "weighted avg": {
                    "precision": 0.999830883747402,
                    "recall": 0.9998308851952068,
                    "f1-score": 0.9998308776950058,
                    "support": 41392.0
                }
            },
            {
                "0": {
                    "precision": 0.9999016780283168,
                    "recall": 0.9999672238610292,
                    "f1-score": 0.9999344498705385,
                    "support": 30510.0
                },
                "1": {
                    "precision": 0.9999080882352941,
                    "recall": 0.9997243153832016,
                    "f1-score": 0.9998161933645805,
                    "support": 10882.0
                },
                "accuracy": 0.9999033629686896,
                "macro avg": {
                    "precision": 0.9999048831318054,
                    "recall": 0.9998457696221155,
                    "f1-score": 0.9998753216175595,
                    "support": 41392.0
                },
                "weighted avg": {
                    "precision": 0.9999033632784212,
                    "recall": 0.9999033629686896,
                    "f1-score": 0.9999033601117002,
                    "support": 41392.0
                }
            },
            {
                "0": {
                    "precision": 0.9998361300471945,
                    "recall": 0.9999016715830875,
                    "f1-score": 0.999868899741077,
                    "support": 30510.0
                },
                "1": {
                    "precision": 0.9997242647058824,
                    "recall": 0.9995405256386694,
                    "f1-score": 0.9996323867291609,
                    "support": 10882.0
                },
                "accuracy": 0.9998067259373792,
                "macro avg": {
                    "precision": 0.9997801973765384,
                    "recall": 0.9997210986108784,
                    "f1-score": 0.9997506432351189,
                    "support": 41392.0
                },
                "weighted avg": {
                    "precision": 0.999806720532212,
                    "recall": 0.9998067259373792,
                    "f1-score": 0.9998067202234003,
                    "support": 41392.0
                }
            },
            {
                "0": {
                    "precision": 0.26364892881824464,
                    "recall": 0.8440265486725663,
                    "f1-score": 0.40179041600842547,
                    "support": 904.0
                },
                "1": {
                    "precision": 0.9938594336643392,
                    "recall": 0.9299057749761975,
                    "f1-score": 0.9608195664710472,
                    "support": 30459.0
                },
                "2": {
                    "precision": 0.9995416628471904,
                    "recall": 0.996800438796965,
                    "f1-score": 0.9981691688026364,
                    "support": 10939.0
                },
                "accuracy": 0.9453690132854239,
                "macro avg": {
                    "precision": 0.7523500084432581,
                    "recall": 0.9235775874819097,
                    "f1-score": 0.786926383760703,
                    "support": 42302.0
                },
                "weighted avg": {
                    "precision": 0.9797241116618415,
                    "recall": 0.9453690132854239,
                    "f1-score": 0.9585313755554178,
                    "support": 42302.0
                }
            },
            {
                "0": {
                    "precision": 0.27746675997200837,
                    "recall": 0.8772123893805309,
                    "f1-score": 0.42158426368952684,
                    "support": 904.0
                },
                "1": {
                    "precision": 0.9957197487983721,