{
    "AdvancedTabularClassifier": {
        "filter_sizes": [
            12000,
            8000,
            6000,
            4500,
            3500,
            1500,
            1000,
            300
        ],
        "training_time_seconds": [
            42.61588525772095,
            45.834717750549316,
            47.39809584617615,
            50.107011556625366,
            50.69292998313904,
            45.731579542160034,
            51.26718235015869,
            43.21221399307251
        ],
        "num_classes": [
            2,
            3,
            4,
            4,
            4,
            4,
            4,
            4
        ],
        "test_f1_macro": [
            0.7070690117175834,
            0.6201872203901009,
            0.4397080980173369,
            0.4689599948181119,
            0.43068071103464284,
            0.4347542208192443,
            0.4391834123057342,
            0.4201401367844081
        ],
        "test_f1_micro": [
            0.7133807570486526,
            0.6804824936996893,
            0.5536884279990573,
            0.5857412208343153,
            0.5562337968418571,
            0.5153429177468772,
            0.5422814046665095,
            0.5441432948385576
        ],
        "test_f1_weighted": [
            0.7175000248717238,
            0.6875585848270086,
            0.590050227084056,
            0.6090683664193609,
            0.588508525903863,
            0.5643010812232871,
            0.5816189174148813,
            0.5773700508191314
        ],
        "cv_class_weights": [
            0.23823589086532593,
            0.9784849882125854,
            0.8526409268379211,
            0.8526409268379211,
            0.8526409268379211,
            0.8526409268379211,
            0.8526409268379211,
            0.8526409268379211
        ],
        "imbalance_ratio": [
            1.6254845993268863,
            10.114982116836668,
            15.160732046946489,
            15.160732046946489,
            15.160732046946489,
            15.160732046946489,
            15.160732046946489,
            15.160732046946489
        ],
        "total_training_samples": [
            123256,
            130785,
            135776,
            135776,
            135776,
            135776,
            135776,
            135776
        ],
        "entropy": [
            0.6644942900012158,
            0.8465637482123152,
            0.9745313681488466,
            0.9745313681488466,
            0.9745313681488466,
            0.9745313681488466,
            0.9745313681488466,
            0.9745313681488466
        ],
        "test_precision_macro": [
            0.7077361742418207,
            0.5943808248030763,
            0.43870469050644934,
            0.45700380783145794,
            0.42251814559381073,
            0.4583752049452475,
            0.43729014637425034,
            0.4142103577368319
        ],
        "test_recall_macro": [
            0.7201517673106576,
            0.6746701686241393,
            0.5155108516986865,
            0.5304693495526445,
            0.5348621001354639,
            0.51830875425661,
            0.529350109328439,
            0.5225917434728554
        ],
        "classification_reports": [
            {
                "0": {
                    "precision": 0.5970345242654702,
                    "recall": 0.7480633440734901,
                    "f1-score": 0.6640701071080818,
                    "support": 14587.0
                },
                "1": {
                    "precision": 0.818437824218171,
                    "recall": 0.692240190547825,
                    "f1-score": 0.750067916327085,
                    "support": 23931.0
                },
                "accuracy": 0.7133807570486526,
                "macro avg": {
                    "precision": 0.7077361742418207,
                    "recall": 0.7201517673106576,
                    "f1-score": 0.7070690117175834,
                    "support": 38518.0
                },
                "weighted avg": {
                    "precision": 0.7345910529317582,
                    "recall": 0.7133807570486526,
                    "f1-score": 0.7175000248717238,
                    "support": 38518.0
                }
            },
            {
                "0": {
                    "precision": 0.5856478491151014,
                    "recall": 0.6179798255179935,
                    "f1-score": 0.6013795847980368,
                    "support": 14672.0
                },
                "1": {
                    "precision": 0.39322533136966126,
                    "recall": 0.6878488621726063,
                    "f1-score": 0.5003904419803217,
                    "support": 2329.0
                },
                "2": {
                    "precision": 0.8042692939244663,
                    "recall": 0.7181818181818181,
                    "f1-score": 0.7587916343919442,
                    "support": 23870.0
                },
                "accuracy": 0.6804824936996893,
                "macro avg": {
                    "precision": 0.5943808248030763,
                    "recall": 0.6746701686241393,
                    "f1-score": 0.6201872203901009,
                    "support": 40871.0
                },
                "weighted avg": {
                    "precision": 0.7023648818221654,
                    "recall": 0.6804824936996893,
                    "f1-score": 0.6875585848270086,
                    "support": 40871.0
                }
            },
            {
                "0": {
                    "precision": 0.5150684931506849,
                    "recall": 0.48998628257887517,
                    "f1-score": 0.5022144112478032,
                    "support": 14580.0
                },
                "1": {
                    "precision": 0.1005641748942172,
                    "recall": 0.4712491738268341,
                    "f1-score": 0.16575613158200628,
                    "support": 1513.0
                },
                "2": {
                    "precision": 0.3385897054448081,
                    "recall": 0.49803063457330415,
                    "f1-score": 0.4031172511512575,
                    "support": 2285.0
                },
                "3": {
                    "precision": 0.8005963885360871,
                    "recall": 0.6027773158157326,
                    "f1-score": 0.6877445980882806,
                    "support": 24052.0
                },
                "accuracy": 0.5536884279990573,
                "macro avg": {
                    "precision": 0.43870469050644934,
                    "recall": 0.5155108516986865,
                    "f1-score": 0.4397080980173369,
                    "support": 42430.0
                },
                "weighted avg": {
                    "precision": 0.6526390299496415,
                    "recall": 0.5536884279990573,
                    "f1-score": 0.590050227084056,
                    "support": 42430.0
                }
            },
            {
                "0": {
                    "precision": 0.5175022583559169,
                    "recall": 0.6286694101508916,
                    "f1-score": 0.5676947850860894,
                    "support": 14580.0
                },
                "1": {
                    "precision": 0.10934105720492397,
                    "recall": 0.29940515532055517,
                    "f1-score": 0.1601838755304102,
                    "support": 1513.0
                },
                "2": {
                    "precision": 0.382122603294626,
                    "recall": 0.6192560175054704,
                    "f1-score": 0.4726118904475618,
                    "support": 2285.0
                },
                "3": {
                    "precision": 0.819049312470365,
                    "recall": 0.5745468152336604,
                    "f1-score": 0.6753494282083863,