{
    "TabNet": {
        "filter_sizes": [
            12000,
            8000,
            6000,
            4500,
            3500,
            1500,
            1000,
            300
        ],
        "training_time_seconds": [
            1811.7623207569122,
            1735.5409829616547,
            1923.2789330482483,
            2015.5355875492096,
            1848.5409605503082,
            1974.2301571369171,
            1975.640617132187,
            1891.0198407173157
        ],
        "num_classes": [
            2,
            3,
            4,
            4,
            4,
            4,
            4,
            4
        ],
        "test_f1_macro": [
            0.6964787705305233,
            0.6415685037727868,
            0.4968944144334716,
            0.4968944144334716,
            0.4968944144334716,
            0.4968944144334716,
            0.4968944144334716,
            0.4968944144334716
        ],
        "test_f1_micro": [
            0.7356820187964068,
            0.7093048861050623,
            0.6917275512609004,
            0.6917275512609004,
            0.6917275512609004,
            0.6917275512609004,
            0.6917275512609004,
            0.6917275512609004
        ],
        "test_f1_weighted": [
            0.7223291823033317,
            0.7006628694044583,
            0.6761811103273238,
            0.6761811103273238,
            0.6761811103273238,
            0.6761811103273238,
            0.6761811103273238,
            0.6761811103273238
        ],
        "cv_class_weights": [
            0.23963133640552997,
            0.6470003075774955,
            0.870741182472719,
            0.870741182472719,
            0.870741182472719,
            0.870741182472719,
            0.870741182472719,
            0.870741182472719
        ],
        "total_training_samples": [
            123256,
            130785,
            135776,
            135776,
            135776,
            135776,
            135776,
            135776
        ],
        "imbalance_ratio": [
            1.6303030303030304,
            10.149083178315173,
            15.143963463065925,
            15.143963463065925,
            15.143963463065925,
            15.143963463065925,
            15.143963463065925,
            15.143963463065925
        ],
        "entropy": [
            0.958172105996803,
            0.7702014474177927,
            0.7023176061534577,
            0.7023176061534577,
            0.7023176061534577,
            0.7023176061534577,
            0.7023176061534577,
            0.7023176061534577
        ],
        "test_precision_macro": [
            0.7325834758731844,
            0.6743519546266318,
            0.5574540889622357,
            0.5574540889622357,
            0.5574540889622357,
            0.5574540889622357,
            0.5574540889622357,
            0.5574540889622357
        ],
        "test_recall_macro": [
            0.6892199356096739,
            0.6208286024440859,
            0.4823449675680428,
            0.4823449675680428,
            0.4823449675680428,
            0.4823449675680428,
            0.4823449675680428,
            0.4823449675680428
        ],
        "classification_reports": [
            {
                "0": {
                    "precision": 0.7261523046092184,
                    "recall": 0.49316093909493025,
                    "f1-score": 0.5873961499493414,
                    "support": 14695.0
                },
                "1": {
                    "precision": 0.7390146471371505,
                    "recall": 0.8852789321244176,
                    "f1-score": 0.8055613911117053,
                    "support": 23823.0
                },
                "accuracy": 0.7356820187964068,
                "macro avg": {
                    "precision": 0.7325834758731844,
                    "recall": 0.6892199356096739,
                    "f1-score": 0.6964787705305233,
                    "support": 38518.0
                },
                "weighted avg": {
                    "precision": 0.734107535567288,
                    "recall": 0.7356820187964068,
                    "f1-score": 0.7223291823033317,
                    "support": 38518.0
                }
            },
            {
                "0": {
                    "precision": 0.6352540684158087,
                    "recall": 0.5214339262591153,
                    "f1-score": 0.5727439458022981,
                    "support": 14673.0
                },
                "1": {
                    "precision": 0.6408566721581549,
                    "recall": 0.494910941475827,
                    "f1-score": 0.5585068198133525,
                    "support": 2358.0
                },
                "2": {
                    "precision": 0.746945123305932,
                    "recall": 0.8461409395973154,
                    "f1-score": 0.7934547457027101,
                    "support": 23840.0
                },
                "accuracy": 0.7093048861050623,
                "macro avg": {
                    "precision": 0.6743519546266318,
                    "recall": 0.6208286024440859,
                    "f1-score": 0.6415685037727868,
                    "support": 40871.0
                },
                "weighted avg": {
                    "precision": 0.7007265473912434,
                    "recall": 0.7093048861050623,
                    "f1-score": 0.7006628694044583,
                    "support": 40871.0
                }
            },
            {
                "0": {
                    "precision": 0.6026251151366288,
                    "recall": 0.5386620926243568,
                    "f1-score": 0.5688512118248017,
                    "support": 14575.0
                },
                "1": {
                    "precision": 0.28517110266159695,
                    "recall": 0.049933422103861515,
                    "f1-score": 0.08498583569405099,
                    "support": 1502.0
                },
                "2": {
                    "precision": 0.5967496190959878,
                    "recall": 0.49661876584953507,
                    "f1-score": 0.5420991926182238,
                    "support": 2366.0
                },
                "3": {
                    "precision": 0.7452705189547295,
                    "recall": 0.8441655896944178,
                    "f1-score": 0.7916414175968098,
                    "support": 23987.0
                },
                "accuracy": 0.6917275512609004,
                "macro avg": {
                    "precision": 0.5574540889622357,
                    "recall": 0.4823449675680428,
                    "f1-score": 0.4968944144334716,
                    "support": 42430.0
                },
                "weighted avg": {
                    "precision": 0.6717016635932662,
                    "recall": 0.6917275512609004,
                    "f1-score": 0.6761811103273238,
                    "support": 42430.0
                }
            },
            {
                "0": {
                    "precision": 0.6026251151366288,
                    "recall": 0.5386620926243568,
                    "f1-score": 0.5688512118248017,
                    "support": 14575.0
                },
                "1": {
                    "precision": 0.28517110266159695,
                    "recall": 0.049933422103861515,
                    "f1-score": 0.08498583569405099,
                    "support": 1502.0
                },
                "2": {
                    "precision": 0.5967496190959878,
                    "recall": 0.49661876584953507,
                    "f1-score": 0.5420991926182238,
                    "support": 2366.0
                },
                "3": {
                    "precision": 0.7452705189547295,
                    "recall": 0.8441655896944178,
                    "f1-score": 0.7916414175968098,