{
    "TabNet": {
        "filter_sizes": [
            12000,
            8000,
            6000,
            4500,
            3500,
            1500,
            1000,
            300
        ],
        "training_time_seconds": [
            686.3971819877625,
            671.8003787994385,
            637.0359842777252,
            1325.2432413101196,
            1230.9414381980896,
            1260.769769191742,
            1240.844332933426,
            1759.414758682251
        ],
        "num_classes": [
            2,
            2,
            2,
            3,
            3,
            3,
            3,
            4
        ],
        "test_f1_macro": [
            0.999782994121931,
            0.999782994121931,
            0.999782994121931,
            0.8624301135433369,
            0.8624301135433369,
            0.8624301135433369,
            0.8624301135433369,
            0.7251981015674619
        ],
        "test_f1_micro": [
            0.9998308851952068,
            0.9998308851952068,
            0.9998308851952068,
            0.9857926339180181,
            0.9857926339180181,
            0.9857926339180181,
            0.9857926339180181,
            0.9833136931416451
        ],
        "test_f1_weighted": [
            0.9998308925839041,
            0.9998308925839041,
            0.9998308925839041,
            0.9842175665464662,
            0.9842175665464662,
            0.9842175665464662,
            0.9842175665464662,
            0.9808691814016739
        ],
        "cv_class_weights": [
            0.0,
            0.0,
            0.0,
            0.0,
            0.0,
            0.0,
            0.0,
            0.0
        ],
        "total_training_samples": [
            132454,
            132454,
            132454,
            135364,
            135364,
            135364,
            135364,
            135776
        ],
        "imbalance_ratio": [
            2.765358046450806,
            2.765358046450806,
            2.765358046450806,
            33.424690508940856,
            33.424690508940856,
            33.424690508940856,
            33.424690508940856,
            249.5897435897436
        ],
        "entropy": [
            0.5788118527887445,
            0.5788118527887445,
            0.5788118527887445,
            0.6707287853304644,
            0.6707287853304644,
            0.6707287853304644,
            0.6707287853304644,
            0.6879201357878909
        ],
        "test_precision_macro": [
            0.9997393332151583,
            0.9997393332151583,
            0.9997393332151583,
            0.9193780469175267,
            0.9193780469175267,
            0.9193780469175267,
            0.9193780469175267,
            0.8743454751821709
        ],
        "test_recall_macro": [
            0.9998266761391078,
            0.9998266761391078,
            0.9998266761391078,
            0.8273277573885433,
            0.8273277573885433,
            0.8273277573885433,
            0.8273277573885433,
            0.6706667272909818
        ],
        "classification_reports": [
            {
                "0": {
                    "precision": 0.9999342472959201,
                    "recall": 0.9998356344510191,
                    "f1-score": 0.9998849384420665,
                    "support": 30420.0
                },
                "1": {
                    "precision": 0.9995444191343964,
                    "recall": 0.9998177178271965,
                    "f1-score": 0.9996810498017953,
                    "support": 10972.0
                },
                "accuracy": 0.9998308851952068,
                "macro avg": {
                    "precision": 0.9997393332151583,
                    "recall": 0.9998266761391078,
                    "f1-score": 0.999782994121931,
                    "support": 41392.0
                },
                "weighted avg": {
                    "precision": 0.999830913449084,
                    "recall": 0.9998308851952068,
                    "f1-score": 0.9998308925839041,
                    "support": 41392.0
                }
            },
            {
                "0": {
                    "precision": 0.9999342472959201,
                    "recall": 0.9998356344510191,
                    "f1-score": 0.9998849384420665,
                    "support": 30420.0
                },
                "1": {
                    "precision": 0.9995444191343964,
                    "recall": 0.9998177178271965,
                    "f1-score": 0.9996810498017953,
                    "support": 10972.0
                },
                "accuracy": 0.9998308851952068,
                "macro avg": {
                    "precision": 0.9997393332151583,
                    "recall": 0.9998266761391078,
                    "f1-score": 0.999782994121931,
                    "support": 41392.0
                },
                "weighted avg": {
                    "precision": 0.999830913449084,
                    "recall": 0.9998308851952068,
                    "f1-score": 0.9998308925839041,
                    "support": 41392.0
                }
            },
            {
                "0": {
                    "precision": 0.9999342472959201,
                    "recall": 0.9998356344510191,
                    "f1-score": 0.9998849384420665,
                    "support": 30420.0
                },
                "1": {
                    "precision": 0.9995444191343964,
                    "recall": 0.9998177178271965,
                    "f1-score": 0.9996810498017953,
                    "support": 10972.0
                },
                "accuracy": 0.9998308851952068,
                "macro avg": {
                    "precision": 0.9997393332151583,
                    "recall": 0.9998266761391078,
                    "f1-score": 0.999782994121931,
                    "support": 41392.0
                },
                "weighted avg": {
                    "precision": 0.999830913449084,
                    "recall": 0.9998308851952068,
                    "f1-score": 0.9998308925839041,
                    "support": 41392.0
                }
            },
            {
                "0": {
                    "precision": 0.7735191637630662,
                    "recall": 0.48630887185104055,
                    "f1-score": 0.5971755211835911,
                    "support": 913.0
                },
                "1": {
                    "precision": 0.9847988850354908,
                    "recall": 0.9956744003145891,
                    "f1-score": 0.990206781925728,
                    "support": 30516.0
                },
                "2": {
                    "precision": 0.999816091954023,
                    "recall": 1.0,
                    "f1-score": 0.9999080375206916,
                    "support": 10873.0
                },
                "accuracy": 0.9857926339180181,
                "macro avg": {
                    "precision": 0.9193780469175267,
                    "recall": 0.8273277573885433,
                    "f1-score": 0.8624301135433369,
                    "support": 42302.0
                },
                "weighted avg": {
                    "precision": 0.984098769327096,
                    "recall": 0.9857926339180181,
                    "f1-score": 0.9842175665464662,
                    "support": 42302.0
                }
            },
            {
                "0": {
                    "precision": 0.7735191637630662,
                    "recall": 0.48630887185104055,
                    "f1-score": 0.5971755211835911,
                    "support": 913.0
                },
                "1": {
                    "precision": 0.9847988850354908,
                    "recall": 0.9956744003145891,
                    "f1-score": 0.990206781925728,
                    "support": 30516.0
                },