{
    "TabNet": {
        "filter_sizes": [
            12000,
            8000,
            6000,
            4500,
            3500,
            1500,
            1000,
            300
        ],
        "training_time_seconds": [
            620.1988742351532,
            610.3424139022827,
            588.8170812129974,
            884.7464118003845,
            846.6545236110687,
            816.3996689319611,
            847.6181478500366,
            1506.5352928638458
        ],
        "num_classes": [
            2,
            2,
            2,
            3,
            3,
            3,
            3,
            4
        ],
        "test_f1_macro": [
            0.999751942697037,
            0.999751942697037,
            0.999751942697037,
            0.8071450647541175,
            0.8071450647541175,
            0.8071450647541175,
            0.8071450647541175,
            0.755084402620984
        ],
        "test_f1_micro": [
            0.9998067259373792,
            0.9998067259373792,
            0.9998067259373792,
            0.9546593541676517,
            0.9546593541676517,
            0.9546593541676517,
            0.9546593541676517,
            0.9511901956163092
        ],
        "test_f1_weighted": [
            0.9998067146720614,
            0.9998067146720614,
            0.9998067146720614,
            0.9648662651146697,
            0.9648662651146697,
            0.9648662651146697,
            0.9648662651146697,
            0.9619669208725954
        ],
        "cv_class_weights": [
            0.4688420130762378,
            0.4688420130762378,
            0.4688420130762378,
            0.8670174433718976,
            0.8670174433718976,
            0.8670174433718976,
            0.8670174433718976,
            1.1512368231011856
        ],
        "total_training_samples": [
            132454,
            132454,
            132454,
            135364,
            135364,
            135364,
            135364,
            135776
        ],
        "imbalance_ratio": [
            2.765358046450806,
            2.765358046450806,
            2.765358046450806,
            33.424690508940856,
            33.424690508940856,
            33.424690508940856,
            33.424690508940856,
            249.5897435897436
        ],
        "entropy": [
            0.8350489896260744,
            0.8350489896260744,
            0.8350489896260744,
            0.6105236508355599,
            0.6105236508355599,
            0.6105236508355599,
            0.6105236508355599,
            0.4962294842144263
        ],
        "test_precision_macro": [
            0.9998102193112928,
            0.9998102193112928,
            0.9998102193112928,
            0.7674902998322611,
            0.7674902998322611,
            0.7674902998322611,
            0.7674902998322611,
            0.7046269370014896
        ],
        "test_recall_macro": [
            0.9996937036309985,
            0.9996937036309985,
            0.9996937036309985,
            0.9375912064443174,
            0.9375912064443174,
            0.9375912064443174,
            0.9375912064443174,
            0.887266118070535
        ],
        "classification_reports": [
            {
                "0": {
                    "precision": 0.9998027872732054,
                    "recall": 0.9999342537804077,
                    "f1-score": 0.9998685162053776,
                    "support": 30420.0
                },
                "1": {
                    "precision": 0.99981765134938,
                    "recall": 0.9994531534815895,
                    "f1-score": 0.9996353691886964,
                    "support": 10972.0
                },
                "accuracy": 0.9998067259373792,
                "macro avg": {
                    "precision": 0.9998102193112928,
                    "recall": 0.9996937036309985,
                    "f1-score": 0.999751942697037,
                    "support": 41392.0
                },
                "weighted avg": {
                    "precision": 0.9998067273737994,
                    "recall": 0.9998067259373792,
                    "f1-score": 0.9998067146720614,
                    "support": 41392.0
                }
            },
            {
                "0": {
                    "precision": 0.9998027872732054,
                    "recall": 0.9999342537804077,
                    "f1-score": 0.9998685162053776,
                    "support": 30420.0
                },
                "1": {
                    "precision": 0.99981765134938,
                    "recall": 0.9994531534815895,
                    "f1-score": 0.9996353691886964,
                    "support": 10972.0
                },
                "accuracy": 0.9998067259373792,
                "macro avg": {
                    "precision": 0.9998102193112928,
                    "recall": 0.9996937036309985,
                    "f1-score": 0.999751942697037,
                    "support": 41392.0
                },
                "weighted avg": {
                    "precision": 0.9998067273737994,
                    "recall": 0.9998067259373792,
                    "f1-score": 0.9998067146720614,
                    "support": 41392.0
                }
            },
            {
                "0": {
                    "precision": 0.9998027872732054,
                    "recall": 0.9999342537804077,
                    "f1-score": 0.9998685162053776,
                    "support": 30420.0
                },
                "1": {
                    "precision": 0.99981765134938,
                    "recall": 0.9994531534815895,
                    "f1-score": 0.9996353691886964,
                    "support": 10972.0
                },
                "accuracy": 0.9998067259373792,
                "macro avg": {
                    "precision": 0.9998102193112928,
                    "recall": 0.9996937036309985,
                    "f1-score": 0.999751942697037,
                    "support": 41392.0
                },
                "weighted avg": {
                    "precision": 0.9998067273737994,
                    "recall": 0.9998067259373792,
                    "f1-score": 0.9998067146720614,
                    "support": 41392.0
                }
            },
            {
                "0": {
                    "precision": 0.30686198920585966,
                    "recall": 0.8718510405257394,
                    "f1-score": 0.45394924436840606,
                    "support": 913.0
                },
                "1": {
                    "precision": 0.9959766925638179,
                    "recall": 0.9410145497443964,
                    "f1-score": 0.9677158455213318,
                    "support": 30516.0
                },
                "2": {
                    "precision": 0.9996322177271055,
                    "recall": 0.9999080290628162,
                    "f1-score": 0.9997701043726148,
                    "support": 10873.0
                },
                "accuracy": 0.9546593541676517,
                "macro avg": {
                    "precision": 0.7674902998322611,
                    "recall": 0.9375912064443174,
                    "f1-score": 0.8071450647541175,
                    "support": 42302.0
                },
                "weighted avg": {
                    "precision": 0.9820431858959208,
                    "recall": 0.9546593541676517,
                    "f1-score": 0.9648662651146697,
                    "support": 42302.0
                }
            },
            {
                "0": {
                    "precision": 0.30686198920585966,
                    "recall": 0.8718510405257394,
                    "f1-score": 0.45394924436840606,
                    "support": 913.0
                },
                "1": {
                    "precision": 0.9959766925638179,
                    "recall": 0.9410145497443964,