{
    "AdvancedTabularClassifier": {
        "filter_sizes": [
            12000,
            8000,
            6000,
            4500,
            3500,
            1500,
            1000,
            300
        ],
        "training_time_seconds": [
            40.152405977249146,
            39.331071853637695,
            52.94208240509033,
            39.50757169723511,
            63.51187300682068,
            49.62507772445679,
            52.50943636894226,
            40.1160032749176
        ],
        "num_classes": [
            2,
            2,
            2,
            2,
            4,
            5,
            5,
            5
        ],
        "test_f1_macro": [
            0.8857381125560857,
            0.8944509185905927,
            0.8904043899017067,
            0.8844567258968931,
            0.6940266850825023,
            0.5728533590561257,
            0.5617909621766517,
            0.5456500930006506
        ],
        "test_f1_micro": [
            0.9600848628379712,
            0.9614170120386817,
            0.9595421353858299,
            0.9605782514308269,
            0.9331116389548694,
            0.9184067876502474,
            0.9194673580014141,
            0.9152486448267735
        ],
        "test_f1_weighted": [
            0.9598120140388451,
            0.9620184790573866,
            0.9603624428393935,
            0.9598286503648432,
            0.9347180836321034,
            0.9232902905000083,
            0.9213107753491475,
            0.9190846181942209
        ],
        "cv_class_weights": [
            0.16947022080421448,
            0.16947022080421448,
            0.16947022080421448,
            0.16947022080421448,
            0.5817397832870483,
            0.7476152181625366,
            0.7476152181625366,
            0.7476152181625366
        ],
        "imbalance_ratio": [
            9.474321705426357,
            9.474321705426357,
            9.474321705426357,
            9.474321705426357,
            47.042502004811546,
            110.57964184731385,
            110.57964184731385,
            110.57964184731385
        ],
        "total_training_samples": [
            129714,
            129714,
            129714,
            129714,
            134718,
            135776,
            135776,
            135776
        ],
        "entropy": [
            0.3150175183558238,
            0.3150175183558238,
            0.3150175183558238,
            0.3150175183558238,
            0.4878513770286893,
            0.5297442692876037,
            0.5297442692876037,
            0.5297442692876037
        ],
        "test_precision_macro": [
            0.8911074717997034,
            0.8826444751981095,
            0.8753923694136966,
            0.8998307085260462,
            0.6725129304285233,
            0.5453649510781474,
            0.5474370719197565,
            0.5331302365852089
        ],
        "test_recall_macro": [
            0.8805574329100634,
            0.9072759321833669,
            0.9071323191180208,
            0.8705285936328622,
            0.7283413750517004,
            0.6195597322589244,
            0.5819378658977418,
            0.5940071738680731
        ],
        "classification_reports": [
            {
                "0": {
                    "precision": 0.8059082663902566,
                    "recall": 0.7816034179442071,
                    "f1-score": 0.7935697882112784,
                    "support": 3979.0
                },
                "1": {
                    "precision": 0.9763066772091501,
                    "recall": 0.9795114478759198,
                    "f1-score": 0.9779064369008931,
                    "support": 36557.0
                },
                "accuracy": 0.9600848628379712,
                "macro avg": {
                    "precision": 0.8911074717997034,
                    "recall": 0.8805574329100634,
                    "f1-score": 0.8857381125560857,
                    "support": 40536.0
                },
                "weighted avg": {
                    "precision": 0.9595804270451385,
                    "recall": 0.9600848628379712,
                    "f1-score": 0.9598120140388451,
                    "support": 40536.0
                }
            },
            {
                "0": {
                    "precision": 0.7828531271960647,
                    "recall": 0.839909525006283,
                    "f1-score": 0.8103782735208536,
                    "support": 3979.0
                },
                "1": {
                    "precision": 0.9824358232001544,
                    "recall": 0.9746423393604507,
                    "f1-score": 0.9785235636603318,
                    "support": 36557.0
                },
                "accuracy": 0.9614170120386817,
                "macro avg": {
                    "precision": 0.8826444751981095,
                    "recall": 0.9072759321833669,
                    "f1-score": 0.8944509185905927,
                    "support": 40536.0
                },
                "weighted avg": {
                    "precision": 0.9628448535090088,
                    "recall": 0.9614170120386817,
                    "f1-score": 0.9620184790573866,
                    "support": 40536.0
                }
            },
            {
                "0": {
                    "precision": 0.7681724375143316,
                    "recall": 0.8419200804222167,
                    "f1-score": 0.8033573141486811,
                    "support": 3979.0
                },
                "1": {
                    "precision": 0.9826123013130615,
                    "recall": 0.972344557813825,
                    "f1-score": 0.9774514656547324,
                    "support": 36557.0
                },
                "accuracy": 0.9595421353858299,
                "macro avg": {
                    "precision": 0.8753923694136966,
                    "recall": 0.9071323191180208,
                    "f1-score": 0.8904043899017067,
                    "support": 40536.0
                },
                "weighted avg": {
                    "precision": 0.9615629570744798,
                    "recall": 0.9595421353858299,
                    "f1-score": 0.9603624428393935,
                    "support": 40536.0
                }
            },
            {
                "0": {
                    "precision": 0.8257181942544459,
                    "recall": 0.7584820306609701,
                    "f1-score": 0.7906733036416034,
                    "support": 3979.0
                },
                "1": {
                    "precision": 0.9739432227976464,
                    "recall": 0.9825751566047543,
                    "f1-score": 0.9782401481521827,
                    "support": 36557.0
                },
                "accuracy": 0.9605782514308269,
                "macro avg": {
                    "precision": 0.8998307085260462,
                    "recall": 0.8705285936328622,
                    "f1-score": 0.8844567258968931,
                    "support": 40536.0
                },
                "weighted avg": {
                    "precision": 0.9593935043110321,
                    "recall": 0.9605782514308269,
                    "f1-score": 0.9598286503648432,
                    "support": 40536.0
                }
            },
            {
                "0": {
                    "precision": 0.749644785450412,
                    "recall": 0.665489404641776,
                    "f1-score": 0.7050648135774422,
                    "support": 3964.0
                },
                "1": {
                    "precision": 0.9778106914616418,
                    "recall": 0.9750027349305328,
                    "f1-score": 0.9764046944113498,
                    "support": 36564.0
                },
                "2": {
                    "precision": 0.36828644501278773,