{
    "AdvancedTabularClassifier": {
        "filter_sizes": [
            12000,
            8000,
            6000,
            4500,
            3500,
            1500,
            1000,
            300
        ],
        "training_time_seconds": [
            41.08341145515442,
            40.411489725112915,
            39.84337878227234,
            44.541436195373535,
            52.0106635093689,
            45.43757176399231,
            40.98891234397888,
            48.90239405632019
        ],
        "num_classes": [
            2,
            2,
            2,
            2,
            4,
            5,
            5,
            5
        ],
        "test_f1_macro": [
            0.8905798438239265,
            0.8909399593834976,
            0.8912432155934661,
            0.8967701244188739,
            0.692245092183111,
            0.5498253234830371,
            0.5512319537536357,
            0.5641225641224994
        ],
        "test_f1_micro": [
            0.9607262680086837,
            0.9585060193408328,
            0.9609729623051115,
            0.9620337477797514,
            0.929144893111639,
            0.9136931416450624,
            0.9117841150129625,
            0.9202922460523215
        ],
        "test_f1_weighted": [
            0.960989943869866,
            0.9599290868607768,
            0.9612307591381078,
            0.9627363780830688,
            0.932420045963049,
            0.9156988493002354,
            0.9182793301650809,
            0.9235128959029052
        ],
        "cv_class_weights": [
            0.16947022080421448,
            0.16947022080421448,
            0.16947022080421448,
            0.16947022080421448,
            0.5817397832870483,
            0.7476152181625366,
            0.7476152181625366,
            0.7476152181625366
        ],
        "imbalance_ratio": [
            9.474321705426357,
            9.474321705426357,
            9.474321705426357,
            9.474321705426357,
            47.042502004811546,
            110.57964184731385,
            110.57964184731385,
            110.57964184731385
        ],
        "total_training_samples": [
            129714,
            129714,
            129714,
            129714,
            134718,
            135776,
            135776,
            135776
        ],
        "entropy": [
            0.3150175183558238,
            0.3150175183558238,
            0.3150175183558238,
            0.3150175183558238,
            0.4878513770286893,
            0.5297442692876037,
            0.5297442692876037,
            0.5297442692876037
        ],
        "test_precision_macro": [
            0.8854268341101875,
            0.8664317052127896,
            0.8861631812733644,
            0.8827780886729093,
            0.6616277651406576,
            0.5401698333881584,
            0.5331849716259623,
            0.5557226117120406
        ],
        "test_recall_macro": [
            0.895918689238534,
            0.9204436965871026,
            0.8965033917191827,
            0.9122091440989231,
            0.7479602946261663,
            0.593601016566134,
            0.6040218489518613,
            0.603448349347183
        ],
        "classification_reports": [
            {
                "0": {
                    "precision": 0.7910265788831993,
                    "recall": 0.8152802211610958,
                    "f1-score": 0.802970297029703,
                    "support": 3979.0
                },
                "1": {
                    "precision": 0.9798270893371758,
                    "recall": 0.9765571573159724,
                    "f1-score": 0.9781893906181499,
                    "support": 36557.0
                },
                "accuracy": 0.9607262680086837,
                "macro avg": {
                    "precision": 0.8854268341101875,
                    "recall": 0.895918689238534,
                    "f1-score": 0.8905798438239265,
                    "support": 40536.0
                },
                "weighted avg": {
                    "precision": 0.9612944953196019,
                    "recall": 0.9607262680086837,
                    "f1-score": 0.960989943869866,
                    "support": 40536.0
                }
            },
            {
                "0": {
                    "precision": 0.7469361427649968,
                    "recall": 0.8730836893691882,
                    "f1-score": 0.805098493626883,
                    "support": 3979.0
                },
                "1": {
                    "precision": 0.9859272676605824,
                    "recall": 0.9678037038050168,
                    "f1-score": 0.9767814251401121,
                    "support": 36557.0
                },
                "accuracy": 0.9585060193408328,
                "macro avg": {
                    "precision": 0.8664317052127896,
                    "recall": 0.9204436965871026,
                    "f1-score": 0.8909399593834976,
                    "support": 40536.0
                },
                "weighted avg": {
                    "precision": 0.962467979966692,
                    "recall": 0.9585060193408328,
                    "f1-score": 0.9599290868607768,
                    "support": 40536.0
                }
            },
            {
                "0": {
                    "precision": 0.7923883874115638,
                    "recall": 0.8162854988690625,
                    "f1-score": 0.804159445407279,
                    "support": 3979.0
                },
                "1": {
                    "precision": 0.9799379751351648,
                    "recall": 0.9767212845693027,
                    "f1-score": 0.9783269857796532,
                    "support": 36557.0
                },
                "accuracy": 0.9609729623051115,
                "macro avg": {
                    "precision": 0.8861631812733644,
                    "recall": 0.8965033917191827,
                    "f1-score": 0.8912432155934661,
                    "support": 40536.0
                },
                "weighted avg": {
                    "precision": 0.9615281712681774,
                    "recall": 0.9609729623051115,
                    "f1-score": 0.9612307591381078,
                    "support": 40536.0
                }
            },
            {
                "0": {
                    "precision": 0.7820157189089227,
                    "recall": 0.850213621512943,
                    "f1-score": 0.8146899458157736,
                    "support": 3979.0
                },
                "1": {
                    "precision": 0.9835404584368959,
                    "recall": 0.974204666684903,
                    "f1-score": 0.9788503030219743,
                    "support": 36557.0
                },
                "accuracy": 0.9620337477797514,
                "macro avg": {
                    "precision": 0.8827780886729093,
                    "recall": 0.9122091440989231,
                    "f1-score": 0.8967701244188739,
                    "support": 40536.0
                },
                "weighted avg": {
                    "precision": 0.9637588584126753,
                    "recall": 0.9620337477797514,
                    "f1-score": 0.9627363780830688,
                    "support": 40536.0
                }
            },
            {
                "0": {
                    "precision": 0.7298980747451869,
                    "recall": 0.6503531786074672,
                    "f1-score": 0.6878335112059765,
                    "support": 3964.0
                },
                "1": {
                    "precision": 0.9809149748298943,
                    "recall": 0.9699157641395909,
                    "f1-score": 0.975384361506092,
                    "support": 36564.0
                },
                "2": {
                    "precision": 0.34752267969295186,