{
    "AdvancedTabularClassifier": {
        "filter_sizes": [
            12000,
            8000,
            6000,
            4500,
            3500,
            1500,
            1000,
            300
        ],
        "training_time_seconds": [
            39.96152591705322,
            42.51624155044556,
            42.99669671058655,
            40.684754610061646,
            51.708929777145386,
            49.18677854537964,
            42.568520307540894,
            51.43909287452698
        ],
        "num_classes": [
            2,
            3,
            4,
            4,
            4,
            4,
            4,
            4
        ],
        "test_f1_macro": [
            0.708662767658315,
            0.57744545395167,
            0.4649761786221597,
            0.44377649042804473,
            0.441825076367511,
            0.4317742551000867,
            0.4681772280170984,
            0.47362222135193066
        ],
        "test_f1_micro": [
            0.7106547588140609,
            0.6312789019108903,
            0.5809097336790007,
            0.5300494932830544,
            0.5737449917511195,
            0.5312514730143766,
            0.5958519915154372,
            0.5997643176997407
        ],
        "test_f1_weighted": [
            0.7145067756204153,
            0.6448271243955713,
            0.6128818720046426,
            0.5793189088334605,
            0.5995572332334848,
            0.568202535938832,
            0.6192278080041486,
            0.6219292224311452
        ],
        "cv_class_weights": [
            0.23882001687544618,
            0.6477941551903034,
            0.8709981495043372,
            0.8709981495043372,
            0.8709981495043372,
            0.8709981495043372,
            0.8709981495043372,
            0.8709981495043372
        ],
        "imbalance_ratio": [
            1.6254845993268863,
            10.114982116836668,
            15.160732046946489,
            15.160732046946489,
            15.160732046946489,
            15.160732046946489,
            15.160732046946489,
            15.160732046946489
        ],
        "total_training_samples": [
            123256,
            130785,
            135776,
            135776,
            135776,
            135776,
            135776,
            135776
        ],
        "entropy": [
            0.6644942900012158,
            0.8465637482123152,
            0.9745313681488466,
            0.9745313681488466,
            0.9745313681488466,
            0.9745313681488466,
            0.9745313681488466,
            0.9745313681488466
        ],
        "test_precision_macro": [
            0.7213394552665653,
            0.5603526005716736,
            0.4575052259206254,
            0.4574556521230656,
            0.43006956012281616,
            0.4343309637290993,
            0.45340734026254137,
            0.4547131006380983
        ],
        "test_recall_macro": [
            0.7337774866365948,
            0.6606315945824345,
            0.5341948815130506,
            0.5289993983353023,
            0.5266836962903695,
            0.5193881725693831,
            0.5252795880206215,
            0.5388442088970005
        ],
        "classification_reports": [
            {
                "0": {
                    "precision": 0.5829557505061217,
                    "recall": 0.8290943991225064,
                    "f1-score": 0.6845724959669431,
                    "support": 14587.0
                },
                "1": {
                    "precision": 0.8597231600270088,
                    "recall": 0.6384605741506832,
                    "f1-score": 0.732753039349687,
                    "support": 23931.0
                },
                "accuracy": 0.7106547588140609,
                "macro avg": {
                    "precision": 0.7213394552665653,
                    "recall": 0.7337774866365948,
                    "f1-score": 0.708662767658315,
                    "support": 38518.0
                },
                "weighted avg": {
                    "precision": 0.7549096649680448,
                    "recall": 0.7106547588140609,
                    "f1-score": 0.7145067756204153,
                    "support": 38518.0
                }
            },
            {
                "0": {
                    "precision": 0.5325194350158765,
                    "recall": 0.66296346782988,
                    "f1-score": 0.5906248102495598,
                    "support": 14672.0
                },
                "1": {
                    "precision": 0.3218701700154559,
                    "recall": 0.7153284671532847,
                    "f1-score": 0.4439706862091939,
                    "support": 2329.0
                },
                "2": {
                    "precision": 0.8266681966836881,
                    "recall": 0.603602848764139,
                    "f1-score": 0.6977408653962566,
                    "support": 23870.0
                },
                "accuracy": 0.6312789019108903,
                "macro avg": {
                    "precision": 0.5603526005716736,
                    "recall": 0.6606315945824345,
                    "f1-score": 0.57744545395167,
                    "support": 40871.0
                },
                "weighted avg": {
                    "precision": 0.6923082535626378,
                    "recall": 0.6312789019108903,
                    "f1-score": 0.6448271243955713,
                    "support": 40871.0
                }
            },
            {
                "0": {
                    "precision": 0.5376172282042376,
                    "recall": 0.53079561042524,
                    "f1-score": 0.5341846419327007,
                    "support": 14580.0
                },
                "1": {
                    "precision": 0.10168094924192485,
                    "recall": 0.4077990746860542,
                    "f1-score": 0.16277535945125973,
                    "support": 1513.0
                },
                "2": {
                    "precision": 0.3823785984297761,
                    "recall": 0.5754923413566739,
                    "f1-score": 0.45946890286512926,
                    "support": 2285.0
                },
                "3": {
                    "precision": 0.8083441278065631,
                    "recall": 0.6226924995842341,
                    "f1-score": 0.7034758102395491,
                    "support": 24052.0
                },
                "accuracy": 0.5809097336790007,
                "macro avg": {
                    "precision": 0.4575052259206254,
                    "recall": 0.5341948815130506,
                    "f1-score": 0.4649761786221597,
                    "support": 42430.0
                },
                "weighted avg": {
                    "precision": 0.6671772454121214,
                    "recall": 0.5809097336790007,
                    "f1-score": 0.6128818720046426,
                    "support": 42430.0
                }
            },
            {
                "0": {
                    "precision": 0.5279642058165548,
                    "recall": 0.46941015089163235,
                    "f1-score": 0.49696837672003774,
                    "support": 14580.0
                },
                "1": {
                    "precision": 0.08187558223786358,
                    "recall": 0.5228023793787178,
                    "f1-score": 0.14157866475747272,
                    "support": 1513.0
                },
                "2": {
                    "precision": 0.4043024359379943,
                    "recall": 0.5592997811816193,
                    "f1-score": 0.4693352919573999,
                    "support": 2285.0
                },
                "3": {
                    "precision": 0.8156803844998498,
                    "recall": 0.56448528188924,
                    "f1-score": 0.6672236282772686,