{
    "AdvancedTabularClassifier": {
        "filter_sizes": [
            12000,
            8000,
            6000,
            4500,
            3500,
            1500,
            1000,
            300
        ],
        "training_time_seconds": [
            38.930121183395386,
            41.454747676849365,
            47.91284441947937,
            48.98344039916992,
            46.440765142440796,
            49.14887881278992,
            48.17858648300171,
            51.28703451156616
        ],
        "num_classes": [
            2,
            2,
            2,
            2,
            4,
            5,
            5,
            5
        ],
        "test_f1_macro": [
            0.8885275584040719,
            0.8894649723887358,
            0.8889061112099996,
            0.8837217890788812,
            0.6762088802737733,
            0.5742088137363365,
            0.5535058366043495,
            0.5815145418423465
        ],
        "test_f1_micro": [
            0.9601835405565423,
            0.9596161436747582,
            0.9607015985790408,
            0.9599368462601144,
            0.9352256532066509,
            0.9272213056799434,
            0.928941786471836,
            0.9297195380626915
        ],
        "test_f1_weighted": [
            0.9603555149137083,
            0.9602352587714206,
            0.9606817698318004,
            0.9593794809811975,
            0.9329845059791353,
            0.9268739685889824,
            0.9273733700081834,
            0.9293817713918876
        ],
        "cv_class_weights": [
            0.8086559662025687,
            0.8086559662025687,
            0.8086559662025687,
            0.8086559662025687,
            1.4366621794956078,
            1.6678686811107044,
            1.6678686811107044,
            1.6678686811107044
        ],
        "imbalance_ratio": [
            9.474321705426357,
            9.474321705426357,
            9.474321705426357,
            9.474321705426357,
            47.042502004811546,
            110.57964184731385,
            110.57964184731385,
            110.57964184731385
        ],
        "total_training_samples": [
            129714,
            129714,
            129714,
            129714,
            134718,
            135776,
            135776,
            135776
        ],
        "entropy": [
            0.4551241111846538,
            0.4551241111846538,
            0.4551241111846538,
            0.4551241111846538,
            0.3539858514162193,
            0.32789964579507375,
            0.32789964579507375,
            0.32789964579507375
        ],
        "test_precision_macro": [
            0.8852091609961432,
            0.8779939001631203,
            0.88929909148786,
            0.8947978123296518,
            0.6986075625429078,
            0.5916141600367271,
            0.5836157856969648,
            0.5887534631631337
        ],
        "test_recall_macro": [
            0.8919223686753904,
            0.9019101761392592,
            0.8885141707700142,
            0.8734204754131442,
            0.6584451694754401,
            0.586479814040295,
            0.5570398049320056,
            0.580383935349042
        ],
        "classification_reports": [
            {
                "0": {
                    "precision": 0.7914715306877003,
                    "recall": 0.8069866800703694,
                    "f1-score": 0.7991538078646092,
                    "support": 3979.0
                },
                "1": {
                    "precision": 0.9789467913045862,
                    "recall": 0.9768580572804114,
                    "f1-score": 0.9779013089435347,
                    "support": 36557.0
                },
                "accuracy": 0.9601835405565423,
                "macro avg": {
                    "precision": 0.8852091609961432,
                    "recall": 0.8919223686753904,
                    "f1-score": 0.8885275584040719,
                    "support": 40536.0
                },
                "weighted avg": {
                    "precision": 0.9605442833611632,
                    "recall": 0.9601835405565423,
                    "f1-score": 0.9603555149137083,
                    "support": 40536.0
                }
            },
            {
                "0": {
                    "precision": 0.774624765478424,
                    "recall": 0.8301080673536064,
                    "f1-score": 0.8014072546403008,
                    "support": 3979.0
                },
                "1": {
                    "precision": 0.9813630348478165,
                    "recall": 0.9737122849249118,
                    "f1-score": 0.9775226901371706,
                    "support": 36557.0
                },
                "accuracy": 0.9596161436747582,
                "macro avg": {
                    "precision": 0.8779939001631203,
                    "recall": 0.9019101761392592,
                    "f1-score": 0.8894649723887358,
                    "support": 40536.0
                },
                "weighted avg": {
                    "precision": 0.9610696765041019,
                    "recall": 0.9596161436747582,
                    "f1-score": 0.9602352587714206,
                    "support": 40536.0
                }
            },
            {
                "0": {
                    "precision": 0.8005037783375315,
                    "recall": 0.7986931389796431,
                    "f1-score": 0.7995974336394515,
                    "support": 3979.0
                },
                "1": {
                    "precision": 0.9780944046381885,
                    "recall": 0.9783352025603852,
                    "f1-score": 0.9782147887805478,
                    "support": 36557.0
                },
                "accuracy": 0.9607015985790408,
                "macro avg": {
                    "precision": 0.88929909148786,
                    "recall": 0.8885141707700142,
                    "f1-score": 0.8889061112099996,
                    "support": 40536.0
                },
                "weighted avg": {
                    "precision": 0.9606621690438943,
                    "recall": 0.9607015985790408,
                    "f1-score": 0.9606817698318004,
                    "support": 40536.0
                }
            },
            {
                "0": {
                    "precision": 0.814923776410805,
                    "recall": 0.7657702940437295,
                    "f1-score": 0.7895827934698109,
                    "support": 3979.0
                },
                "1": {
                    "precision": 0.9746718482484985,
                    "recall": 0.9810706567825588,
                    "f1-score": 0.9778607846879516,
                    "support": 36557.0
                },
                "accuracy": 0.9599368462601144,
                "macro avg": {
                    "precision": 0.8947978123296518,
                    "recall": 0.8734204754131442,
                    "f1-score": 0.8837217890788812,
                    "support": 40536.0
                },
                "weighted avg": {
                    "precision": 0.9589910317436093,
                    "recall": 0.9599368462601144,
                    "f1-score": 0.9593794809811975,
                    "support": 40536.0
                }
            },
            {
                "0": {
                    "precision": 0.7221497521523611,
                    "recall": 0.698284561049445,
                    "f1-score": 0.7100166730793895,
                    "support": 3964.0
                },
                "1": {
                    "precision": 0.9703717733643595,
                    "recall": 0.9808281369653211,
                    "f1-score": 0.9755719376513152,
                    "support": 36564.0
                },
                "2": {
                    "precision": 0.3945578231292517,