{
    "TabNet": {
        "filter_sizes": [
            12000,
            8000,
            6000,
            4500,
            3500,
            1500,
            1000,
            300
        ],
        "training_time_seconds": [
            957.6612477302551,
            915.0964641571045,
            849.5382840633392,
            842.1144819259644,
            569.397777557373,
            1051.391785144806,
            1109.8683052062988,
            1060.0284259319305
        ],
        "num_classes": [
            2,
            2,
            2,
            2,
            4,
            5,
            5,
            5
        ],
        "test_f1_macro": [
            0.8582978243844475,
            0.8582978243844475,
            0.8582978243844475,
            0.8582978243844475,
            0.5736670591937667,
            0.5562280116836327,
            0.5562280116836327,
            0.5562280116836327
        ],
        "test_f1_micro": [
            0.954904282612986,
            0.954904282612986,
            0.954904282612986,
            0.954904282612986,
            0.9348931116389548,
            0.9301437662031582,
            0.9301437662031582,
            0.9301437662031582
        ],
        "test_f1_weighted": [
            0.9521795590824291,
            0.9521795590824291,
            0.9521795590824291,
            0.9521795590824291,
            0.9272612987066662,
            0.9315355292479663,
            0.9315355292479663,
            0.9315355292479663
        ],
        "cv_class_weights": [
            0.16988706588745117,
            0.16988706588745117,
            0.16988706588745117,
            0.16988706588745117,
            0.5837607383728027,
            0.7549371123313904,
            0.7549371123313904,
            0.7549371123313904
        ],
        "total_training_samples": [
            129714,
            129714,
            129714,
            129714,
            134718,
            135776,
            135776,
            135776
        ],
        "imbalance_ratio": [
            9.49211356466877,
            9.49211356466877,
            9.49211356466877,
            9.49211356466877,
            47.61429151441332,
            112.46596356663471,
            112.46596356663471,
            112.46596356663471
        ],
        "entropy": [
            0.31465333266360546,
            0.31465333266360546,
            0.31465333266360546,
            0.31465333266360546,
            0.488396458337151,
            0.5296461619056377,
            0.5296461619056377,
            0.5296461619056377
        ],
        "test_precision_macro": [
            0.9093090438818081,
            0.9093090438818081,
            0.9093090438818081,
            0.9093090438818081,
            0.5548548825789014,
            0.541861097487845,
            0.541861097487845,
            0.541861097487845
        ],
        "test_recall_macro": [
            0.820916635678671,
            0.820916635678671,
            0.820916635678671,
            0.820916635678671,
            0.5947918681640911,
            0.5775357015946232,
            0.5775357015946232,
            0.5775357015946232
        ],
        "classification_reports": [
            {
                "0": {
                    "precision": 0.8556027442012414,
                    "recall": 0.6539325842696629,
                    "f1-score": 0.7412963487121427,
                    "support": 4005.0
                },
                "1": {
                    "precision": 0.963015343562375,
                    "recall": 0.987900687087679,
                    "f1-score": 0.9752993000567521,
                    "support": 36531.0
                },
                "accuracy": 0.954904282612986,
                "macro avg": {
                    "precision": 0.9093090438818081,
                    "recall": 0.820916635678671,
                    "f1-score": 0.8582978243844475,
                    "support": 40536.0
                },
                "weighted avg": {
                    "precision": 0.9524028642738084,
                    "recall": 0.954904282612986,
                    "f1-score": 0.9521795590824291,
                    "support": 40536.0
                }
            },
            {
                "0": {
                    "precision": 0.8556027442012414,
                    "recall": 0.6539325842696629,
                    "f1-score": 0.7412963487121427,
                    "support": 4005.0
                },
                "1": {
                    "precision": 0.963015343562375,
                    "recall": 0.987900687087679,
                    "f1-score": 0.9752993000567521,
                    "support": 36531.0
                },
                "accuracy": 0.954904282612986,
                "macro avg": {
                    "precision": 0.9093090438818081,
                    "recall": 0.820916635678671,
                    "f1-score": 0.8582978243844475,
                    "support": 40536.0
                },
                "weighted avg": {
                    "precision": 0.9524028642738084,
                    "recall": 0.954904282612986,
                    "f1-score": 0.9521795590824291,
                    "support": 40536.0
                }
            },
            {
                "0": {
                    "precision": 0.8556027442012414,
                    "recall": 0.6539325842696629,
                    "f1-score": 0.7412963487121427,
                    "support": 4005.0
                },
                "1": {
                    "precision": 0.963015343562375,
                    "recall": 0.987900687087679,
                    "f1-score": 0.9752993000567521,
                    "support": 36531.0
                },
                "accuracy": 0.954904282612986,
                "macro avg": {
                    "precision": 0.9093090438818081,
                    "recall": 0.820916635678671,
                    "f1-score": 0.8582978243844475,
                    "support": 40536.0
                },
                "weighted avg": {
                    "precision": 0.9524028642738084,
                    "recall": 0.954904282612986,
                    "f1-score": 0.9521795590824291,
                    "support": 40536.0
                }
            },
            {
                "0": {
                    "precision": 0.8556027442012414,
                    "recall": 0.6539325842696629,
                    "f1-score": 0.7412963487121427,
                    "support": 4005.0
                },
                "1": {
                    "precision": 0.963015343562375,
                    "recall": 0.987900687087679,
                    "f1-score": 0.9752993000567521,
                    "support": 36531.0
                },
                "accuracy": 0.954904282612986,
                "macro avg": {
                    "precision": 0.9093090438818081,
                    "recall": 0.820916635678671,
                    "f1-score": 0.8582978243844475,
                    "support": 40536.0
                },
                "weighted avg": {
                    "precision": 0.9524028642738084,
                    "recall": 0.954904282612986,
                    "f1-score": 0.9521795590824291,
                    "support": 40536.0
                }
            },
            {
                "0": {
                    "precision": 0.6994561362024119,
                    "recall": 0.7641436321363989,
                    "f1-score": 0.7303703703703703,
                    "support": 3871.0
                },
                "1": {
                    "precision": 0.971576297339,
                    "recall": 0.9799055341687826,
                    "f1-score": 0.9757231404958677,
                    "support": 36627.0
                },
                "2": {
                    "precision": 0.0,
                    "recall": 0.0,
                    "f1-score": 0.0,