{
    "TabNet": {
        "filter_sizes": [
            12000,
            8000,
            6000,
            4500,
            3500,
            1500,
            1000,
            300
        ],
        "training_time_seconds": [
            1988.4029097557068,
            2156.6880824565887,
            1862.0584840774536,
            1957.846265554428,
            1945.2133874893188,
            1847.6638851165771,
            1721.749169588089,
            1706.8654499053955
        ],
        "num_classes": [
            2,
            3,
            4,
            4,
            4,
            4,
            4,
            4
        ],
        "test_f1_macro": [
            0.70100133540271,
            0.6367773397135207,
            0.4934475964487405,
            0.4934475964487405,
            0.4934475964487405,
            0.4934475964487405,
            0.4934475964487405,
            0.4934475964487405
        ],
        "test_f1_micro": [
            0.7387714834622774,
            0.7100144356634288,
            0.6856233796841857,
            0.6856233796841857,
            0.6856233796841857,
            0.6856233796841857,
            0.6856233796841857,
            0.6856233796841857
        ],
        "test_f1_weighted": [
            0.7265161877953235,
            0.6969790913974319,
            0.6690495201004137,
            0.6690495201004137,
            0.6690495201004137,
            0.6690495201004137,
            0.6690495201004137,
            0.6690495201004137
        ],
        "cv_class_weights": [
            0.004368096590042114,
            0.3185885548591614,
            0.4015483856201172,
            0.4015483856201172,
            0.4015483856201172,
            0.4015483856201172,
            0.4015483856201172,
            0.4015483856201172
        ],
        "total_training_samples": [
            123256,
            130785,
            135776,
            135776,
            135776,
            135776,
            135776,
            135776
        ],
        "imbalance_ratio": [
            1.6276114948409652,
            10.063571616987602,
            15.223109159848333,
            15.223109159848333,
            15.223109159848333,
            15.223109159848333,
            15.223109159848333,
            15.223109159848333
        ],
        "entropy": [
            0.6643443137660645,
            0.8472326759831752,
            0.9736146155377885,
            0.9736146155377885,
            0.9736146155377885,
            0.9736146155377885,
            0.9736146155377885,
            0.9736146155377885
        ],
        "test_precision_macro": [
            0.7341461842918868,
            0.6760657749050183,
            0.5489008395584233,
            0.5489008395584233,
            0.5489008395584233,
            0.5489008395584233,
            0.5489008395584233,
            0.5489008395584233
        ],
        "test_recall_macro": [
            0.6934093307424658,
            0.61583028956087,
            0.48131793312444987,
            0.48131793312444987,
            0.48131793312444987,
            0.48131793312444987,
            0.48131793312444987,
            0.48131793312444987
        ],
        "classification_reports": [
            {
                "0": {
                    "precision": 0.7243206121848327,
                    "recall": 0.504475572258285,
                    "f1-score": 0.5947317544707588,
                    "support": 14635.0
                },
                "1": {
                    "precision": 0.7439717563989409,
                    "recall": 0.8823430892266466,
                    "f1-score": 0.8072709163346613,
                    "support": 23883.0
                },
                "accuracy": 0.7387714834622774,
                "macro avg": {
                    "precision": 0.7341461842918868,
                    "recall": 0.6934093307424658,
                    "f1-score": 0.70100133540271,
                    "support": 38518.0
                },
                "weighted avg": {
                    "precision": 0.7365052603302593,
                    "recall": 0.7387714834622774,
                    "f1-score": 0.7265161877953235,
                    "support": 38518.0
                }
            },
            {
                "0": {
                    "precision": 0.6500277315585136,
                    "recall": 0.4801966675771647,
                    "f1-score": 0.5523525253318671,
                    "support": 14644.0
                },
                "1": {
                    "precision": 0.6408808582721626,
                    "recall": 0.49628334062090074,
                    "f1-score": 0.559388861508132,
                    "support": 2287.0
                },
                "2": {
                    "precision": 0.7372887348843787,
                    "recall": 0.8710108604845447,
                    "f1-score": 0.7985906323005629,
                    "support": 23940.0
                },
                "accuracy": 0.7100144356634288,
                "macro avg": {
                    "precision": 0.6760657749050183,
                    "recall": 0.61583028956087,
                    "f1-score": 0.6367773397135207,
                    "support": 40871.0
                },
                "weighted avg": {
                    "precision": 0.7006286348986649,
                    "recall": 0.7100144356634288,
                    "f1-score": 0.6969790913974319,
                    "support": 40871.0
                }
            },
            {
                "0": {
                    "precision": 0.6013941190609727,
                    "recall": 0.5137577002053388,
                    "f1-score": 0.5541323686833266,
                    "support": 14610.0
                },
                "1": {
                    "precision": 0.29354838709677417,
                    "recall": 0.0593607305936073,
                    "f1-score": 0.09875203472599023,
                    "support": 1533.0
                },
                "2": {
                    "precision": 0.5632515632515632,
                    "recall": 0.5040895393887215,
                    "f1-score": 0.5320308950477056,
                    "support": 2323.0
                },
                "3": {
                    "precision": 0.7374092888243832,
                    "recall": 0.8480637623101319,
                    "f1-score": 0.7888750873379397,
                    "support": 23964.0
                },
                "accuracy": 0.6856233796841857,
                "macro avg": {
                    "precision": 0.5489008395584233,
                    "recall": 0.48131793312444987,
                    "f1-score": 0.4934475964487405,
                    "support": 42430.0
                },
                "weighted avg": {
                    "precision": 0.6650032367598648,
                    "recall": 0.6856233796841857,
                    "f1-score": 0.6690495201004137,
                    "support": 42430.0
                }
            },
            {
                "0": {
                    "precision": 0.6013941190609727,
                    "recall": 0.5137577002053388,
                    "f1-score": 0.5541323686833266,
                    "support": 14610.0
                },
                "1": {
                    "precision": 0.29354838709677417,
                    "recall": 0.0593607305936073,
                    "f1-score": 0.09875203472599023,
                    "support": 1533.0
                },
                "2": {
                    "precision": 0.5632515632515632,
                    "recall": 0.5040895393887215,
                    "f1-score": 0.5320308950477056,
                    "support": 2323.0
                },
                "3": {
                    "precision": 0.7374092888243832,
                    "recall": 0.8480637623101319,
                    "f1-score": 0.7888750873379397,