{
    "TabPFNClassifier": {
        "filter_sizes": [
            12000,
            8000,
            6000,
            4500,
            3500,
            1500,
            1000,
            300
        ],
        "training_time_seconds": [
            31.487677574157715,
            29.756796836853027,
            29.48816752433777,
            29.883922815322876,
            43.83400249481201,
            30.666513442993164,
            30.48355221748352,
            30.529451370239258
        ],
        "num_classes": [
            2,
            2,
            2,
            2,
            4,
            5,
            5,
            5
        ],
        "test_f1_macro": [
            0.9281000996946136,
            0.9281000996946136,
            0.9281000996946136,
            0.9281000996946136,
            0.760792401533101,
            0.6717238542600203,
            0.6717238542600203,
            0.6717238542600203
        ],
        "test_f1_micro": [
            0.9733816854154332,
            0.9733816854154332,
            0.9733816854154332,
            0.9733816854154332,
            0.9534441805225653,
            0.9463351402309687,
            0.9463351402309687,
            0.9463351402309687
        ],
        "test_f1_weighted": [
            0.9738842041789115,
            0.9738842041789115,
            0.9738842041789115,
            0.9738842041789115,
            0.9533805090423693,
            0.9456935947190577,
            0.9456935947190577,
            0.9456935947190577
        ],
        "cv_class_weights": [
            0.8093806374022849,
            0.8093806374022849,
            0.8093806374022849,
            0.8093806374022849,
            1.4381176018614705,
            1.66660957416951,
            1.66660957416951,
            1.66660957416951
        ],
        "imbalance_ratio": [
            9.49211356466877,
            9.49211356466877,
            9.49211356466877,
            9.49211356466877,
            47.61429151441332,
            112.46596356663471,
            112.46596356663471,
            112.46596356663471
        ],
        "total_training_samples": [
            129714,
            129714,
            129714,
            129714,
            134718,
            135776,
            135776,
            135776
        ],
        "entropy": [
            0.4539488026329689,
            0.4539488026329689,
            0.4539488026329689,
            0.4539488026329689,
            0.3523035742153705,
            0.329087663347389,
            0.329087663347389,
            0.329087663347389
        ],
        "test_precision_macro": [
            0.9127085318712879,
            0.9127085318712879,
            0.9127085318712879,
            0.9127085318712879,
            0.7672372316364477,
            0.7007853759808115,
            0.7007853759808115,
            0.7007853759808115
        ],
        "test_recall_macro": [
            0.9451040658403407,
            0.9451040658403407,
            0.9451040658403407,
            0.9451040658403407,
            0.7612477959552201,
            0.6624182142330106,
            0.6624182142330106,
            0.6624182142330106
        ],
        "classification_reports": [
            {
                "0": {
                    "precision": 0.8353966070609812,
                    "recall": 0.9098626716604244,
                    "f1-score": 0.8710409943826939,
                    "support": 4005.0
                },
                "1": {
                    "precision": 0.9900204566815946,
                    "recall": 0.9803454600202568,
                    "f1-score": 0.9851592050065332,
                    "support": 36531.0
                },
                "accuracy": 0.9733816854154332,
                "macro avg": {
                    "precision": 0.9127085318712879,
                    "recall": 0.9451040658403407,
                    "f1-score": 0.9281000996946136,
                    "support": 40536.0
                },
                "weighted avg": {
                    "precision": 0.9747434555534478,
                    "recall": 0.9733816854154332,
                    "f1-score": 0.9738842041789115,
                    "support": 40536.0
                }
            },
            {
                "0": {
                    "precision": 0.8353966070609812,
                    "recall": 0.9098626716604244,
                    "f1-score": 0.8710409943826939,
                    "support": 4005.0
                },
                "1": {
                    "precision": 0.9900204566815946,
                    "recall": 0.9803454600202568,
                    "f1-score": 0.9851592050065332,
                    "support": 36531.0
                },
                "accuracy": 0.9733816854154332,
                "macro avg": {
                    "precision": 0.9127085318712879,
                    "recall": 0.9451040658403407,
                    "f1-score": 0.9281000996946136,
                    "support": 40536.0
                },
                "weighted avg": {
                    "precision": 0.9747434555534478,
                    "recall": 0.9733816854154332,
                    "f1-score": 0.9738842041789115,
                    "support": 40536.0
                }
            },
            {
                "0": {
                    "precision": 0.8353966070609812,
                    "recall": 0.9098626716604244,
                    "f1-score": 0.8710409943826939,
                    "support": 4005.0
                },
                "1": {
                    "precision": 0.9900204566815946,
                    "recall": 0.9803454600202568,
                    "f1-score": 0.9851592050065332,
                    "support": 36531.0
                },
                "accuracy": 0.9733816854154332,
                "macro avg": {
                    "precision": 0.9127085318712879,
                    "recall": 0.9451040658403407,
                    "f1-score": 0.9281000996946136,
                    "support": 40536.0
                },
                "weighted avg": {
                    "precision": 0.9747434555534478,
                    "recall": 0.9733816854154332,
                    "f1-score": 0.9738842041789115,
                    "support": 40536.0
                }
            },
            {
                "0": {
                    "precision": 0.8353966070609812,
                    "recall": 0.9098626716604244,
                    "f1-score": 0.8710409943826939,
                    "support": 4005.0
                },
                "1": {
                    "precision": 0.9900204566815946,
                    "recall": 0.9803454600202568,
                    "f1-score": 0.9851592050065332,
                    "support": 36531.0
                },
                "accuracy": 0.9733816854154332,
                "macro avg": {
                    "precision": 0.9127085318712879,
                    "recall": 0.9451040658403407,
                    "f1-score": 0.9281000996946136,
                    "support": 40536.0
                },
                "weighted avg": {
                    "precision": 0.9747434555534478,
                    "recall": 0.9733816854154332,
                    "f1-score": 0.9738842041789115,
                    "support": 40536.0
                }
            },
            {
                "0": {
                    "precision": 0.7638238050609185,
                    "recall": 0.8421596486695945,
                    "f1-score": 0.8010812139083425,
                    "support": 3871.0
                },
                "1": {
                    "precision": 0.9871586878213765,
                    "recall": 0.9801512545390013,
                    "f1-score": 0.9836424911636573,
                    "support": 36627.0
                },
                "2": {
                    "precision": 0.6043405676126878,