{
    "AdvancedTabularClassifier": {
        "filter_sizes": [
            12000,
            8000,
            6000,
            4500,
            3500,
            1500,
            1000,
            300
        ],
        "training_time_seconds": [
            132.24973487854004,
            148.11427569389343,
            237.5838267803192,
            43.60346460342407,
            46.0422420501709,
            71.90758943557739,
            47.05907940864563,
            54.87428307533264
        ],
        "num_classes": [
            2,
            2,
            2,
            3,
            3,
            3,
            3,
            4
        ],
        "test_f1_macro": [
            0.9998753216175595,
            0.9997818192808872,
            0.999875314244733,
            0.8774437117989313,
            0.8661483732615681,
            0.8848039631359569,
            0.8628704939036704,
            0.7725632799602202
        ],
        "test_f1_micro": [
            0.9999033629686896,
            0.9998308851952068,
            0.9999033629686896,
            0.9858635525507068,
            0.9860763084487731,
            0.985627157108411,
            0.9854853198430334,
            0.9827480556210229
        ],
        "test_f1_weighted": [
            0.9999033601117002,
            0.9998308826955423,
            0.9999033572537906,
            0.9850785295395404,
            0.9845911369359236,
            0.9853997918718059,
            0.9838526320670106,
            0.9809462729864223
        ],
        "cv_class_weights": [
            0.46982348588944084,
            0.46982348588944084,
            0.46982348588944084,
            0.8676793902517999,
            0.8676793902517999,
            0.8676793902517999,
            0.8676793902517999,
            1.1499011785704858
        ],
        "imbalance_ratio": [
            2.7576668841669267,
            2.7576668841669267,
            2.7576668841669267,
            33.36020583190395,
            33.36020583190395,
            33.36020583190395,
            33.36020583190395,
            235.11352657004832
        ],
        "total_training_samples": [
            132454,
            132454,
            132454,
            135364,
            135364,
            135364,
            135364,
            135776
        ],
        "entropy": [
            0.5793640140080556,
            0.5793640140080556,
            0.5793640140080556,
            0.6705127663073001,
            0.6705127663073001,
            0.6705127663073001,
            0.6705127663073001,
            0.6877410771768522
        ],
        "test_precision_macro": [
            0.9999048831318054,
            0.9997965948939738,
            0.999934456315134,
            0.904992840778076,
            0.9223944692054983,
            0.8921316368773414,
            0.9259564872983522,
            0.8331976945704211
        ],
        "test_recall_macro": [
            0.9998457696221155,
            0.9997670460470115,
            0.9998162102554677,
            0.8559674919493899,
            0.8310403610087288,
            0.8779823194160011,
            0.8252109452395774,
            0.732904819904493
        ],
        "classification_reports": [
            {
                "0": {
                    "precision": 0.9999016780283168,
                    "recall": 0.9999672238610292,
                    "f1-score": 0.9999344498705385,
                    "support": 30510.0
                },
                "1": {
                    "precision": 0.9999080882352941,
                    "recall": 0.9997243153832016,
                    "f1-score": 0.9998161933645805,
                    "support": 10882.0
                },
                "accuracy": 0.9999033629686896,
                "macro avg": {
                    "precision": 0.9999048831318054,
                    "recall": 0.9998457696221155,
                    "f1-score": 0.9998753216175595,
                    "support": 41392.0
                },
                "weighted avg": {
                    "precision": 0.9999033632784212,
                    "recall": 0.9999033629686896,
                    "f1-score": 0.9999033601117002,
                    "support": 41392.0
                }
            },
            {
                "0": {
                    "precision": 0.999868899741077,
                    "recall": 0.9999016715830875,
                    "f1-score": 0.999885285393553,
                    "support": 30510.0
                },
                "1": {
                    "precision": 0.9997242900468707,
                    "recall": 0.9996324205109355,
                    "f1-score": 0.9996783531682213,
                    "support": 10882.0
                },
                "accuracy": 0.9998308851952068,
                "macro avg": {
                    "precision": 0.9997965948939738,
                    "recall": 0.9997670460470115,
                    "f1-score": 0.9997818192808872,
                    "support": 41392.0
                },
                "weighted avg": {
                    "precision": 0.9998308817015438,
                    "recall": 0.9998308851952068,
                    "f1-score": 0.9998308826955423,
                    "support": 41392.0
                }
            },
            {
                "0": {
                    "precision": 0.9998689126302681,
                    "recall": 1.0,
                    "f1-score": 0.9999344520188779,
                    "support": 30510.0
                },
                "1": {
                    "precision": 1.0,
                    "recall": 0.9996324205109355,
                    "f1-score": 0.9998161764705882,
                    "support": 10882.0
                },
                "accuracy": 0.9999033629686896,
                "macro avg": {
                    "precision": 0.999934456315134,
                    "recall": 0.9998162102554677,
                    "f1-score": 0.999875314244733,
                    "support": 41392.0
                },
                "weighted avg": {
                    "precision": 0.9999033756365839,
                    "recall": 0.9999033629686896,
                    "f1-score": 0.9999033572537906,
                    "support": 41392.0
                }
            },
            {
                "0": {
                    "precision": 0.729312762973352,
                    "recall": 0.5752212389380531,
                    "f1-score": 0.6431663574520717,
                    "support": 904.0
                },
                "1": {
                    "precision": 0.9874004439221831,
                    "recall": 0.9931383170819791,
                    "f1-score": 0.9902610688272363,
                    "support": 30459.0
                },
                "2": {
                    "precision": 0.9982653154386926,
                    "recall": 0.9995429198281378,
                    "f1-score": 0.9989037091174858,
                    "support": 10939.0
                },
                "accuracy": 0.9858635525507068,
                "macro avg": {
                    "precision": 0.904992840778076,
                    "recall": 0.8559674919493899,
                    "f1-score": 0.8774437117989313,
                    "support": 42302.0
                },
                "weighted avg": {
                    "precision": 0.9846946514287159,
                    "recall": 0.9858635525507068,
                    "f1-score": 0.9850785295395404,
                    "support": 42302.0
                }
            },
            {
                "0": {
                    "precision": 0.782608695652174,
                    "recall": 0.497787610619469,
                    "f1-score": 0.6085192697768763,
                    "support": 904.0
                },
                "1": {
                    "precision": 0.9851231079061912,
                    "recall": 0.9956991365442069,