{
    "TabNet": {
        "filter_sizes": [
            12000,
            8000,
            6000,
            4500,
            3500,
            1500,
            1000,
            300
        ],
        "training_time_seconds": [
            2317.6393880844116,
            1207.0685143470764,
            1222.239274263382,
            1192.8443059921265,
            1164.981012582779,
            1147.190098285675,
            1184.7627737522125,
            1169.9766879081726
        ],
        "num_classes": [
            2,
            3,
            4,
            4,
            4,
            4,
            4,
            4
        ],
        "test_f1_macro": [
            0.7241935066320584,
            0.6152134989211929,
            0.47009643664272854,
            0.47009643664272854,
            0.47009643664272854,
            0.47009643664272854,
            0.47009643664272854,
            0.47009643664272854
        ],
        "test_f1_micro": [
            0.72908769925749,
            0.673362530889873,
            0.5837379212821117,
            0.5837379212821117,
            0.5837379212821117,
            0.5837379212821117,
            0.5837379212821117,
            0.5837379212821117
        ],
        "test_f1_weighted": [
            0.7330185056908175,
            0.6797726971776141,
            0.6148244719527429,
            0.6148244719527429,
            0.6148244719527429,
            0.6148244719527429,
            0.6148244719527429,
            0.6148244719527429
        ],
        "cv_class_weights": [
            0.23882004618644714,
            0.9838082194328308,
            0.8519039750099182,
            0.8519039750099182,
            0.8519039750099182,
            0.8519039750099182,
            0.8519039750099182,
            0.8519039750099182
        ],
        "total_training_samples": [
            123256,
            130785,
            135776,
            135776,
            135776,
            135776,
            135776,
            135776
        ],
        "imbalance_ratio": [
            1.6274994670645917,
            10.261891964525665,
            15.18225228810187,
            15.18225228810187,
            15.18225228810187,
            15.18225228810187,
            15.18225228810187,
            15.18225228810187
        ],
        "entropy": [
            0.6643522173031502,
            0.8450221039660912,
            0.9735099863952781,
            0.9735099863952781,
            0.9735099863952781,
            0.9735099863952781,
            0.9735099863952781,
            0.9735099863952781
        ],
        "test_precision_macro": [
            0.7260939591606681,
            0.5885923761360593,
            0.46387616425371725,
            0.46387616425371725,
            0.46387616425371725,
            0.46387616425371725,
            0.46387616425371725,
            0.46387616425371725
        ],
        "test_recall_macro": [
            0.7397723487711861,
            0.6747310270243685,
            0.5313153250239263,
            0.5313153250239263,
            0.5313153250239263,
            0.5313153250239263,
            0.5313153250239263,
            0.5313153250239263
        ],
        "classification_reports": [
            {
                "0": {
                    "precision": 0.6119227898048416,
                    "recall": 0.7842547666233854,
                    "f1-score": 0.6874532003474406,
                    "support": 14633.0
                },
                "1": {
                    "precision": 0.8402651285164946,
                    "recall": 0.6952899309189868,
                    "f1-score": 0.7609338129166762,
                    "support": 23885.0
                },
                "accuracy": 0.72908769925749,
                "macro avg": {
                    "precision": 0.7260939591606681,
                    "recall": 0.7397723487711861,
                    "f1-score": 0.7241935066320584,
                    "support": 38518.0
                },
                "weighted avg": {
                    "precision": 0.7535178040871988,
                    "recall": 0.72908769925749,
                    "f1-score": 0.7330185056908175,
                    "support": 38518.0
                }
            },
            {
                "0": {
                    "precision": 0.5731398453008419,
                    "recall": 0.5753848268279275,
                    "f1-score": 0.57426014197044,
                    "support": 14552.0
                },
                "1": {
                    "precision": 0.394309846632585,
                    "recall": 0.7205523964256701,
                    "f1-score": 0.5096968826318058,
                    "support": 2462.0
                },
                "2": {
                    "precision": 0.7983274364747507,
                    "recall": 0.7282558578195079,
                    "f1-score": 0.7616834721613327,
                    "support": 23857.0
                },
                "accuracy": 0.673362530889873,
                "macro avg": {
                    "precision": 0.5885923761360593,
                    "recall": 0.6747310270243685,
                    "f1-score": 0.6152134989211929,
                    "support": 40871.0
                },
                "weighted avg": {
                    "precision": 0.6938127161852023,
                    "recall": 0.673362530889873,
                    "f1-score": 0.6797726971776141,
                    "support": 40871.0
                }
            },
            {
                "0": {
                    "precision": 0.5311498754004984,
                    "recall": 0.5098066015171189,
                    "f1-score": 0.5202594323174559,
                    "support": 14633.0
                },
                "1": {
                    "precision": 0.09615701797789873,
                    "recall": 0.38507265521796563,
                    "f1-score": 0.15388676257093836,
                    "support": 1514.0
                },
                "2": {
                    "precision": 0.42285365108463185,
                    "recall": 0.5894378194207837,
                    "f1-score": 0.4924390677815335,
                    "support": 2348.0
                },
                "3": {
                    "precision": 0.80534411255184,
                    "recall": 0.6409442239398371,
                    "f1-score": 0.7138004839009864,
                    "support": 23935.0
                },
                "accuracy": 0.5837379212821117,
                "macro avg": {
                    "precision": 0.46387616425371725,
                    "recall": 0.5313153250239263,
                    "f1-score": 0.47009643664272854,
                    "support": 42430.0
                },
                "weighted avg": {
                    "precision": 0.6643099118225086,
                    "recall": 0.5837379212821117,
                    "f1-score": 0.6148244719527429,
                    "support": 42430.0
                }
            },
            {
                "0": {
                    "precision": 0.5311498754004984,
                    "recall": 0.5098066015171189,
                    "f1-score": 0.5202594323174559,
                    "support": 14633.0
                },
                "1": {
                    "precision": 0.09615701797789873,
                    "recall": 0.38507265521796563,
                    "f1-score": 0.15388676257093836,
                    "support": 1514.0
                },
                "2": {
                    "precision": 0.42285365108463185,
                    "recall": 0.5894378194207837,
                    "f1-score": 0.4924390677815335,
                    "support": 2348.0
                },
                "3": {
                    "precision": 0.80534411255184,
                    "recall": 0.6409442239398371,
                    "f1-score": 0.7138004839009864,