{
    "AdvancedTabularClassifier": {
        "filter_sizes": [
            12000,
            8000,
            6000,
            4500,
            3500,
            1500,
            1000,
            300
        ],
        "training_time_seconds": [
            278.08690881729126,
            51.70283007621765,
            111.49414300918579,
            39.57499146461487,
            46.947391510009766,
            52.2615008354187,
            53.3380343914032,
            52.05334401130676
        ],
        "num_classes": [
            2,
            2,
            2,
            3,
            3,
            3,
            3,
            4
        ],
        "test_f1_macro": [
            0.999875314244733,
            0.9996259648526784,
            0.9998441474141864,
            0.8843542954548185,
            0.8678768740300123,
            0.8645210756513392,
            0.8629432193267762,
            0.7576448901780234
        ],
        "test_f1_micro": [
            0.9999033629686896,
            0.9997100889060688,
            0.999879203710862,
            0.9847761335161458,
            0.9801664223913763,
            0.979551794241407,
            0.978180700676091,
            0.9733679000707047
        ],
        "test_f1_weighted": [
            0.9999033572537906,
            0.9997100803351006,
            0.9998791983535755,
            0.9849136942882151,
            0.9816254913007342,
            0.9811636078419367,
            0.9799334470090736,
            0.9759704407702323
        ],
        "cv_class_weights": [
            0.014914870262145996,
            0.014914870262145996,
            0.014914870262145996,
            0.6945561170578003,
            0.6945561170578003,
            0.6945561170578003,
            0.6945561170578003,
            1.2879289388656616
        ],
        "imbalance_ratio": [
            2.7576668841669267,
            2.7576668841669267,
            2.7576668841669267,
            33.36020583190395,
            33.36020583190395,
            33.36020583190395,
            33.36020583190395,
            235.11352657004832
        ],
        "total_training_samples": [
            132454,
            132454,
            132454,
            135364,
            135364,
            135364,
            135364,
            135776
        ],
        "entropy": [
            0.5793640140080556,
            0.5793640140080556,
            0.5793640140080556,
            0.6705127663073001,
            0.6705127663073001,
            0.6705127663073001,
            0.6705127663073001,
            0.6877410771768522
        ],
        "test_precision_macro": [
            0.999934456315134,
            0.9996555116212715,
            0.9998884940604489,
            0.8802567382109524,
            0.8417017627296247,
            0.8377017574761799,
            0.8339013043882867,
            0.7089000516157552
        ],
        "test_recall_macro": [
            0.9998162102554677,
            0.9995964275996414,
            0.9997998221859823,
            0.8886211867811132,
            0.9044546784420741,
            0.9029210242278743,
            0.9054024627238713,
            0.8542898617554681
        ],
        "classification_reports": [
            {
                "0": {
                    "precision": 0.9998689126302681,
                    "recall": 1.0,
                    "f1-score": 0.9999344520188779,
                    "support": 30510.0
                },
                "1": {
                    "precision": 1.0,
                    "recall": 0.9996324205109355,
                    "f1-score": 0.9998161764705882,
                    "support": 10882.0
                },
                "accuracy": 0.9999033629686896,
                "macro avg": {
                    "precision": 0.999934456315134,
                    "recall": 0.9998162102554677,
                    "f1-score": 0.999875314244733,
                    "support": 41392.0
                },
                "weighted avg": {
                    "precision": 0.9999033756365839,
                    "recall": 0.9999033629686896,
                    "f1-score": 0.9999033572537906,
                    "support": 41392.0
                }
            },
            {
                "0": {
                    "precision": 0.9997705820660724,
                    "recall": 0.9998361193051458,
                    "f1-score": 0.9998033496116154,
                    "support": 30510.0
                },
                "1": {
                    "precision": 0.9995404411764706,
                    "recall": 0.9993567358941371,
                    "f1-score": 0.9994485800937414,
                    "support": 10882.0
                },
                "accuracy": 0.9997100889060688,
                "macro avg": {
                    "precision": 0.9996555116212715,
                    "recall": 0.9995964275996414,
                    "f1-score": 0.9996259648526784,
                    "support": 41392.0
                },
                "weighted avg": {
                    "precision": 0.9997100777860026,
                    "recall": 0.9997100889060688,
                    "f1-score": 0.9997100803351006,
                    "support": 41392.0
                }
            },
            {
                "0": {
                    "precision": 0.9998689083341527,
                    "recall": 0.9999672238610292,
                    "f1-score": 0.9999180636809072,
                    "support": 30510.0
                },
                "1": {
                    "precision": 0.9999080797867451,
                    "recall": 0.9996324205109355,
                    "f1-score": 0.9997702311474657,
                    "support": 10882.0
                },
                "accuracy": 0.999879203710862,
                "macro avg": {
                    "precision": 0.9998884940604489,
                    "recall": 0.9997998221859823,
                    "f1-score": 0.9998441474141864,
                    "support": 41392.0
                },
                "weighted avg": {
                    "precision": 0.9998792065499216,
                    "recall": 0.999879203710862,
                    "f1-score": 0.9998791983535755,
                    "support": 41392.0
                }
            },
            {
                "0": {
                    "precision": 0.652127659574468,
                    "recall": 0.6780973451327433,
                    "f1-score": 0.6648590021691974,
                    "support": 904.0
                },
                "1": {
                    "precision": 0.9901045433624828,
                    "recall": 0.988771791588693,
                    "f1-score": 0.9894377186786472,
                    "support": 30459.0
                },
                "2": {
                    "precision": 0.9985380116959064,
                    "recall": 0.9989944236219033,
                    "f1-score": 0.998766165516611,
                    "support": 10939.0
                },
                "accuracy": 0.9847761335161458,
                "macro avg": {
                    "precision": 0.8802567382109524,
                    "recall": 0.8886211867811132,
                    "f1-score": 0.8843542954548185,
                    "support": 42302.0
                },
                "weighted avg": {
                    "precision": 0.9850627630011513,
                    "recall": 0.9847761335161458,
                    "f1-score": 0.9849136942882151,
                    "support": 42302.0
                }
            },
            {
                "0": {
                    "precision": 0.5346774193548387,
                    "recall": 0.7334070796460177,
                    "f1-score": 0.6184701492537313,
                    "support": 904.0
                },
                "1": {
                    "precision": 0.9917981072555205,
                    "recall": 0.9805968679208116,