{
    "AdvancedTabularClassifier": {
        "filter_sizes": [
            12000,
            8000,
            6000,
            4500,
            3500,
            1500,
            1000,
            300
        ],
        "training_time_seconds": [
            48.333274126052856,
            38.86105823516846,
            48.660871744155884,
            45.34508538246155,
            44.126646757125854,
            53.62925124168396,
            53.59993314743042,
            48.78082489967346
        ],
        "num_classes": [
            2,
            2,
            2,
            2,
            4,
            5,
            5,
            5
        ],
        "test_f1_macro": [
            0.8913314687623467,
            0.8857045291563794,
            0.889318523563871,
            0.8884197720619318,
            0.6373075280931206,
            0.5606451003388957,
            0.5462794180811936,
            0.5309256631449804
        ],
        "test_f1_micro": [
            0.9590734162226169,
            0.9604055654233274,
            0.9607509374383264,
            0.9605782514308269,
            0.9356057007125891,
            0.9292953099222249,
            0.929271741692199,
            0.9289653547018619
        ],
        "test_f1_weighted": [
            0.9602862309670236,
            0.9599656246220238,
            0.9607794533720089,
            0.9605339797090224,
            0.9299996007113285,
            0.9264738673102306,
            0.9257398913467636,
            0.9230883415786489
        ],
        "cv_class_weights": [
            0.0,
            0.0,
            0.0,
            0.0,
            0.0,
            0.0,
            0.0,
            0.0
        ],
        "imbalance_ratio": [
            9.474321705426357,
            9.474321705426357,
            9.474321705426357,
            9.474321705426357,
            47.042502004811546,
            110.57964184731385,
            110.57964184731385,
            110.57964184731385
        ],
        "total_training_samples": [
            129714,
            129714,
            129714,
            129714,
            134718,
            135776,
            135776,
            135776
        ],
        "entropy": [
            0.3150175183558238,
            0.3150175183558238,
            0.3150175183558238,
            0.3150175183558238,
            0.4878513770286893,
            0.5297442692876037,
            0.5297442692876037,
            0.5297442692876037
        ],
        "test_precision_macro": [
            0.8698715002020034,
            0.8945304613128928,
            0.8887538924170583,
            0.8892947625262171,
            0.7254028355279392,
            0.6030160936270151,
            0.5765524845977742,
            0.6026608498978705
        ],
        "test_recall_macro": [
            0.9165029410120231,
            0.8773757641629552,
            0.8898853146208557,
            0.88754992487538,
            0.625876895587397,
            0.5404247916133105,
            0.5396579152351795,
            0.526566140003499
        ],
        "classification_reports": [
            {
                "0": {
                    "precision": 0.7548330404217927,
                    "recall": 0.8635335511435034,
                    "f1-score": 0.8055327628648459,
                    "support": 3979.0
                },
                "1": {
                    "precision": 0.9849099599822143,
                    "recall": 0.9694723308805427,
                    "f1-score": 0.9771301746598475,
                    "support": 36557.0
                },
                "accuracy": 0.9590734162226169,
                "macro avg": {
                    "precision": 0.8698715002020034,
                    "recall": 0.9165029410120231,
                    "f1-score": 0.8913314687623467,
                    "support": 40536.0
                },
                "weighted avg": {
                    "precision": 0.9623256876580846,
                    "recall": 0.9590734162226169,
                    "f1-score": 0.9602862309670236,
                    "support": 40536.0
                }
            },
            {
                "0": {
                    "precision": 0.8135235076597993,
                    "recall": 0.7740638351344559,
                    "f1-score": 0.7933032839665164,
                    "support": 3979.0
                },
                "1": {
                    "precision": 0.9755374149659864,
                    "recall": 0.9806876931914544,
                    "f1-score": 0.9781057743462425,
                    "support": 36557.0
                },
                "accuracy": 0.9604055654233274,
                "macro avg": {
                    "precision": 0.8945304613128928,
                    "recall": 0.8773757641629552,
                    "f1-score": 0.8857045291563794,
                    "support": 40536.0
                },
                "weighted avg": {
                    "precision": 0.9596341848206509,
                    "recall": 0.9604055654233274,
                    "f1-score": 0.9599656246220238,
                    "support": 40536.0
                }
            },
            {
                "0": {
                    "precision": 0.7990981963927856,
                    "recall": 0.8017089721035436,
                    "f1-score": 0.8004014552753732,
                    "support": 3979.0
                },
                "1": {
                    "precision": 0.978409588441331,
                    "recall": 0.9780616571381678,
                    "f1-score": 0.9782355918523686,
                    "support": 36557.0
                },
                "accuracy": 0.9607509374383264,
                "macro avg": {
                    "precision": 0.8887538924170583,
                    "recall": 0.8898853146208557,
                    "f1-score": 0.889318523563871,
                    "support": 40536.0
                },
                "weighted avg": {
                    "precision": 0.9608084430653401,
                    "recall": 0.9607509374383264,
                    "f1-score": 0.9607794533720089,
                    "support": 40536.0
                }
            },
            {
                "0": {
                    "precision": 0.8007072493053802,
                    "recall": 0.7966825835637095,
                    "f1-score": 0.798689846308894,
                    "support": 3979.0
                },
                "1": {
                    "precision": 0.9778822757470541,
                    "recall": 0.9784172661870504,
                    "f1-score": 0.9781496978149697,
                    "support": 36557.0
                },
                "accuracy": 0.9605782514308269,
                "macro avg": {
                    "precision": 0.8892947625262171,
                    "recall": 0.88754992487538,
                    "f1-score": 0.8884197720619318,
                    "support": 40536.0
                },
                "weighted avg": {
                    "precision": 0.9604908352938417,
                    "recall": 0.9605782514308269,
                    "f1-score": 0.9605339797090224,
                    "support": 40536.0
                }
            },
            {
                "0": {
                    "precision": 0.6973590292648109,
                    "recall": 0.7394046417759839,
                    "f1-score": 0.71776662177054,
                    "support": 3964.0
                },
                "1": {
                    "precision": 0.9692374232962992,
                    "recall": 0.9806093425226999,
                    "f1-score": 0.9748902211890099,
                    "support": 36564.0
                },
                "2": {
                    "precision": 0.5436241610738255,
                    "recall": 0.10024752475247525,
                    "f1-score": 0.16927899686520376,