{
    "AdvancedTabularClassifier": {
        "filter_sizes": [
            12000,
            8000,
            6000,
            4500,
            3500,
            1500,
            1000,
            300
        ],
        "training_time_seconds": [
            203.55801820755005,
            88.88053917884827,
            319.21733260154724,
            55.014148235321045,
            42.583107471466064,
            53.505106925964355,
            51.87745451927185,
            48.124396085739136
        ],
        "num_classes": [
            2,
            2,
            2,
            3,
            3,
            3,
            3,
            4
        ],
        "test_f1_macro": [
            0.9998441381971388,
            0.9998441474141864,
            0.9998129603054249,
            0.7968453768337752,
            0.7422131575124608,
            0.7679539042408341,
            0.7653091112603665,
            0.6305806828969973
        ],
        "test_f1_micro": [
            0.999879203710862,
            0.999879203710862,
            0.9998550444530344,
            0.9500496430428821,
            0.9070020330008037,
            0.9300978677131105,
            0.9271429246844121,
            0.911006363422107
        ],
        "test_f1_weighted": [
            0.9998791947806135,
            0.9998791983535755,
            0.9998550315924413,
            0.9616886231350729,
            0.9340592454683909,
            0.9493063531102266,
            0.9471509931503438,
            0.9352681686182508
        ],
        "cv_class_weights": [
            0.4677548408508301,
            0.4677548408508301,
            0.4677548408508301,
            1.200628638267517,
            1.200628638267517,
            1.200628638267517,
            1.200628638267517,
            1.4263921976089478
        ],
        "imbalance_ratio": [
            2.7576668841669267,
            2.7576668841669267,
            2.7576668841669267,
            33.36020583190395,
            33.36020583190395,
            33.36020583190395,
            33.36020583190395,
            235.11352657004832
        ],
        "total_training_samples": [
            132454,
            132454,
            132454,
            135364,
            135364,
            135364,
            135364,
            135776
        ],
        "entropy": [
            0.5793640140080556,
            0.5793640140080556,
            0.5793640140080556,
            0.6705127663073001,
            0.6705127663073001,
            0.6705127663073001,
            0.6705127663073001,
            0.6877410771768522
        ],
        "test_precision_macro": [
            0.9999180730788138,
            0.9998884940604489,
            0.9999016909162406,
            0.7595615299189843,
            0.7220999443486349,
            0.7388495956557386,
            0.7365937592800768,
            0.5905415720360743
        ],
        "test_recall_macro": [
            0.9997702628193347,
            0.9997998221859823,
            0.9997243153832016,
            0.9316252676756164,
            0.9271926108227567,
            0.9338122140958407,
            0.9360611905635499,
            0.8956769412257135
        ],
        "classification_reports": [
            {
                "0": {
                    "precision": 0.9998361461576274,
                    "recall": 1.0,
                    "f1-score": 0.9999180663662434,
                    "support": 30510.0
                },
                "1": {
                    "precision": 1.0,
                    "recall": 0.9995405256386694,
                    "f1-score": 0.9997702100280343,
                    "support": 10882.0
                },
                "accuracy": 0.999879203710862,
                "macro avg": {
                    "precision": 0.9999180730788138,
                    "recall": 0.9997702628193347,
                    "f1-score": 0.9998441381971388,
                    "support": 41392.0
                },
                "weighted avg": {
                    "precision": 0.9998792235037981,
                    "recall": 0.999879203710862,
                    "f1-score": 0.9998791947806135,
                    "support": 41392.0
                }
            },
            {
                "0": {
                    "precision": 0.9998689083341527,
                    "recall": 0.9999672238610292,
                    "f1-score": 0.9999180636809072,
                    "support": 30510.0
                },
                "1": {
                    "precision": 0.9999080797867451,
                    "recall": 0.9996324205109355,
                    "f1-score": 0.9997702311474657,
                    "support": 10882.0
                },
                "accuracy": 0.999879203710862,
                "macro avg": {
                    "precision": 0.9998884940604489,
                    "recall": 0.9997998221859823,
                    "f1-score": 0.9998441474141864,
                    "support": 41392.0
                },
                "weighted avg": {
                    "precision": 0.9998792065499216,
                    "recall": 0.999879203710862,
                    "f1-score": 0.9998791983535755,
                    "support": 41392.0
                }
            },
            {
                "0": {
                    "precision": 0.9998033818324813,
                    "recall": 1.0,
                    "f1-score": 0.9999016812506145,
                    "support": 30510.0
                },
                "1": {
                    "precision": 1.0,
                    "recall": 0.9994486307664032,
                    "f1-score": 0.9997242393602354,
                    "support": 10882.0
                },
                "accuracy": 0.9998550444530344,
                "macro avg": {
                    "precision": 0.9999016909162406,
                    "recall": 0.9997243153832016,
                    "f1-score": 0.9998129603054249,
                    "support": 41392.0
                },
                "weighted avg": {
                    "precision": 0.9998550729539284,
                    "recall": 0.9998550444530344,
                    "f1-score": 0.9998550315924413,
                    "support": 41392.0
                }
            },
            {
                "0": {
                    "precision": 0.28451424397370345,
                    "recall": 0.8617256637168141,
                    "f1-score": 0.42778693025809994,
                    "support": 904.0
                },
                "1": {
                    "precision": 0.9949029465158498,
                    "recall": 0.9356183722380905,
                    "f1-score": 0.9643503713855472,
                    "support": 30459.0
                },
                "2": {
                    "precision": 0.9992673992673993,
                    "recall": 0.9975317670719445,
                    "f1-score": 0.9983988288576787,
                    "support": 10939.0
                },
                "accuracy": 0.9500496430428821,
                "macro avg": {
                    "precision": 0.7595615299189843,
                    "recall": 0.9316252676756164,
                    "f1-score": 0.7968453768337752,
                    "support": 42302.0
                },
                "weighted avg": {
                    "precision": 0.9808504516350192,
                    "recall": 0.9500496430428821,
                    "f1-score": 0.9616886231350729,
                    "support": 42302.0
                }
            },
            {
                "0": {
                    "precision": 0.18047922620356122,
                    "recall": 0.9081858407079646,
                    "f1-score": 0.3011186502842472,
                    "support": 904.0
                },
                "1": {
                    "precision": 0.9968533433227196,
                    "recall": 0.873666239863423,