{
    "TabNet": {
        "filter_sizes": [
            12000,
            8000,
            6000,
            4500,
            3500,
            1500,
            1000,
            300
        ],
        "training_time_seconds": [
            866.4202086925507,
            766.2686488628387,
            802.612871170044,
            1094.0220987796783,
            1163.4439237117767,
            1182.690831899643,
            1165.9337191581726,
            932.4402270317078
        ],
        "num_classes": [
            2,
            2,
            2,
            3,
            3,
            3,
            3,
            4
        ],
        "test_f1_macro": [
            0.9998755420495988,
            0.9998755420495988,
            0.9998755420495988,
            0.8765646602603016,
            0.8765646602603016,
            0.8765646602603016,
            0.8765646602603016,
            0.805013606086983
        ],
        "test_f1_micro": [
            0.9999033629686896,
            0.9999033629686896,
            0.9999033629686896,
            0.9835232376719777,
            0.9835232376719777,
            0.9835232376719777,
            0.9835232376719777,
            0.9797784586377563
        ],
        "test_f1_weighted": [
            0.9999033629686896,
            0.9999033629686896,
            0.9999033629686896,
            0.9841271269217013,
            0.9841271269217013,
            0.9841271269217013,
            0.9841271269217013,
            0.9805861556327264
        ],
        "cv_class_weights": [
            0.46810213357090014,
            0.46810213357090014,
            0.46810213357090014,
            0.8690060485112061,
            0.8690060485112061,
            0.8690060485112061,
            0.8690060485112061,
            1.1515808632037638
        ],
        "total_training_samples": [
            132454,
            132454,
            132454,
            135364,
            135364,
            135364,
            135364,
            135776
        ],
        "imbalance_ratio": [
            2.7601203656390165,
            2.7601203656390165,
            2.7601203656390165,
            33.302667578659374,
            33.302667578659374,
            33.302667578659374,
            33.302667578659374,
            235.78208232445522
        ],
        "entropy": [
            0.5791877937277327,
            0.5791877937277327,
            0.5791877937277327,
            0.6696847299531715,
            0.6696847299531715,
            0.6696847299531715,
            0.6696847299531715,
            0.6882454437129856
        ],
        "test_precision_macro": [
            0.9998755420495988,
            0.9998755420495988,
            0.9998755420495988,
            0.8623225561774345,
            0.8623225561774345,
            0.8623225561774345,
            0.8623225561774345,
            0.767892362413384
        ],
        "test_recall_macro": [
            0.9998755420495988,
            0.9998755420495988,
            0.9998755420495988,
            0.8932980107320839,
            0.8932980107320839,
            0.8932980107320839,
            0.8932980107320839,
            0.8626921557832522
        ],
        "classification_reports": [
            {
                "0": {
                    "precision": 0.9999343853548112,
                    "recall": 0.9999343853548112,
                    "f1-score": 0.9999343853548112,
                    "support": 30481.0
                },
                "1": {
                    "precision": 0.9998166987443864,
                    "recall": 0.9998166987443864,
                    "f1-score": 0.9998166987443864,
                    "support": 10911.0
                },
                "accuracy": 0.9999033629686896,
                "macro avg": {
                    "precision": 0.9998755420495988,
                    "recall": 0.9998755420495988,
                    "f1-score": 0.9998755420495988,
                    "support": 41392.0
                },
                "weighted avg": {
                    "precision": 0.9999033629686896,
                    "recall": 0.9999033629686896,
                    "f1-score": 0.9999033629686896,
                    "support": 41392.0
                }
            },
            {
                "0": {
                    "precision": 0.9999343853548112,
                    "recall": 0.9999343853548112,
                    "f1-score": 0.9999343853548112,
                    "support": 30481.0
                },
                "1": {
                    "precision": 0.9998166987443864,
                    "recall": 0.9998166987443864,
                    "f1-score": 0.9998166987443864,
                    "support": 10911.0
                },
                "accuracy": 0.9999033629686896,
                "macro avg": {
                    "precision": 0.9998755420495988,
                    "recall": 0.9998755420495988,
                    "f1-score": 0.9998755420495988,
                    "support": 41392.0
                },
                "weighted avg": {
                    "precision": 0.9999033629686896,
                    "recall": 0.9999033629686896,
                    "f1-score": 0.9999033629686896,
                    "support": 41392.0
                }
            },
            {
                "0": {
                    "precision": 0.9999343853548112,
                    "recall": 0.9999343853548112,
                    "f1-score": 0.9999343853548112,
                    "support": 30481.0
                },
                "1": {
                    "precision": 0.9998166987443864,
                    "recall": 0.9998166987443864,
                    "f1-score": 0.9998166987443864,
                    "support": 10911.0
                },
                "accuracy": 0.9999033629686896,
                "macro avg": {
                    "precision": 0.9998755420495988,
                    "recall": 0.9998755420495988,
                    "f1-score": 0.9998755420495988,
                    "support": 41392.0
                },
                "weighted avg": {
                    "precision": 0.9999033629686896,
                    "recall": 0.9999033629686896,
                    "f1-score": 0.9999033629686896,
                    "support": 41392.0
                }
            },
            {
                "0": {
                    "precision": 0.5961538461538461,
                    "recall": 0.6942889137737962,
                    "f1-score": 0.6414899120538023,
                    "support": 893.0
                },
                "1": {
                    "precision": 0.9908138223784573,
                    "recall": 0.9862348979996038,
                    "f1-score": 0.988519057702488,
                    "support": 30294.0
                },
                "2": {
                    "precision": 1.0,
                    "recall": 0.999370220422852,
                    "f1-score": 0.9996850110246142,
                    "support": 11115.0
                },
                "accuracy": 0.9835232376719777,
                "macro avg": {
                    "precision": 0.8623225561774345,
                    "recall": 0.8932980107320839,
                    "f1-score": 0.8765646602603016,
                    "support": 42302.0
                },
                "weighted avg": {
                    "precision": 0.9848962063199936,
                    "recall": 0.9835232376719777,
                    "f1-score": 0.9841271269217013,
                    "support": 42302.0
                }
            },
            {
                "0": {
                    "precision": 0.5961538461538461,
                    "recall": 0.6942889137737962,
                    "f1-score": 0.6414899120538023,
                    "support": 893.0
                },
                "1": {
                    "precision": 0.9908138223784573,
                    "recall": 0.9862348979996038,