{
    "TabICLClassifier": {
        "filter_sizes": [
            12000,
            8000,
            6000,
            4500,
            3500,
            1500,
            1000,
            300
        ],
        "training_time_seconds": [
            50.43589663505554,
            49.514894008636475,
            50.03462290763855,
            50.70489144325256,
            49.65538835525513,
            51.103318214416504,
            50.93307137489319,
            50.839847564697266
        ],
        "num_classes": [
            2,
            2,
            2,
            2,
            4,
            5,
            5,
            5
        ],
        "test_f1_macro": [
            0.9281477403638065,
            0.9281477403638065,
            0.9281477403638065,
            0.9281477403638065,
            0.7584505332487037,
            0.6759409327888629,
            0.6759409327888629,
            0.6759409327888629
        ],
        "test_f1_micro": [
            0.9744178014604302,
            0.9744178014604302,
            0.9744178014604302,
            0.9744178014604302,
            0.9545130641330166,
            0.9473485741220834,
            0.9473485741220834,
            0.9473485741220834
        ],
        "test_f1_weighted": [
            0.9748345719698621,
            0.9748345719698621,
            0.9748345719698621,
            0.9748345719698621,
            0.954419249065055,
            0.9467135346327218,
            0.9467135346327218,
            0.9467135346327218
        ],
        "cv_class_weights": [
            0.807545831598748,
            0.807545831598748,
            0.807545831598748,
            0.807545831598748,
            1.4370262327110204,
            1.665491954571874,
            1.665491954571874,
            1.665491954571874
        ],
        "imbalance_ratio": [
            9.39208460182663,
            9.39208460182663,
            9.39208460182663,
            9.39208460182663,
            47.37631366208569,
            111.76358436606291,
            111.76358436606291,
            111.76358436606291
        ],
        "total_training_samples": [
            129714,
            129714,
            129714,
            129714,
            134718,
            135776,
            135776,
            135776
        ],
        "entropy": [
            0.4569203407890926,
            0.4569203407890926,
            0.4569203407890926,
            0.4569203407890926,
            0.35334986052434914,
            0.3300115206588394,
            0.3300115206588394,
            0.3300115206588394
        ],
        "test_precision_macro": [
            0.9147676618638574,
            0.9147676618638574,
            0.9147676618638574,
            0.9147676618638574,
            0.7653848031389648,
            0.7076797571635102,
            0.7076797571635102,
            0.7076797571635102
        ],
        "test_recall_macro": [
            0.9427108590661926,
            0.9427108590661926,
            0.9427108590661926,
            0.9427108590661926,
            0.7592712247837562,
            0.6657892435655801,
            0.6657892435655801,
            0.6657892435655801
        ],
        "classification_reports": [
            {
                "0": {
                    "precision": 0.8397590361445784,
                    "recall": 0.9035519834067929,
                    "f1-score": 0.8704883227176221,
                    "support": 3857.0
                },
                "1": {
                    "precision": 0.9897762875831364,
                    "recall": 0.9818697347255922,
                    "f1-score": 0.9858071580099911,
                    "support": 36679.0
                },
                "accuracy": 0.9744178014604302,
                "macro avg": {
                    "precision": 0.9147676618638574,
                    "recall": 0.9427108590661926,
                    "f1-score": 0.9281477403638065,
                    "support": 40536.0
                },
                "weighted avg": {
                    "precision": 0.9755021475890937,
                    "recall": 0.9744178014604302,
                    "f1-score": 0.9748345719698621,
                    "support": 40536.0
                }
            },
            {
                "0": {
                    "precision": 0.8397590361445784,
                    "recall": 0.9035519834067929,
                    "f1-score": 0.8704883227176221,
                    "support": 3857.0
                },
                "1": {
                    "precision": 0.9897762875831364,
                    "recall": 0.9818697347255922,
                    "f1-score": 0.9858071580099911,
                    "support": 36679.0
                },
                "accuracy": 0.9744178014604302,
                "macro avg": {
                    "precision": 0.9147676618638574,
                    "recall": 0.9427108590661926,
                    "f1-score": 0.9281477403638065,
                    "support": 40536.0
                },
                "weighted avg": {
                    "precision": 0.9755021475890937,
                    "recall": 0.9744178014604302,
                    "f1-score": 0.9748345719698621,
                    "support": 40536.0
                }
            },
            {
                "0": {
                    "precision": 0.8397590361445784,
                    "recall": 0.9035519834067929,
                    "f1-score": 0.8704883227176221,
                    "support": 3857.0
                },
                "1": {
                    "precision": 0.9897762875831364,
                    "recall": 0.9818697347255922,
                    "f1-score": 0.9858071580099911,
                    "support": 36679.0
                },
                "accuracy": 0.9744178014604302,
                "macro avg": {
                    "precision": 0.9147676618638574,
                    "recall": 0.9427108590661926,
                    "f1-score": 0.9281477403638065,
                    "support": 40536.0
                },
                "weighted avg": {
                    "precision": 0.9755021475890937,
                    "recall": 0.9744178014604302,
                    "f1-score": 0.9748345719698621,
                    "support": 40536.0
                }
            },
            {
                "0": {
                    "precision": 0.8397590361445784,
                    "recall": 0.9035519834067929,
                    "f1-score": 0.8704883227176221,
                    "support": 3857.0
                },
                "1": {
                    "precision": 0.9897762875831364,
                    "recall": 0.9818697347255922,
                    "f1-score": 0.9858071580099911,
                    "support": 36679.0
                },
                "accuracy": 0.9744178014604302,
                "macro avg": {
                    "precision": 0.9147676618638574,
                    "recall": 0.9427108590661926,
                    "f1-score": 0.9281477403638065,
                    "support": 40536.0
                },
                "weighted avg": {
                    "precision": 0.9755021475890937,
                    "recall": 0.9744178014604302,
                    "f1-score": 0.9748345719698621,
                    "support": 40536.0
                }
            },
            {
                "0": {
                    "precision": 0.7674858223062382,
                    "recall": 0.8482632541133455,
                    "f1-score": 0.8058553529338792,
                    "support": 3829.0
                },
                "1": {
                    "precision": 0.9876241699138357,
                    "recall": 0.9804407638453785,
                    "f1-score": 0.984019357219997,
                    "support": 36709.0
                },
                "2": {
                    "precision": 0.6028119507908611,