{
    "TabNet": {
        "filter_sizes": [
            12000,
            8000,
            6000,
            4500,
            3500,
            1500,
            1000,
            300
        ],
        "training_time_seconds": [
            2253.277811765671,
            1352.460499048233,
            1171.8204896450043,
            1256.6474661827087,
            1232.5525827407837,
            1156.9133274555206,
            1211.4259293079376,
            1221.7184007167816
        ],
        "num_classes": [
            2,
            3,
            4,
            4,
            4,
            4,
            4,
            4
        ],
        "test_f1_macro": [
            0.7234054900105198,
            0.5949419026731665,
            0.465978981283679,
            0.465978981283679,
            0.465978981283679,
            0.465978981283679,
            0.465978981283679,
            0.465978981283679
        ],
        "test_f1_micro": [
            0.7298665558959447,
            0.6727753174622593,
            0.5829837379212821,
            0.5829837379212821,
            0.5829837379212821,
            0.5829837379212821,
            0.5829837379212821,
            0.5829837379212821
        ],
        "test_f1_weighted": [
            0.7334235993025462,
            0.6710260235849952,
            0.6149566949541938,
            0.6149566949541938,
            0.6149566949541938,
            0.6149566949541938,
            0.6149566949541938,
            0.6149566949541938
        ],
        "cv_class_weights": [
            0.23963133990764618,
            0.9795717000961304,
            0.8511696457862854,
            0.8511696457862854,
            0.8511696457862854,
            0.8511696457862854,
            0.8511696457862854,
            0.8511696457862854
        ],
        "total_training_samples": [
            123256,
            130785,
            135776,
            135776,
            135776,
            135776,
            135776,
            135776
        ],
        "imbalance_ratio": [
            1.6303030303030304,
            10.149083178315173,
            15.143963463065925,
            15.143963463065925,
            15.143963463065925,
            15.143963463065925,
            15.143963463065925,
            15.143963463065925
        ],
        "entropy": [
            0.664154293762869,
            0.8461527748831521,
            0.9736189371257586,
            0.9736189371257586,
            0.9736189371257586,
            0.9736189371257586,
            0.9736189371257586,
            0.9736189371257586
        ],
        "test_precision_macro": [
            0.7227781585955735,
            0.5760541940066194,
            0.4674304088794272,
            0.4674304088794272,
            0.4674304088794272,
            0.4674304088794272,
            0.4674304088794272,
            0.4674304088794272
        ],
        "test_recall_macro": [
            0.7349198624419001,
            0.6602969779571317,
            0.5252759278833352,
            0.5252759278833352,
            0.5252759278833352,
            0.5252759278833352,
            0.5252759278833352,
            0.5252759278833352
        ],
        "classification_reports": [
            {
                "0": {
                    "precision": 0.6195918822479929,
                    "recall": 0.7562436202790065,
                    "f1-score": 0.6811314394287641,
                    "support": 14695.0
                },
                "1": {
                    "precision": 0.8259644349431542,
                    "recall": 0.7135961046047937,
                    "f1-score": 0.7656795405922756,
                    "support": 23823.0
                },
                "accuracy": 0.7298665558959447,
                "macro avg": {
                    "precision": 0.7227781585955735,
                    "recall": 0.7349198624419001,
                    "f1-score": 0.7234054900105198,
                    "support": 38518.0
                },
                "weighted avg": {
                    "precision": 0.7472312540444732,
                    "recall": 0.7298665558959447,
                    "f1-score": 0.7334235993025462,
                    "support": 38518.0
                }
            },
            {
                "0": {
                    "precision": 0.6068800425569643,
                    "recall": 0.46650310093368774,
                    "f1-score": 0.5275123304562269,
                    "support": 14673.0
                },
                "1": {
                    "precision": 0.3590177815410669,
                    "recall": 0.719253604749788,
                    "f1-score": 0.47896074555210394,
                    "support": 2358.0
                },
                "2": {
                    "precision": 0.7622647579218272,
                    "recall": 0.7951342281879195,
                    "f1-score": 0.7783526320111686,
                    "support": 23840.0
                },
                "accuracy": 0.6727753174622593,
                "macro avg": {
                    "precision": 0.5760541940066194,
                    "recall": 0.6602969779571317,
                    "f1-score": 0.5949419026731665,
                    "support": 40871.0
                },
                "weighted avg": {
                    "precision": 0.6832156448868032,
                    "recall": 0.6727753174622593,
                    "f1-score": 0.6710260235849952,
                    "support": 40871.0
                }
            },
            {
                "0": {
                    "precision": 0.5344923837626605,
                    "recall": 0.45982847341337907,
                    "f1-score": 0.4943571586634211,
                    "support": 14575.0
                },
                "1": {
                    "precision": 0.09530064214827788,
                    "recall": 0.4347536617842876,
                    "f1-score": 0.15633229590615275,
                    "support": 1502.0
                },
                "2": {
                    "precision": 0.44092018124782156,
                    "recall": 0.5346576500422654,
                    "f1-score": 0.48328557784145176,
                    "support": 2366.0
                },
                "3": {
                    "precision": 0.7990084283589489,
                    "recall": 0.671863926293409,
                    "f1-score": 0.7299408927236904,
                    "support": 23987.0
                },
                "accuracy": 0.5829837379212821,
                "macro avg": {
                    "precision": 0.4674304088794272,
                    "recall": 0.5252759278833352,
                    "f1-score": 0.465978981283679,
                    "support": 42430.0
                },
                "weighted avg": {
                    "precision": 0.6632665655839252,
                    "recall": 0.5829837379212821,
                    "f1-score": 0.6149566949541938,
                    "support": 42430.0
                }
            },
            {
                "0": {
                    "precision": 0.5344923837626605,
                    "recall": 0.45982847341337907,
                    "f1-score": 0.4943571586634211,
                    "support": 14575.0
                },
                "1": {
                    "precision": 0.09530064214827788,
                    "recall": 0.4347536617842876,
                    "f1-score": 0.15633229590615275,
                    "support": 1502.0
                },
                "2": {
                    "precision": 0.44092018124782156,
                    "recall": 0.5346576500422654,
                    "f1-score": 0.48328557784145176,
                    "support": 2366.0
                },
                "3": {
                    "precision": 0.7990084283589489,
                    "recall": 0.671863926293409,
                    "f1-score": 0.7299408927236904,