{
    "TabNet": {
        "filter_sizes": [
            12000,
            8000
        ],
        "training_time_seconds": [
            2419.349999189377,
            2374.6189675331116
        ],
        "num_classes": [
            4,
            4
        ],
        "test_f1_macro": [
            0.41734530598333375,
            0.41734530598333375
        ],
        "test_f1_micro": [
            0.641387740240826,
            0.641387740240826
        ],
        "test_f1_weighted": [
            0.5738790365824834,
            0.5738790365824834
        ],
        "cv_class_weights": [
            0.0,
            0.0
        ],
        "total_training_samples": [
            123041,
            123041
        ],
        "imbalance_ratio": [
            5.910323253388947,
            5.910323253388947
        ],
        "entropy": [
            1.0924705410771955,
            1.0924705410771955
        ],
        "test_precision_macro": [
            0.606471372820979,
            0.606471372820979
        ],
        "test_recall_macro": [
            0.3996184304348196,
            0.3996184304348196
        ],
        "classification_reports": [
            {
                "0": {
                    "precision": 0.6943426943426944,
                    "recall": 0.42885872297637,
                    "f1-score": 0.5302253302253302,
                    "support": 3978.0
                },
                "1": {
                    "precision": 0.6464344039194339,
                    "recall": 0.9326730081158915,
                    "f1-score": 0.7636110317233495,
                    "support": 22918.0
                },
                "2": {
                    "precision": 0.54627539503386,
                    "recall": 0.062114989733059546,
                    "f1-score": 0.1115464392717216,
                    "support": 3896.0
                },
                "3": {
                    "precision": 0.5388329979879276,
                    "recall": 0.17482700091395745,
                    "f1-score": 0.2639984227129338,
                    "support": 7659.0
                },
                "accuracy": 0.641387740240826,
                "macro avg": {
                    "precision": 0.606471372820979,
                    "recall": 0.3996184304348196,
                    "f1-score": 0.41734530598333375,
                    "support": 38451.0
                },
                "weighted avg": {
                    "precision": 0.6198093619870038,
                    "recall": 0.641387740240826,
                    "f1-score": 0.5738790365824834,
                    "support": 38451.0
                }
            },
            {
                "0": {
                    "precision": 0.6943426943426944,
                    "recall": 0.42885872297637,
                    "f1-score": 0.5302253302253302,
                    "support": 3978.0
                },
                "1": {
                    "precision": 0.6464344039194339,
                    "recall": 0.9326730081158915,
                    "f1-score": 0.7636110317233495,
                    "support": 22918.0
                },
                "2": {
                    "precision": 0.54627539503386,
                    "recall": 0.062114989733059546,
                    "f1-score": 0.1115464392717216,
                    "support": 3896.0
                },
                "3": {
                    "precision": 0.5388329979879276,
                    "recall": 0.17482700091395745,
                    "f1-score": 0.2639984227129338,
                    "support": 7659.0
                },
                "accuracy": 0.641387740240826,
                "macro avg": {
                    "precision": 0.606471372820979,
                    "recall": 0.3996184304348196,
                    "f1-score": 0.41734530598333375,
                    "support": 38451.0
                },
                "weighted avg": {
                    "precision": 0.6198093619870038,
                    "recall": 0.641387740240826,
                    "f1-score": 0.5738790365824834,
                    "support": 38451.0
                }
            }
        ],
        "confusion_matrices": [
            [
                [
                    1706,
                    2118,
                    2,
                    152
                ],
                [
                    504,
                    21375,
                    142,
                    897
                ],
                [
                    40,
                    3517,
                    242,
                    97
                ],
                [
                    207,
                    6056,
                    57,
                    1339
                ]
            ],
            [
                [
                    1706,
                    2118,
                    2,
                    152
                ],
                [
                    504,
                    21375,
                    142,
                    897
                ],
                [
                    40,
                    3517,
                    242,
                    97
                ],
                [
                    207,
                    6056,
                    57,
                    1339
                ]
            ]
        ]
    }
}