{
    "TabNet": {
        "filter_sizes": [
            12000,
            8000,
            6000,
            4500,
            3500,
            1500,
            1000,
            300
        ],
        "training_time_seconds": [
            834.5562469959259,
            804.1966707706451,
            730.6696553230286,
            1243.9512221813202,
            1293.7920806407928,
            1234.4787373542786,
            1173.7917897701263,
            1054.8201203346252
        ],
        "num_classes": [
            2,
            2,
            2,
            3,
            3,
            3,
            3,
            4
        ],
        "test_f1_macro": [
            0.9999691423747874,
            0.9999691423747874,
            0.9999691423747874,
            0.8012590827617752,
            0.8012590827617752,
            0.8012590827617752,
            0.8012590827617752,
            0.7086630917473562
        ],
        "test_f1_micro": [
            0.9999758407421724,
            0.9999758407421724,
            0.9999758407421724,
            0.9521535624793154,
            0.9521535624793154,
            0.9521535624793154,
            0.9521535624793154,
            0.9589441432948386
        ],
        "test_f1_weighted": [
            0.9999758403948368,
            0.9999758403948368,
            0.9999758403948368,
            0.9631480204942824,
            0.9631480204942824,
            0.9631480204942824,
            0.9631480204942824,
            0.965692236100723
        ],
        "cv_class_weights": [
            0.46982348588944084,
            0.46982348588944084,
            0.46982348588944084,
            0.8676793902517999,
            0.8676793902517999,
            0.8676793902517999,
            0.8676793902517999,
            1.1499011785704858
        ],
        "total_training_samples": [
            132454,
            132454,
            132454,
            135364,
            135364,
            135364,
            135364,
            135776
        ],
        "imbalance_ratio": [
            2.7723285486443383,
            2.7723285486443383,
            2.7723285486443383,
            33.478141135972464,
            33.478141135972464,
            33.478141135972464,
            33.478141135972464,
            237.7041564792176
        ],
        "entropy": [
            0.5783120727919063,
            0.5783120727919063,
            0.5783120727919063,
            0.6702610364042936,
            0.6702610364042936,
            0.6702610364042936,
            0.6702610364042936,
            0.6888877997856493
        ],
        "test_precision_macro": [
            0.9999835195622796,
            0.9999835195622796,
            0.9999835195622796,
            0.7631049528690109,
            0.7631049528690109,
            0.7631049528690109,
            0.7631049528690109,
            0.6944747604576931
        ],
        "test_recall_macro": [
            0.9999547675049756,
            0.9999547675049756,
            0.9999547675049756,
            0.9323426784634691,
            0.9323426784634691,
            0.9323426784634691,
            0.9323426784634691,
            0.7703856180378632
        ],
        "classification_reports": [
            {
                "0": {
                    "precision": 0.9999670391245592,
                    "recall": 1.0,
                    "f1-score": 0.9999835192906703,
                    "support": 30338.0
                },
                "1": {
                    "precision": 1.0,
                    "recall": 0.9999095350099512,
                    "f1-score": 0.9999547654589044,
                    "support": 11054.0
                },
                "accuracy": 0.9999758407421724,
                "macro avg": {
                    "precision": 0.9999835195622796,
                    "recall": 0.9999547675049756,
                    "f1-score": 0.9999691423747874,
                    "support": 41392.0
                },
                "weighted avg": {
                    "precision": 0.9999758415384826,
                    "recall": 0.9999758407421724,
                    "f1-score": 0.9999758403948368,
                    "support": 41392.0
                }
            },
            {
                "0": {
                    "precision": 0.9999670391245592,
                    "recall": 1.0,
                    "f1-score": 0.9999835192906703,
                    "support": 30338.0
                },
                "1": {
                    "precision": 1.0,
                    "recall": 0.9999095350099512,
                    "f1-score": 0.9999547654589044,
                    "support": 11054.0
                },
                "accuracy": 0.9999758407421724,
                "macro avg": {
                    "precision": 0.9999835195622796,
                    "recall": 0.9999547675049756,
                    "f1-score": 0.9999691423747874,
                    "support": 41392.0
                },
                "weighted avg": {
                    "precision": 0.9999758415384826,
                    "recall": 0.9999758407421724,
                    "f1-score": 0.9999758403948368,
                    "support": 41392.0
                }
            },
            {
                "0": {
                    "precision": 0.9999670391245592,
                    "recall": 1.0,
                    "f1-score": 0.9999835192906703,
                    "support": 30338.0
                },
                "1": {
                    "precision": 1.0,
                    "recall": 0.9999095350099512,
                    "f1-score": 0.9999547654589044,
                    "support": 11054.0
                },
                "accuracy": 0.9999758407421724,
                "macro avg": {
                    "precision": 0.9999835195622796,
                    "recall": 0.9999547675049756,
                    "f1-score": 0.9999691423747874,
                    "support": 41392.0
                },
                "weighted avg": {
                    "precision": 0.9999758415384826,
                    "recall": 0.9999758407421724,
                    "f1-score": 0.9999758403948368,
                    "support": 41392.0
                }
            },
            {
                "0": {
                    "precision": 0.29402985074626864,
                    "recall": 0.8593238822246456,
                    "f1-score": 0.43814289685849317,
                    "support": 917.0
                },
                "1": {
                    "precision": 0.9954678566448194,
                    "recall": 0.9377955859169732,
                    "f1-score": 0.9657714942839748,
                    "support": 30448.0
                },
                "2": {
                    "precision": 0.9998171512159444,
                    "recall": 0.9999085672487885,
                    "f1-score": 0.9998628571428572,
                    "support": 10937.0
                },
                "accuracy": 0.9521535624793154,
                "macro avg": {
                    "precision": 0.7631049528690109,
                    "recall": 0.9323426784634691,
                    "f1-score": 0.8012590827617752,
                    "support": 42302.0
                },
                "weighted avg": {
                    "precision": 0.9813869522742322,
                    "recall": 0.9521535624793154,
                    "f1-score": 0.9631480204942824,
                    "support": 42302.0
                }
            },
            {
                "0": {
                    "precision": 0.29402985074626864,
                    "recall": 0.8593238822246456,
                    "f1-score": 0.43814289685849317,
                    "support": 917.0
                },
                "1": {
                    "precision": 0.9954678566448194,
                    "recall": 0.9377955859169732,
                    "f1-score": 0.9657714942839748,