{
    "TabNet": {
        "filter_sizes": [
            12000,
            8000,
            6000,
            4500,
            3500,
            1500,
            1000,
            300
        ],
        "training_time_seconds": [
            2460.2839498519897,
            1910.6011807918549,
            2189.35627245903,
            2149.5803303718567,
            2160.118406534195,
            2121.9230012893677,
            2073.828035593033,
            2003.0997734069824
        ],
        "num_classes": [
            2,
            3,
            4,
            4,
            4,
            4,
            4,
            4
        ],
        "test_f1_macro": [
            0.7136757399773856,
            0.6475495187601159,
            0.486427322445751,
            0.486427322445751,
            0.486427322445751,
            0.486427322445751,
            0.486427322445751,
            0.486427322445751
        ],
        "test_f1_micro": [
            0.7432109663014694,
            0.7129994372537986,
            0.6799905727079897,
            0.6799905727079897,
            0.6799905727079897,
            0.6799905727079897,
            0.6799905727079897,
            0.6799905727079897
        ],
        "test_f1_weighted": [
            0.735912511295995,
            0.7036946323232944,
            0.6620310976494485,
            0.6620310976494485,
            0.6620310976494485,
            0.6620310976494485,
            0.6620310976494485,
            0.6620310976494485
        ],
        "cv_class_weights": [
            0.0043554604053497314,
            0.32045307755470276,
            0.4028843939304352,
            0.4028843939304352,
            0.4028843939304352,
            0.4028843939304352,
            0.4028843939304352,
            0.4028843939304352
        ],
        "total_training_samples": [
            123256,
            130785,
            135776,
            135776,
            135776,
            135776,
            135776,
            135776
        ],
        "imbalance_ratio": [
            1.6261558784676353,
            10.128480509148767,
            15.292785571142284,
            15.292785571142284,
            15.292785571142284,
            15.292785571142284,
            15.292785571142284,
            15.292785571142284
        ],
        "entropy": [
            0.6644469726364333,
            0.8463502448999729,
            0.972979641872863,
            0.972979641872863,
            0.972979641872863,
            0.972979641872863,
            0.972979641872863,
            0.972979641872863
        ],
        "test_precision_macro": [
            0.7320049610266636,
            0.6905644808630966,
            0.5408863958359211,
            0.5408863958359211,
            0.5408863958359211,
            0.5408863958359211,
            0.5408863958359211,
            0.5408863958359211
        ],
        "test_recall_macro": [
            0.7068805072650868,
            0.6217323172316347,
            0.4693267752891931,
            0.4693267752891931,
            0.4693267752891931,
            0.4693267752891931,
            0.4693267752891931,
            0.4693267752891931
        ],
        "classification_reports": [
            {
                "0": {
                    "precision": 0.7040277176266783,
                    "recall": 0.5566360772496918,
                    "f1-score": 0.6217156843997399,
                    "support": 14602.0
                },
                "1": {
                    "precision": 0.7599822044266489,
                    "recall": 0.8571249372804817,
                    "f1-score": 0.8056357955550315,
                    "support": 23916.0
                },
                "accuracy": 0.7432109663014694,
                "macro avg": {
                    "precision": 0.7320049610266636,
                    "recall": 0.7068805072650868,
                    "f1-score": 0.7136757399773856,
                    "support": 38518.0
                },
                "weighted avg": {
                    "precision": 0.7387701109572794,
                    "recall": 0.7432109663014694,
                    "f1-score": 0.735912511295995,
                    "support": 38518.0
                }
            },
            {
                "0": {
                    "precision": 0.6439852150537635,
                    "recall": 0.5213901924777257,
                    "f1-score": 0.5762393355132108,
                    "support": 14703.0
                },
                "1": {
                    "precision": 0.6827380952380953,
                    "recall": 0.49080017115960634,
                    "f1-score": 0.5710729400049789,
                    "support": 2337.0
                },
                "2": {
                    "precision": 0.744970132297431,
                    "recall": 0.8530065880575721,
                    "f1-score": 0.7953362807621581,
                    "support": 23831.0
                },
                "accuracy": 0.7129994372537986,
                "macro avg": {
                    "precision": 0.6905644808630966,
                    "recall": 0.6217323172316347,
                    "f1-score": 0.6475495187601159,
                    "support": 40871.0
                },
                "weighted avg": {
                    "precision": 0.7050832318339896,
                    "recall": 0.7129994372537986,
                    "f1-score": 0.7036946323232944,
                    "support": 40871.0
                }
            },
            {
                "0": {
                    "precision": 0.5969612808364646,
                    "recall": 0.5005136634477091,
                    "f1-score": 0.5444994970755876,
                    "support": 14601.0
                },
                "1": {
                    "precision": 0.2430939226519337,
                    "recall": 0.05641025641025641,
                    "f1-score": 0.09157127991675339,
                    "support": 1560.0
                },
                "2": {
                    "precision": 0.5959869848156182,
                    "recall": 0.46965811965811965,
                    "f1-score": 0.5253346080305927,
                    "support": 2340.0
                },
                "3": {
                    "precision": 0.7275033950396683,
                    "recall": 0.8507250616406871,
                    "f1-score": 0.7843039047600702,
                    "support": 23929.0
                },
                "accuracy": 0.6799905727079897,
                "macro avg": {
                    "precision": 0.5408863958359211,
                    "recall": 0.4693267752891931,
                    "f1-score": 0.486427322445751,
                    "support": 42430.0
                },
                "weighted avg": {
                    "precision": 0.6575181820693614,
                    "recall": 0.6799905727079897,
                    "f1-score": 0.6620310976494485,
                    "support": 42430.0
                }
            },
            {
                "0": {
                    "precision": 0.5969612808364646,
                    "recall": 0.5005136634477091,
                    "f1-score": 0.5444994970755876,
                    "support": 14601.0
                },
                "1": {
                    "precision": 0.2430939226519337,
                    "recall": 0.05641025641025641,
                    "f1-score": 0.09157127991675339,
                    "support": 1560.0
                },
                "2": {
                    "precision": 0.5959869848156182,
                    "recall": 0.46965811965811965,
                    "f1-score": 0.5253346080305927,
                    "support": 2340.0
                },
                "3": {
                    "precision": 0.7275033950396683,
                    "recall": 0.8507250616406871,
                    "f1-score": 0.7843039047600702,