{
    "AdvancedTabularClassifier": {
        "filter_sizes": [
            12000,
            8000,
            6000,
            4500,
            3500,
            1500,
            1000,
            300
        ],
        "training_time_seconds": [
            32.803579807281494,
            42.334208726882935,
            40.3116729259491,
            43.33580660820007,
            68.24479150772095,
            41.63665556907654,
            47.962642669677734,
            41.58438849449158
        ],
        "num_classes": [
            2,
            3,
            4,
            4,
            4,
            4,
            4,
            4
        ],
        "test_f1_macro": [
            0.7138209651220677,
            0.5772903707468447,
            0.44844737099793475,
            0.4552776839177759,
            0.44371578962363406,
            0.4618471950609569,
            0.4443052368129604,
            0.4245059720192358
        ],
        "test_f1_micro": [
            0.7197154577080845,
            0.6420444814171418,
            0.5814753711996229,
            0.5816639170398303,
            0.5585199151543719,
            0.5739335375913269,
            0.5692434598161678,
            0.5471128918218242
        ],
        "test_f1_weighted": [
            0.7237844489722379,
            0.6577490703520296,
            0.606841591160626,
            0.6083567863465853,
            0.5935911969308042,
            0.6043984423204323,
            0.5981374954082678,
            0.5792851536003762
        ],
        "cv_class_weights": [
            0.23963133640552997,
            0.6470003075774955,
            0.870741182472719,
            0.870741182472719,
            0.870741182472719,
            0.870741182472719,
            0.870741182472719,
            0.870741182472719
        ],
        "imbalance_ratio": [
            1.6254845993268863,
            10.114982116836668,
            15.160732046946489,
            15.160732046946489,
            15.160732046946489,
            15.160732046946489,
            15.160732046946489,
            15.160732046946489
        ],
        "total_training_samples": [
            123256,
            130785,
            135776,
            135776,
            135776,
            135776,
            135776,
            135776
        ],
        "entropy": [
            0.958172105996803,
            0.7702014474177927,
            0.7023176061534577,
            0.7023176061534577,
            0.7023176061534577,
            0.7023176061534577,
            0.7023176061534577,
            0.7023176061534577
        ],
        "test_precision_macro": [
            0.7147485747637385,
            0.5574605621824469,
            0.4394967283365011,
            0.4533789490080626,
            0.4368670748599628,
            0.45023138979728317,
            0.4355555420582792,
            0.43836275538390457
        ],
        "test_recall_macro": [
            0.7277257407888336,
            0.6713489277759043,
            0.5300759650269079,
            0.5329553889965588,
            0.5288654370586374,
            0.5401188552928329,
            0.5264747959862807,
            0.5209404314548127
        ],
        "classification_reports": [
            {
                "0": {
                    "precision": 0.6029995109493017,
                    "recall": 0.7607458696099266,
                    "f1-score": 0.672749317975144,
                    "support": 14587.0
                },
                "1": {
                    "precision": 0.8264976385781755,
                    "recall": 0.6947056119677406,
                    "f1-score": 0.7548926122689915,
                    "support": 23931.0
                },
                "accuracy": 0.7197154577080845,
                "macro avg": {
                    "precision": 0.7147485747637385,
                    "recall": 0.7277257407888336,
                    "f1-score": 0.7138209651220677,
                    "support": 38518.0
                },
                "weighted avg": {
                    "precision": 0.741857543357178,
                    "recall": 0.7197154577080845,
                    "f1-score": 0.7237844489722379,
                    "support": 38518.0
                }
            },
            {
                "0": {
                    "precision": 0.5539312273565118,
                    "recall": 0.5939885496183206,
                    "f1-score": 0.5732609768130241,
                    "support": 14672.0
                },
                "1": {
                    "precision": 0.2962838968865082,
                    "recall": 0.7599828252468871,
                    "f1-score": 0.42635192099241237,
                    "support": 2329.0
                },
                "2": {
                    "precision": 0.8221665623043206,
                    "recall": 0.6600754084625052,
                    "f1-score": 0.7322582144350979,
                    "support": 23870.0
                },
                "accuracy": 0.6420444814171418,
                "macro avg": {
                    "precision": 0.5574605621824469,
                    "recall": 0.6713489277759043,
                    "f1-score": 0.5772903707468447,
                    "support": 40871.0
                },
                "weighted avg": {
                    "precision": 0.6959076118966395,
                    "recall": 0.6420444814171418,
                    "f1-score": 0.6577490703520296,
                    "support": 40871.0
                }
            },
            {
                "0": {
                    "precision": 0.5485850352596392,
                    "recall": 0.4108367626886145,
                    "f1-score": 0.46982234597435196,
                    "support": 14580.0
                },
                "1": {
                    "precision": 0.10210724687339387,
                    "recall": 0.3939193654990086,
                    "f1-score": 0.1621768707482993,
                    "support": 1513.0
                },
                "2": {
                    "precision": 0.324663472507415,
                    "recall": 0.6227571115973741,
                    "f1-score": 0.4268146370725855,
                    "support": 2285.0
                },
                "3": {
                    "precision": 0.7826311587055563,
                    "recall": 0.6927906203226343,
                    "f1-score": 0.7349756301965022,
                    "support": 24052.0
                },
                "accuracy": 0.5814753711996229,
                "macro avg": {
                    "precision": 0.4394967283365011,
                    "recall": 0.5300759650269079,
                    "f1-score": 0.44844737099793475,
                    "support": 42430.0
                },
                "weighted avg": {
                    "precision": 0.65327736842966,
                    "recall": 0.5814753711996229,
                    "f1-score": 0.606841591160626,
                    "support": 42430.0
                }
            },
            {
                "0": {
                    "precision": 0.5717795028004323,
                    "recall": 0.3991083676268861,
                    "f1-score": 0.47008926768186776,
                    "support": 14580.0
                },
                "1": {
                    "precision": 0.09755024204195394,
                    "recall": 0.43952412425644416,
                    "f1-score": 0.15966386554621848,
                    "support": 1513.0
                },
                "2": {
                    "precision": 0.3711311969323473,
                    "recall": 0.5929978118161926,
                    "f1-score": 0.45653638814016173,
                    "support": 2285.0
                },
                "3": {
                    "precision": 0.7730548542575166,
                    "recall": 0.7001912522867121,
                    "f1-score": 0.7348212143028557,