{
    "TabNet": {
        "filter_sizes": [
            12000,
            8000,
            6000,
            4500,
            3500,
            1500,
            1000,
            300
        ],
        "training_time_seconds": [
            2644.3228290081024,
            1575.7852365970612,
            608.7107033729553,
            610.7888505458832,
            574.2849071025848,
            631.9217665195465,
            588.9560856819153,
            578.6334013938904
        ],
        "num_classes": [
            2,
            3,
            4,
            4,
            4,
            4,
            4,
            4
        ],
        "test_f1_macro": [
            0.7263013801279201,
            0.6109757678701464,
            0.4258780340891519,
            0.4258780340891519,
            0.4258780340891519,
            0.4258780340891519,
            0.4258780340891519,
            0.4258780340891519
        ],
        "test_f1_micro": [
            0.7352147048133341,
            0.6790878618091067,
            0.5669337732736272,
            0.5669337732736272,
            0.5669337732736272,
            0.5669337732736272,
            0.5669337732736272,
            0.5669337732736272
        ],
        "test_f1_weighted": [
            0.7378575421283445,
            0.683185446740137,
            0.590816893890286,
            0.590816893890286,
            0.590816893890286,
            0.590816893890286,
            0.590816893890286,
            0.590816893890286
        ],
        "cv_class_weights": [
            0.24037775037320697,
            0.646728321415141,
            0.8718973997134357,
            0.8718973997134357,
            0.8718973997134357,
            0.8718973997134357,
            0.8718973997134357,
            0.8718973997134357
        ],
        "total_training_samples": [
            123256,
            130785,
            135776,
            135776,
            135776,
            135776,
            135776,
            135776
        ],
        "imbalance_ratio": [
            1.6328875977271757,
            10.127038854263361,
            15.224970083765458,
            15.224970083765458,
            15.224970083765458,
            15.224970083765458,
            15.224970083765458,
            15.224970083765458
        ],
        "entropy": [
            0.6639715873383609,
            0.8464147032286655,
            0.9724553703517317,
            0.9724553703517317,
            0.9724553703517317,
            0.9724553703517317,
            0.9724553703517317,
            0.9724553703517317
        ],
        "test_precision_macro": [
            0.7239729495644789,
            0.5855945485368769,
            0.4208905396676247,
            0.4208905396676247,
            0.4208905396676247,
            0.4208905396676247,
            0.4208905396676247,
            0.4208905396676247
        ],
        "test_recall_macro": [
            0.7331246688135934,
            0.672636772080188,
            0.4907189785444405,
            0.4907189785444405,
            0.4907189785444405,
            0.4907189785444405,
            0.4907189785444405,
            0.4907189785444405
        ],
        "classification_reports": [
            {
                "0": {
                    "precision": 0.635422861900797,
                    "recall": 0.7241916898257982,
                    "f1-score": 0.676909430734628,
                    "support": 14753.0
                },
                "1": {
                    "precision": 0.8125230372281607,
                    "recall": 0.7420576478013886,
                    "f1-score": 0.7756933295212123,
                    "support": 23765.0
                },
                "accuracy": 0.7352147048133341,
                "macro avg": {
                    "precision": 0.7239729495644789,
                    "recall": 0.7331246688135934,
                    "f1-score": 0.7263013801279201,
                    "support": 38518.0
                },
                "weighted avg": {
                    "precision": 0.7446908837777063,
                    "recall": 0.7352147048133341,
                    "f1-score": 0.7378575421283445,
                    "support": 38518.0
                }
            },
            {
                "0": {
                    "precision": 0.5926091491580986,
                    "recall": 0.5420471582390622,
                    "f1-score": 0.5662015945330297,
                    "support": 14674.0
                },
                "1": {
                    "precision": 0.3758133273502356,
                    "recall": 0.7161179991449337,
                    "f1-score": 0.4929370217775162,
                    "support": 2339.0
                },
                "2": {
                    "precision": 0.7883611691022965,
                    "recall": 0.759745158856568,
                    "f1-score": 0.7737886872998933,
                    "support": 23858.0
                },
                "accuracy": 0.6790878618091067,
                "macro avg": {
                    "precision": 0.5855945485368769,
                    "recall": 0.672636772080188,
                    "f1-score": 0.6109757678701464,
                    "support": 40871.0
                },
                "weighted avg": {
                    "precision": 0.6944702796569873,
                    "recall": 0.6790878618091067,
                    "f1-score": 0.683185446740137,
                    "support": 40871.0
                }
            },
            {
                "0": {
                    "precision": 0.5169499572690153,
                    "recall": 0.3731578586606347,
                    "f1-score": 0.4334394904458599,
                    "support": 14589.0
                },
                "1": {
                    "precision": 0.08089260808926081,
                    "recall": 0.30346631785480704,
                    "f1-score": 0.12773571920165175,
                    "support": 1529.0
                },
                "2": {
                    "precision": 0.3120317320405465,
                    "recall": 0.5860927152317881,
                    "f1-score": 0.4072476272648835,
                    "support": 2416.0
                },
                "3": {
                    "precision": 0.7736878612716763,
                    "recall": 0.7001590224305323,
                    "f1-score": 0.7350892994442125,
                    "support": 23896.0
                },
                "accuracy": 0.5669337732736272,
                "macro avg": {
                    "precision": 0.4208905396676247,
                    "recall": 0.4907189785444405,
                    "f1-score": 0.4258780340891519,
                    "support": 42430.0
                },
                "weighted avg": {
                    "precision": 0.634159357104032,
                    "recall": 0.5669337732736272,
                    "f1-score": 0.590816893890286,
                    "support": 42430.0
                }
            },
            {
                "0": {
                    "precision": 0.5169499572690153,
                    "recall": 0.3731578586606347,
                    "f1-score": 0.4334394904458599,
                    "support": 14589.0
                },
                "1": {
                    "precision": 0.08089260808926081,
                    "recall": 0.30346631785480704,
                    "f1-score": 0.12773571920165175,
                    "support": 1529.0
                },
                "2": {
                    "precision": 0.3120317320405465,
                    "recall": 0.5860927152317881,
                    "f1-score": 0.4072476272648835,
                    "support": 2416.0
                },
                "3": {
                    "precision": 0.7736878612716763,
                    "recall": 0.7001590224305323,
                    "f1-score": 0.7350892994442125,