{
    "AdvancedTabularClassifier": {
        "filter_sizes": [
            12000,
            8000,
            6000,
            4500,
            3500,
            1500,
            1000,
            300
        ],
        "training_time_seconds": [
            132.97548031806946,
            320.7204315662384,
            122.5092191696167,
            50.05931234359741,
            58.6601288318634,
            45.15027070045471,
            46.97964406013489,
            42.77644109725952
        ],
        "num_classes": [
            2,
            2,
            2,
            3,
            3,
            3,
            3,
            4
        ],
        "test_f1_macro": [
            0.9998129824263392,
            0.9998129824263392,
            0.9997506137405665,
            0.7906381419747933,
            0.7913931126842533,
            0.7792187319284838,
            0.7736164700985261,
            0.5656371832712527
        ],
        "test_f1_micro": [
            0.9998550444530344,
            0.9998550444530344,
            0.9998067259373792,
            0.9488440262871732,
            0.9460545600680819,
            0.9386317431799915,
            0.9337383575244669,
            0.8518029695969833
        ],
        "test_f1_weighted": [
            0.9998550401675502,
            0.9998550401675502,
            0.9998067087899216,
            0.9603130795377894,
            0.9593863616970822,
            0.9539839279781241,
            0.9516824468840283,
            0.8975580510793573
        ],
        "cv_class_weights": [
            0.46950639467286753,
            0.46950639467286753,
            0.46950639467286753,
            0.8678956080446022,
            0.8678956080446022,
            0.8678956080446022,
            0.8678956080446022,
            1.1512245540045383
        ],
        "imbalance_ratio": [
            2.7576668841669267,
            2.7576668841669267,
            2.7576668841669267,
            33.36020583190395,
            33.36020583190395,
            33.36020583190395,
            33.36020583190395,
            235.11352657004832
        ],
        "total_training_samples": [
            132454,
            132454,
            132454,
            135364,
            135364,
            135364,
            135364,
            135776
        ],
        "entropy": [
            0.8345611026067205,
            0.8345611026067205,
            0.8345611026067205,
            0.6103408231525391,
            0.6103408231525391,
            0.6103408231525391,
            0.6103408231525391,
            0.4962529234249985
        ],
        "test_precision_macro": [
            0.999842540254172,
            0.999842540254172,
            0.9998393332848357,
            0.7555639554354548,
            0.7550627401146169,
            0.7458336292888267,
            0.742732783569226,
            0.5521289099114532
        ],
        "test_recall_macro": [
            0.9997834341164968,
            0.9997834341164968,
            0.9996619798775832,
            0.9142831934351721,
            0.9376994277629104,
            0.9298197108697814,
            0.9378848849271207,
            0.8704725570218939
        ],
        "classification_reports": [
            {
                "0": {
                    "precision": 0.9998689040377556,
                    "recall": 0.9999344477220583,
                    "f1-score": 0.9999016748058077,
                    "support": 30510.0
                },
                "1": {
                    "precision": 0.9998161764705882,
                    "recall": 0.9996324205109355,
                    "f1-score": 0.9997242900468707,
                    "support": 10882.0
                },
                "accuracy": 0.9998550444530344,
                "macro avg": {
                    "precision": 0.999842540254172,
                    "recall": 0.9997834341164968,
                    "f1-score": 0.9998129824263392,
                    "support": 41392.0
                },
                "weighted avg": {
                    "precision": 0.9998550419053165,
                    "recall": 0.9998550444530344,
                    "f1-score": 0.9998550401675502,
                    "support": 41392.0
                }
            },
            {
                "0": {
                    "precision": 0.9998689040377556,
                    "recall": 0.9999344477220583,
                    "f1-score": 0.9999016748058077,
                    "support": 30510.0
                },
                "1": {
                    "precision": 0.9998161764705882,
                    "recall": 0.9996324205109355,
                    "f1-score": 0.9997242900468707,
                    "support": 10882.0
                },
                "accuracy": 0.9998550444530344,
                "macro avg": {
                    "precision": 0.999842540254172,
                    "recall": 0.9997834341164968,
                    "f1-score": 0.9998129824263392,
                    "support": 41392.0
                },
                "weighted avg": {
                    "precision": 0.9998550419053165,
                    "recall": 0.9998550444530344,
                    "f1-score": 0.9998550401675502,
                    "support": 41392.0
                }
            },
            {
                "0": {
                    "precision": 0.9997706121378949,
                    "recall": 0.9999672238610292,
                    "f1-score": 0.9998689083341527,
                    "support": 30510.0
                },
                "1": {
                    "precision": 0.9999080544317764,
                    "recall": 0.9993567358941371,
                    "f1-score": 0.9996323191469805,
                    "support": 10882.0
                },
                "accuracy": 0.9998067259373792,
                "macro avg": {
                    "precision": 0.9998393332848357,
                    "recall": 0.9996619798775832,
                    "f1-score": 0.9997506137405665,
                    "support": 41392.0
                },
                "weighted avg": {
                    "precision": 0.9998067458604021,
                    "recall": 0.9998067259373792,
                    "f1-score": 0.9998067087899216,
                    "support": 41392.0
                }
            },
            {
                "0": {
                    "precision": 0.27593984962406015,
                    "recall": 0.8119469026548672,
                    "f1-score": 0.4118967452300786,
                    "support": 904.0
                },
                "1": {
                    "precision": 0.9923125086962571,
                    "recall": 0.9365704717817394,
                    "f1-score": 0.9636360565473677,
                    "support": 30459.0
                },
                "2": {
                    "precision": 0.9984395079860474,
                    "recall": 0.9943322058689094,
                    "f1-score": 0.9963816241469335,
                    "support": 10939.0
                },
                "accuracy": 0.9488440262871732,
                "macro avg": {
                    "precision": 0.7555639554354548,
                    "recall": 0.9142831934351721,
                    "f1-score": 0.7906381419747933,
                    "support": 42302.0
                },
                "weighted avg": {
                    "precision": 0.9785879179305663,
                    "recall": 0.9488440262871732,
                    "f1-score": 0.9603130795377894,
                    "support": 42302.0
                }
            },
            {
                "0": {
                    "precision": 0.2699055330634278,
                    "recall": 0.8849557522123894,
                    "f1-score": 0.4136504653567735,
                    "support": 904.0
                },
                "1": {
                    "precision": 0.9961965134706815,