{
    "AdvancedTabularClassifier": {
        "filter_sizes": [
            12000,
            8000,
            6000,
            4500,
            3500,
            1500,
            1000,
            300
        ],
        "training_time_seconds": [
            47.45134377479553,
            37.734925985336304,
            49.55595397949219,
            43.32821774482727,
            50.38157534599304,
            43.23723363876343,
            44.68904733657837,
            47.57953643798828
        ],
        "num_classes": [
            2,
            2,
            2,
            2,
            4,
            5,
            5,
            5
        ],
        "test_f1_macro": [
            0.888968214461309,
            0.8904182279269786,
            0.8924024676853586,
            0.8920530712091338,
            0.6774452608262628,
            0.5648214791090382,
            0.5503489008784465,
            0.5705555529184276
        ],
        "test_f1_micro": [
            0.9576179198736925,
            0.9597148213933294,
            0.9589747385040458,
            0.9604302348529702,
            0.9282422802850356,
            0.915720009427292,
            0.9119019561630921,
            0.9217299080839029
        ],
        "test_f1_weighted": [
            0.9591341836815083,
            0.960452179282548,
            0.9604216440608075,
            0.9610999758396248,
            0.9288721947392795,
            0.9201528075151627,
            0.9166814392791494,
            0.9241682129240025
        ],
        "cv_class_weights": [
            0.16947022080421448,
            0.16947022080421448,
            0.16947022080421448,
            0.16947022080421448,
            0.5817397832870483,
            0.7476152181625366,
            0.7476152181625366,
            0.7476152181625366
        ],
        "imbalance_ratio": [
            9.474321705426357,
            9.474321705426357,
            9.474321705426357,
            9.474321705426357,
            47.042502004811546,
            110.57964184731385,
            110.57964184731385,
            110.57964184731385
        ],
        "total_training_samples": [
            129714,
            129714,
            129714,
            129714,
            134718,
            135776,
            135776,
            135776
        ],
        "entropy": [
            0.3150175183558238,
            0.3150175183558238,
            0.3150175183558238,
            0.3150175183558238,
            0.4878513770286893,
            0.5297442692876037,
            0.5297442692876037,
            0.5297442692876037
        ],
        "test_precision_macro": [
            0.8636320030758382,
            0.8767956686187539,
            0.8671681393789017,
            0.8793571774826903,
            0.6597117900338763,
            0.5547378855126721,
            0.5309743778332487,
            0.5594982007186237
        ],
        "test_recall_macro": [
            0.9197273499423413,
            0.9054363409376371,
            0.9229432135859088,
            0.9059449642422372,
            0.7164809964368398,
            0.6070691413225227,
            0.6024687314777261,
            0.5952999916428657
        ],
        "classification_reports": [
            {
                "0": {
                    "precision": 0.7414050822122571,
                    "recall": 0.8725810505152048,
                    "f1-score": 0.8016624336181021,
                    "support": 3979.0
                },
                "1": {
                    "precision": 0.9858589239394193,
                    "recall": 0.9668736493694778,
                    "f1-score": 0.976273995304516,
                    "support": 36557.0
                },
                "accuracy": 0.9576179198736925,
                "macro avg": {
                    "precision": 0.8636320030758382,
                    "recall": 0.9197273499423413,
                    "f1-score": 0.888968214461309,
                    "support": 40536.0
                },
                "weighted avg": {
                    "precision": 0.961863417815668,
                    "recall": 0.9576179198736925,
                    "f1-score": 0.9591341836815083,
                    "support": 40536.0
                }
            },
            {
                "0": {
                    "precision": 0.7714021286441463,
                    "recall": 0.8378989695903494,
                    "f1-score": 0.8032767136489579,
                    "support": 3979.0
                },
                "1": {
                    "precision": 0.9821892085933617,
                    "recall": 0.9729737122849249,
                    "f1-score": 0.9775597422049992,
                    "support": 36557.0
                },
                "accuracy": 0.9597148213933294,
                "macro avg": {
                    "precision": 0.8767956686187539,
                    "recall": 0.9054363409376371,
                    "f1-score": 0.8904182279269786,
                    "support": 40536.0
                },
                "weighted avg": {
                    "precision": 0.9614984203775059,
                    "recall": 0.9597148213933294,
                    "f1-score": 0.960452179282548,
                    "support": 40536.0
                }
            },
            {
                "0": {
                    "precision": 0.7478595890410958,
                    "recall": 0.8781100779090224,
                    "f1-score": 0.8077678881054213,
                    "support": 3979.0
                },
                "1": {
                    "precision": 0.9864766897167075,
                    "recall": 0.9677763492627951,
                    "f1-score": 0.9770370472652959,
                    "support": 36557.0
                },
                "accuracy": 0.9589747385040458,
                "macro avg": {
                    "precision": 0.8671681393789017,
                    "recall": 0.9229432135859088,
                    "f1-score": 0.8924024676853586,
                    "support": 40536.0
                },
                "weighted avg": {
                    "precision": 0.963054116113287,
                    "recall": 0.9589747385040458,
                    "f1-score": 0.9604216440608075,
                    "support": 40536.0
                }
            },
            {
                "0": {
                    "precision": 0.7764842840512224,
                    "recall": 0.838150289017341,
                    "f1-score": 0.8061397147691564,
                    "support": 3979.0
                },
                "1": {
                    "precision": 0.982230070914158,
                    "recall": 0.9737396394671335,
                    "f1-score": 0.9779664276491112,
                    "support": 36557.0
                },
                "accuracy": 0.9604302348529702,
                "macro avg": {
                    "precision": 0.8793571774826903,
                    "recall": 0.9059449642422372,
                    "f1-score": 0.8920530712091338,
                    "support": 40536.0
                },
                "weighted avg": {
                    "precision": 0.9620341343163777,
                    "recall": 0.9604302348529702,
                    "f1-score": 0.9610999758396248,
                    "support": 40536.0
                }
            },
            {
                "0": {
                    "precision": 0.7547892720306514,
                    "recall": 0.5963673057517659,
                    "f1-score": 0.6662908680947013,
                    "support": 3964.0
                },
                "1": {
                    "precision": 0.9723841167819598,
                    "recall": 0.9764795974182255,
                    "f1-score": 0.9744275538331377,
                    "support": 36564.0
                },
                "2": {
                    "precision": 0.35421888053467,