{
    "TabNet": {
        "filter_sizes": [
            12000,
            8000,
            6000,
            4500,
            3500,
            1500,
            1000,
            300
        ],
        "training_time_seconds": [
            2383.88622713089,
            1576.5998125076294,
            1679.8241741657257,
            1772.44242477417,
            1780.9714269638062,
            1560.6307721138,
            1538.0002026557922,
            1636.165786743164
        ],
        "num_classes": [
            2,
            3,
            4,
            4,
            4,
            4,
            4,
            4
        ],
        "test_f1_macro": [
            0.7057696554423996,
            0.6402346593725464,
            0.49064915796541775,
            0.49064915796541775,
            0.49064915796541775,
            0.49064915796541775,
            0.49064915796541775,
            0.49064915796541775
        ],
        "test_f1_micro": [
            0.7378368554961316,
            0.7099899684372782,
            0.6787178882865896,
            0.6787178882865896,
            0.6787178882865896,
            0.6787178882865896,
            0.6787178882865896,
            0.6787178882865896
        ],
        "test_f1_weighted": [
            0.728496110843802,
            0.7011871026728467,
            0.6616627997956422,
            0.6616627997956422,
            0.6616627997956422,
            0.6616627997956422,
            0.6616627997956422,
            0.6616627997956422
        ],
        "cv_class_weights": [
            0.24037775037320697,
            0.646728321415141,
            0.8718973997134357,
            0.8718973997134357,
            0.8718973997134357,
            0.8718973997134357,
            0.8718973997134357,
            0.8718973997134357
        ],
        "total_training_samples": [
            123256,
            130785,
            135776,
            135776,
            135776,
            135776,
            135776,
            135776
        ],
        "imbalance_ratio": [
            1.6328875977271757,
            10.127038854263361,
            15.224970083765458,
            15.224970083765458,
            15.224970083765458,
            15.224970083765458,
            15.224970083765458,
            15.224970083765458
        ],
        "entropy": [
            0.6639715873383609,
            0.8464147032286655,
            0.9724553703517317,
            0.9724553703517317,
            0.9724553703517317,
            0.9724553703517317,
            0.9724553703517317,
            0.9724553703517317
        ],
        "test_precision_macro": [
            0.7297119449911105,
            0.6828840270094814,
            0.5559298177572575,
            0.5559298177572575,
            0.5559298177572575,
            0.5559298177572575,
            0.5559298177572575,
            0.5559298177572575
        ],
        "test_recall_macro": [
            0.6988525849649425,
            0.614452370658605,
            0.46929639143147794,
            0.46929639143147794,
            0.46929639143147794,
            0.46929639143147794,
            0.46929639143147794,
            0.46929639143147794
        ],
        "classification_reports": [
            {
                "0": {
                    "precision": 0.7106525477418771,
                    "recall": 0.5322307327323256,
                    "f1-score": 0.608634989535695,
                    "support": 14753.0
                },
                "1": {
                    "precision": 0.7487713422403437,
                    "recall": 0.8654744371975595,
                    "f1-score": 0.802904321349104,
                    "support": 23765.0
                },
                "accuracy": 0.7378368554961316,
                "macro avg": {
                    "precision": 0.7297119449911105,
                    "recall": 0.6988525849649425,
                    "f1-score": 0.7057696554423996,
                    "support": 38518.0
                },
                "weighted avg": {
                    "precision": 0.7341712442280928,
                    "recall": 0.7378368554961316,
                    "f1-score": 0.728496110843802,
                    "support": 38518.0
                }
            },
            {
                "0": {
                    "precision": 0.6342085768375998,
                    "recall": 0.5250783699059561,
                    "f1-score": 0.5745069529881072,
                    "support": 14674.0
                },
                "1": {
                    "precision": 0.6678787878787878,
                    "recall": 0.4711415134672937,
                    "f1-score": 0.5525194284281775,
                    "support": 2339.0
                },
                "2": {
                    "precision": 0.7465647163120568,
                    "recall": 0.8471372286025651,
                    "f1-score": 0.7936775967013548,
                    "support": 23858.0
                },
                "accuracy": 0.7099899684372782,
                "macro avg": {
                    "precision": 0.6828840270094814,
                    "recall": 0.614452370658605,
                    "f1-score": 0.6402346593725464,
                    "support": 40871.0
                },
                "weighted avg": {
                    "precision": 0.7017221536819866,
                    "recall": 0.7099899684372782,
                    "f1-score": 0.7011871026728467,
                    "support": 40871.0
                }
            },
            {
                "0": {
                    "precision": 0.5873964308476737,
                    "recall": 0.5053807663307972,
                    "f1-score": 0.5433108581113445,
                    "support": 14589.0
                },
                "1": {
                    "precision": 0.28,
                    "recall": 0.06409417920209287,
                    "f1-score": 0.10431080361894625,
                    "support": 1529.0
                },
                "2": {
                    "precision": 0.6280247608328644,
                    "recall": 0.46192052980132453,
                    "f1-score": 0.5323157643691867,
                    "support": 2416.0
                },
                "3": {
                    "precision": 0.728298079348492,
                    "recall": 0.8457900903916974,
                    "f1-score": 0.7826592057621934,
                    "support": 23896.0
                },
                "accuracy": 0.6787178882865896,
                "macro avg": {
                    "precision": 0.5559298177572575,
                    "recall": 0.46929639143147794,
                    "f1-score": 0.49064915796541775,
                    "support": 42430.0
                },
                "weighted avg": {
                    "precision": 0.6579864542993278,
                    "recall": 0.6787178882865896,
                    "f1-score": 0.6616627997956422,
                    "support": 42430.0
                }
            },
            {
                "0": {
                    "precision": 0.5873964308476737,
                    "recall": 0.5053807663307972,
                    "f1-score": 0.5433108581113445,
                    "support": 14589.0
                },
                "1": {
                    "precision": 0.28,
                    "recall": 0.06409417920209287,
                    "f1-score": 0.10431080361894625,
                    "support": 1529.0
                },
                "2": {
                    "precision": 0.6280247608328644,
                    "recall": 0.46192052980132453,
                    "f1-score": 0.5323157643691867,
                    "support": 2416.0
                },
                "3": {
                    "precision": 0.728298079348492,
                    "recall": 0.8457900903916974,
                    "f1-score": 0.7826592057621934,