{
    "AdvancedTabularClassifier": {
        "filter_sizes": [
            12000,
            8000,
            6000,
            4500,
            3500,
            1500,
            1000,
            300
        ],
        "training_time_seconds": [
            38.02631449699402,
            42.23601984977722,
            43.22534132003784,
            53.11552166938782,
            51.33697581291199,
            49.634849548339844,
            43.51283669471741,
            54.551960945129395
        ],
        "num_classes": [
            2,
            3,
            4,
            4,
            4,
            4,
            4,
            4
        ],
        "test_f1_macro": [
            0.7070764311006617,
            0.6306634167511209,
            0.5024627267509515,
            0.5184593753060145,
            0.5042706281454215,
            0.512596746292082,
            0.5044093989183391,
            0.5017789532721947
        ],
        "test_f1_micro": [
            0.736694532426398,
            0.703555087959678,
            0.6734386047607824,
            0.6805562102286118,
            0.6780108413858119,
            0.6690549139759604,
            0.6584492104642942,
            0.6863539948149894
        ],
        "test_f1_weighted": [
            0.7296720825366251,
            0.6912506118450781,
            0.6654982068043698,
            0.6724407620464785,
            0.6634790262818034,
            0.6699451546778177,
            0.6624638336795159,
            0.6755742813896919
        ],
        "cv_class_weights": [
            0.23882001687544618,
            0.6477941551903034,
            0.8709981495043372,
            0.8709981495043372,
            0.8709981495043372,
            0.8709981495043372,
            0.8709981495043372,
            0.8709981495043372
        ],
        "imbalance_ratio": [
            1.6254845993268863,
            10.114982116836668,
            15.160732046946489,
            15.160732046946489,
            15.160732046946489,
            15.160732046946489,
            15.160732046946489,
            15.160732046946489
        ],
        "total_training_samples": [
            123256,
            130785,
            135776,
            135776,
            135776,
            135776,
            135776,
            135776
        ],
        "entropy": [
            0.6644942900012158,
            0.8465637482123152,
            0.9745313681488466,
            0.9745313681488466,
            0.9745313681488466,
            0.9745313681488466,
            0.9745313681488466,
            0.9745313681488466
        ],
        "test_precision_macro": [
            0.723577801586443,
            0.6436417612850885,
            0.5114067320142335,
            0.5326601525136908,
            0.5361783663274928,
            0.5228915102536026,
            0.4909459639271132,
            0.5519272937880313
        ],
        "test_recall_macro": [
            0.7007972811575287,
            0.6309433957936681,
            0.5014244481339509,
            0.508865911369633,
            0.4862389734152275,
            0.5046268518195338,
            0.5250090369593762,
            0.49274673670981006
        ],
        "classification_reports": [
            {
                "0": {
                    "precision": 0.6902336728579987,
                    "recall": 0.552821005004456,
                    "f1-score": 0.6139322421012562,
                    "support": 14587.0
                },
                "1": {
                    "precision": 0.7569219303148873,
                    "recall": 0.8487735573106013,
                    "f1-score": 0.800220620100067,
                    "support": 23931.0
                },
                "accuracy": 0.736694532426398,
                "macro avg": {
                    "precision": 0.723577801586443,
                    "recall": 0.7007972811575287,
                    "f1-score": 0.7070764311006617,
                    "support": 38518.0
                },
                "weighted avg": {
                    "precision": 0.7316666831181576,
                    "recall": 0.736694532426398,
                    "f1-score": 0.7296720825366251,
                    "support": 38518.0
                }
            },
            {
                "0": {
                    "precision": 0.6511363636363636,
                    "recall": 0.4686477644492912,
                    "f1-score": 0.5450221940393152,
                    "support": 14672.0
                },
                "1": {
                    "precision": 0.5424430641821946,
                    "recall": 0.562473164448261,
                    "f1-score": 0.5522765598650927,
                    "support": 2329.0
                },
                "2": {
                    "precision": 0.7373458560367078,
                    "recall": 0.861709258483452,
                    "f1-score": 0.7946914963489549,
                    "support": 23870.0
                },
                "accuracy": 0.703555087959678,
                "macro avg": {
                    "precision": 0.6436417612850885,
                    "recall": 0.6309433957936681,
                    "f1-score": 0.6306634167511209,
                    "support": 40871.0
                },
                "weighted avg": {
                    "precision": 0.6952917278106548,
                    "recall": 0.703555087959678,
                    "f1-score": 0.6912506118450781,
                    "support": 40871.0
                }
            },
            {
                "0": {
                    "precision": 0.5906862745098039,
                    "recall": 0.5289437585733882,
                    "f1-score": 0.5581126067448255,
                    "support": 14580.0
                },
                "1": {
                    "precision": 0.20823798627002288,
                    "recall": 0.12029081295439524,
                    "f1-score": 0.15249266862170088,
                    "support": 1513.0
                },
                "2": {
                    "precision": 0.49920382165605093,
                    "recall": 0.5487964989059081,
                    "f1-score": 0.5228267667292058,
                    "support": 2285.0
                },
                "3": {
                    "precision": 0.7474988456210558,
                    "recall": 0.8076667221021121,
                    "f1-score": 0.7764188649080735,
                    "support": 24052.0
                },
                "accuracy": 0.6734386047607824,
                "macro avg": {
                    "precision": 0.5114067320142335,
                    "recall": 0.5014244481339509,
                    "f1-score": 0.5024627267509515,
                    "support": 42430.0
                },
                "weighted avg": {
                    "precision": 0.661013267097365,
                    "recall": 0.6734386047607824,
                    "f1-score": 0.6654982068043698,
                    "support": 42430.0
                }
            },
            {
                "0": {
                    "precision": 0.6076482747654635,
                    "recall": 0.5242112482853224,
                    "f1-score": 0.5628544075410561,
                    "support": 14580.0
                },
                "1": {
                    "precision": 0.22135416666666666,
                    "recall": 0.16853932584269662,
                    "f1-score": 0.19136960600375236,
                    "support": 1513.0
                },
                "2": {
                    "precision": 0.5567010309278351,
                    "recall": 0.5199124726477025,
                    "f1-score": 0.5376782077393075,
                    "support": 2285.0
                },
                "3": {
                    "precision": 0.7449371376947979,
                    "recall": 0.8228005987028105,
                    "f1-score": 0.7819352799399423,