{
    "TabNet": {
        "filter_sizes": [
            12000,
            8000,
            6000,
            4500,
            3500,
            1500,
            1000,
            300
        ],
        "training_time_seconds": [
            870.2126495838165,
            761.5776278972626,
            788.3947677612305,
            912.5835301876068,
            708.1626510620117,
            760.396674156189,
            807.3286845684052,
            841.2254574298859
        ],
        "num_classes": [
            2,
            2,
            2,
            2,
            4,
            5,
            5,
            5
        ],
        "test_f1_macro": [
            0.8768411725434537,
            0.8768411725434537,
            0.8768411725434537,
            0.8768411725434537,
            0.6074769118234209,
            0.5204335008184094,
            0.5204335008184094,
            0.5204335008184094
        ],
        "test_f1_micro": [
            0.9492796526544306,
            0.9492796526544306,
            0.9492796526544306,
            0.9492796526544306,
            0.9038717339667458,
            0.9045958048550554,
            0.9045958048550554,
            0.9045958048550554
        ],
        "test_f1_weighted": [
            0.9533200645340123,
            0.9533200645340123,
            0.9533200645340123,
            0.9533200645340123,
            0.9122822043398146,
            0.9132756828602976,
            0.9132756828602976,
            0.9132756828602976
        ],
        "cv_class_weights": [
            0.8075458407402039,
            0.8075458407402039,
            0.8075458407402039,
            0.8075458407402039,
            0.8087969422340393,
            0.9071451425552368,
            0.9071451425552368,
            0.9071451425552368
        ],
        "total_training_samples": [
            129714,
            129714,
            129714,
            129714,
            134718,
            135776,
            135776,
            135776
        ],
        "imbalance_ratio": [
            9.39208460182663,
            9.39208460182663,
            9.39208460182663,
            9.39208460182663,
            47.37631366208569,
            111.76358436606291,
            111.76358436606291,
            111.76358436606291
        ],
        "entropy": [
            0.3167130459584489,
            0.3167130459584489,
            0.3167130459584489,
            0.3167130459584489,
            0.489846919147405,
            0.5311330528883654,
            0.5311330528883654,
            0.5311330528883654
        ],
        "test_precision_macro": [
            0.8282275909003747,
            0.8282275909003747,
            0.8282275909003747,
            0.8282275909003747,
            0.562859778538597,
            0.47699877880063396,
            0.47699877880063396,
            0.47699877880063396
        ],
        "test_recall_macro": [
            0.9532966365528889,
            0.9532966365528889,
            0.9532966365528889,
            0.9532966365528889,
            0.6743285782115114,
            0.5954091053849359,
            0.5954091053849359,
            0.5954091053849359
        ],
        "classification_reports": [
            {
                "0": {
                    "precision": 0.6610624217492399,
                    "recall": 0.9582577132486388,
                    "f1-score": 0.7823878069432684,
                    "support": 3857.0
                },
                "1": {
                    "precision": 0.9953927600515096,
                    "recall": 0.9483355598571389,
                    "f1-score": 0.971294538143639,
                    "support": 36679.0
                },
                "accuracy": 0.9492796526544306,
                "macro avg": {
                    "precision": 0.8282275909003747,
                    "recall": 0.9532966365528889,
                    "f1-score": 0.8768411725434537,
                    "support": 40536.0
                },
                "weighted avg": {
                    "precision": 0.9635812316611442,
                    "recall": 0.9492796526544306,
                    "f1-score": 0.9533200645340123,
                    "support": 40536.0
                }
            },
            {
                "0": {
                    "precision": 0.6610624217492399,
                    "recall": 0.9582577132486388,
                    "f1-score": 0.7823878069432684,
                    "support": 3857.0
                },
                "1": {
                    "precision": 0.9953927600515096,
                    "recall": 0.9483355598571389,
                    "f1-score": 0.971294538143639,
                    "support": 36679.0
                },
                "accuracy": 0.9492796526544306,
                "macro avg": {
                    "precision": 0.8282275909003747,
                    "recall": 0.9532966365528889,
                    "f1-score": 0.8768411725434537,
                    "support": 40536.0
                },
                "weighted avg": {
                    "precision": 0.9635812316611442,
                    "recall": 0.9492796526544306,
                    "f1-score": 0.9533200645340123,
                    "support": 40536.0
                }
            },
            {
                "0": {
                    "precision": 0.6610624217492399,
                    "recall": 0.9582577132486388,
                    "f1-score": 0.7823878069432684,
                    "support": 3857.0
                },
                "1": {
                    "precision": 0.9953927600515096,
                    "recall": 0.9483355598571389,
                    "f1-score": 0.971294538143639,
                    "support": 36679.0
                },
                "accuracy": 0.9492796526544306,
                "macro avg": {
                    "precision": 0.8282275909003747,
                    "recall": 0.9532966365528889,
                    "f1-score": 0.8768411725434537,
                    "support": 40536.0
                },
                "weighted avg": {
                    "precision": 0.9635812316611442,
                    "recall": 0.9492796526544306,
                    "f1-score": 0.9533200645340123,
                    "support": 40536.0
                }
            },
            {
                "0": {
                    "precision": 0.6610624217492399,
                    "recall": 0.9582577132486388,
                    "f1-score": 0.7823878069432684,
                    "support": 3857.0
                },
                "1": {
                    "precision": 0.9953927600515096,
                    "recall": 0.9483355598571389,
                    "f1-score": 0.971294538143639,
                    "support": 36679.0
                },
                "accuracy": 0.9492796526544306,
                "macro avg": {
                    "precision": 0.8282275909003747,
                    "recall": 0.9532966365528889,
                    "f1-score": 0.8768411725434537,
                    "support": 40536.0
                },
                "weighted avg": {
                    "precision": 0.9635812316611442,
                    "recall": 0.9492796526544306,
                    "f1-score": 0.9533200645340123,
                    "support": 40536.0
                }
            },
            {
                "0": {
                    "precision": 0.6539656243528681,
                    "recall": 0.8247584225646383,
                    "f1-score": 0.7294987294987295,
                    "support": 3829.0
                },
                "1": {
                    "precision": 0.9792729774668884,
                    "recall": 0.9305347462475142,
                    "f1-score": 0.9542819628165552,
                    "support": 36709.0
                },
                "2": {
                    "precision": 0.28167877320419693,
                    "recall": 0.4509043927648579,