{
    "TabNet": {
        "filter_sizes": [
            12000,
            8000,
            6000,
            4500,
            3500,
            1500,
            1000,
            300
        ],
        "training_time_seconds": [
            814.7719402313232,
            759.9551289081573,
            808.3113489151001,
            646.2711253166199,
            572.3930287361145,
            848.9999754428864,
            835.2215418815613,
            863.4610848426819
        ],
        "num_classes": [
            2,
            2,
            2,
            2,
            4,
            5,
            5,
            5
        ],
        "test_f1_macro": [
            0.8323312974897678,
            0.8323312974897678,
            0.8323312974897678,
            0.8323312974897678,
            0.5566551738174599,
            0.44499304911262516,
            0.44499304911262516,
            0.44499304911262516
        ],
        "test_f1_micro": [
            0.9514999013222815,
            0.9514999013222815,
            0.9514999013222815,
            0.9514999013222815,
            0.9326840855106888,
            0.9275041244402545,
            0.9275041244402545,
            0.9275041244402545
        ],
        "test_f1_weighted": [
            0.9468480924174832,
            0.9468480924174832,
            0.9468480924174832,
            0.9468480924174832,
            0.9224315324856482,
            0.915879992130004,
            0.915879992130004,
            0.915879992130004
        ],
        "cv_class_weights": [
            0.0,
            0.0,
            0.0,
            0.0,
            0.0,
            0.0,
            0.0,
            0.0
        ],
        "total_training_samples": [
            129714,
            129714,
            129714,
            129714,
            134718,
            135776,
            135776,
            135776
        ],
        "imbalance_ratio": [
            9.386259908719673,
            9.386259908719673,
            9.386259908719673,
            9.386259908719673,
            47.24939564867043,
            111.25521821631878,
            111.25521821631878,
            111.25521821631878
        ],
        "entropy": [
            0.31683390337896805,
            0.31683390337896805,
            0.31683390337896805,
            0.31683390337896805,
            0.4892193573627486,
            0.5304694843765176,
            0.5304694843765176,
            0.5304694843765176
        ],
        "test_precision_macro": [
            0.9154539847486866,
            0.9154539847486866,
            0.9154539847486866,
            0.9154539847486866,
            0.6193168645948567,
            0.44535777875982185,
            0.44535777875982185,
            0.44535777875982185
        ],
        "test_recall_macro": [
            0.7812963253434252,
            0.7812963253434252,
            0.7812963253434252,
            0.7812963253434252,
            0.5276262602615824,
            0.449325624947161,
            0.449325624947161,
            0.449325624947161
        ],
        "classification_reports": [
            {
                "0": {
                    "precision": 0.8743038981702467,
                    "recall": 0.5712058212058212,
                    "f1-score": 0.6909776799748507,
                    "support": 3848.0
                },
                "1": {
                    "precision": 0.9566040713271264,
                    "recall": 0.9913868294810292,
                    "f1-score": 0.9736849150046848,
                    "support": 36688.0
                },
                "accuracy": 0.9514999013222815,
                "macro avg": {
                    "precision": 0.9154539847486866,
                    "recall": 0.7812963253434252,
                    "f1-score": 0.8323312974897678,
                    "support": 40536.0
                },
                "weighted avg": {
                    "precision": 0.9487914833483502,
                    "recall": 0.9514999013222815,
                    "f1-score": 0.9468480924174832,
                    "support": 40536.0
                }
            },
            {
                "0": {
                    "precision": 0.8743038981702467,
                    "recall": 0.5712058212058212,
                    "f1-score": 0.6909776799748507,
                    "support": 3848.0
                },
                "1": {
                    "precision": 0.9566040713271264,
                    "recall": 0.9913868294810292,
                    "f1-score": 0.9736849150046848,
                    "support": 36688.0
                },
                "accuracy": 0.9514999013222815,
                "macro avg": {
                    "precision": 0.9154539847486866,
                    "recall": 0.7812963253434252,
                    "f1-score": 0.8323312974897678,
                    "support": 40536.0
                },
                "weighted avg": {
                    "precision": 0.9487914833483502,
                    "recall": 0.9514999013222815,
                    "f1-score": 0.9468480924174832,
                    "support": 40536.0
                }
            },
            {
                "0": {
                    "precision": 0.8743038981702467,
                    "recall": 0.5712058212058212,
                    "f1-score": 0.6909776799748507,
                    "support": 3848.0
                },
                "1": {
                    "precision": 0.9566040713271264,
                    "recall": 0.9913868294810292,
                    "f1-score": 0.9736849150046848,
                    "support": 36688.0
                },
                "accuracy": 0.9514999013222815,
                "macro avg": {
                    "precision": 0.9154539847486866,
                    "recall": 0.7812963253434252,
                    "f1-score": 0.8323312974897678,
                    "support": 40536.0
                },
                "weighted avg": {
                    "precision": 0.9487914833483502,
                    "recall": 0.9514999013222815,
                    "f1-score": 0.9468480924174832,
                    "support": 40536.0
                }
            },
            {
                "0": {
                    "precision": 0.8743038981702467,
                    "recall": 0.5712058212058212,
                    "f1-score": 0.6909776799748507,
                    "support": 3848.0
                },
                "1": {
                    "precision": 0.9566040713271264,
                    "recall": 0.9913868294810292,
                    "f1-score": 0.9736849150046848,
                    "support": 36688.0
                },
                "accuracy": 0.9514999013222815,
                "macro avg": {
                    "precision": 0.9154539847486866,
                    "recall": 0.7812963253434252,
                    "f1-score": 0.8323312974897678,
                    "support": 40536.0
                },
                "weighted avg": {
                    "precision": 0.9487914833483502,
                    "recall": 0.9514999013222815,
                    "f1-score": 0.9468480924174832,
                    "support": 40536.0
                }
            },
            {
                "0": {
                    "precision": 0.6996519144704128,
                    "recall": 0.7115044247787611,
                    "f1-score": 0.7055283941331327,
                    "support": 3955.0
                },
                "1": {
                    "precision": 0.9587379928886058,
                    "recall": 0.9864042152392912,
                    "f1-score": 0.972374352418758,
                    "support": 36629.0
                },
                "2": {
                    "precision": 0.0,
                    "recall": 0.0,
                    "f1-score": 0.0,
                    "support": 738.0
                },