{
    "TabNet": {
        "filter_sizes": [
            12000,
            8000,
            6000,
            4500,
            3500,
            1500,
            1000,
            300
        ],
        "training_time_seconds": [
            879.8096697330475,
            835.5359485149384,
            912.26202917099,
            1512.5195093154907,
            1505.9311130046844,
            1467.5939407348633,
            1471.0963854789734,
            1045.5621092319489
        ],
        "num_classes": [
            2,
            2,
            2,
            3,
            3,
            3,
            3,
            4
        ],
        "test_f1_macro": [
            0.9997831330101383,
            0.9997831330101383,
            0.9997831330101383,
            0.8739685857905634,
            0.8739685857905634,
            0.8739685857905634,
            0.8739685857905634,
            0.7182939126015018
        ],
        "test_f1_micro": [
            0.9998308851952068,
            0.9998308851952068,
            0.9998308851952068,
            0.9854616802988039,
            0.9854616802988039,
            0.9854616802988039,
            0.9854616802988039,
            0.982064576950271
        ],
        "test_f1_weighted": [
            0.999830892570821,
            0.999830892570821,
            0.999830892570821,
            0.9847804276244198,
            0.9847804276244198,
            0.9847804276244198,
            0.9847804276244198,
            0.9790663476369551
        ],
        "cv_class_weights": [
            0.4689628097301705,
            0.4689628097301705,
            0.4689628097301705,
            0.8670708603107885,
            0.8670708603107885,
            0.8670708603107885,
            0.8670708603107885,
            1.150705879465884
        ],
        "total_training_samples": [
            132454,
            132454,
            132454,
            135364,
            135364,
            135364,
            135364,
            135776
        ],
        "imbalance_ratio": [
            2.766214563962581,
            2.766214563962581,
            2.766214563962581,
            33.46024096385542,
            33.46024096385542,
            33.46024096385542,
            33.46024096385542,
            237.8557457212714
        ],
        "entropy": [
            0.5787504080633712,
            0.5787504080633712,
            0.5787504080633712,
            0.670650998925844,
            0.670650998925844,
            0.670650998925844,
            0.670650998925844,
            0.6881847093027704
        ],
        "test_precision_macro": [
            0.9997395494021746,
            0.9997395494021746,
            0.9997395494021746,
            0.8955628664092851,
            0.8955628664092851,
            0.8955628664092851,
            0.8955628664092851,
            0.8732079675252581
        ],
        "test_recall_macro": [
            0.9998267376928797,
            0.9998267376928797,
            0.9998267376928797,
            0.8563265873123208,
            0.8563265873123208,
            0.8563265873123208,
            0.8563265873123208,
            0.6592841704468182
        ],
        "classification_reports": [
            {
                "0": {
                    "precision": 0.999934223508518,
                    "recall": 0.9998355749942451,
                    "f1-score": 0.9998848968182192,
                    "support": 30409.0
                },
                "1": {
                    "precision": 0.999544875295831,
                    "recall": 0.9998179003915142,
                    "f1-score": 0.9996813692020574,
                    "support": 10983.0
                },
                "accuracy": 0.9998308851952068,
                "macro avg": {
                    "precision": 0.9997395494021746,
                    "recall": 0.9998267376928797,
                    "f1-score": 0.9997831330101383,
                    "support": 41392.0
                },
                "weighted avg": {
                    "precision": 0.9998309134142983,
                    "recall": 0.9998308851952068,
                    "f1-score": 0.999830892570821,
                    "support": 41392.0
                }
            },
            {
                "0": {
                    "precision": 0.999934223508518,
                    "recall": 0.9998355749942451,
                    "f1-score": 0.9998848968182192,
                    "support": 30409.0
                },
                "1": {
                    "precision": 0.999544875295831,
                    "recall": 0.9998179003915142,
                    "f1-score": 0.9996813692020574,
                    "support": 10983.0
                },
                "accuracy": 0.9998308851952068,
                "macro avg": {
                    "precision": 0.9997395494021746,
                    "recall": 0.9998267376928797,
                    "f1-score": 0.9997831330101383,
                    "support": 41392.0
                },
                "weighted avg": {
                    "precision": 0.9998309134142983,
                    "recall": 0.9998308851952068,
                    "f1-score": 0.999830892570821,
                    "support": 41392.0
                }
            },
            {
                "0": {
                    "precision": 0.999934223508518,
                    "recall": 0.9998355749942451,
                    "f1-score": 0.9998848968182192,
                    "support": 30409.0
                },
                "1": {
                    "precision": 0.999544875295831,
                    "recall": 0.9998179003915142,
                    "f1-score": 0.9996813692020574,
                    "support": 10983.0
                },
                "accuracy": 0.9998308851952068,
                "macro avg": {
                    "precision": 0.9997395494021746,
                    "recall": 0.9998267376928797,
                    "f1-score": 0.9997831330101383,
                    "support": 41392.0
                },
                "weighted avg": {
                    "precision": 0.9998309134142983,
                    "recall": 0.9998308851952068,
                    "f1-score": 0.999830892570821,
                    "support": 41392.0
                }
            },
            {
                "0": {
                    "precision": 0.6993377483443709,
                    "recall": 0.5764192139737991,
                    "f1-score": 0.6319569120287253,
                    "support": 916.0
                },
                "1": {
                    "precision": 0.9873508508834844,
                    "recall": 0.9925605479631633,
                    "f1-score": 0.989948845342965,
                    "support": 30513.0
                },
                "2": {
                    "precision": 1.0,
                    "recall": 1.0,
                    "f1-score": 1.0,
                    "support": 10873.0
                },
                "accuracy": 0.9854616802988039,
                "macro avg": {
                    "precision": 0.8955628664092851,
                    "recall": 0.8563265873123208,
                    "f1-score": 0.8739685857905634,
                    "support": 42302.0
                },
                "weighted avg": {
                    "precision": 0.9843655120441398,
                    "recall": 0.9854616802988039,
                    "f1-score": 0.9847804276244198,
                    "support": 42302.0
                }
            },
            {
                "0": {
                    "precision": 0.6993377483443709,
                    "recall": 0.5764192139737991,
                    "f1-score": 0.6319569120287253,
                    "support": 916.0
                },
                "1": {
                    "precision": 0.9873508508834844,
                    "recall": 0.9925605479631633,
                    "f1-score": 0.989948845342965,