{
    "AdvancedTabularClassifier": {
        "filter_sizes": [
            12000,
            8000,
            6000,
            4500,
            3500,
            1500,
            1000,
            300
        ],
        "training_time_seconds": [
            75.92791080474854,
            82.36541390419006,
            185.1333248615265,
            51.41637086868286,
            57.0803656578064,
            58.60146403312683,
            48.23571252822876,
            45.14151048660278
        ],
        "num_classes": [
            2,
            2,
            2,
            3,
            3,
            3,
            3,
            4
        ],
        "test_f1_macro": [
            0.9997506579775262,
            0.9998441381971388,
            0.9998441381971388,
            0.8623970427500253,
            0.8599215391281033,
            0.8741114385012431,
            0.8718979707714657,
            0.7141329904880165
        ],
        "test_f1_micro": [
            0.9998067259373792,
            0.999879203710862,
            0.999879203710862,
            0.9793626778875704,
            0.977944305233795,
            0.9821285045624321,
            0.9811120041605598,
            0.9666509545133161
        ],
        "test_f1_weighted": [
            0.9998067259373792,
            0.9998791947806135,
            0.9998791947806135,
            0.980918335021545,
            0.9799916927719763,
            0.9829806865315949,
            0.9822352166915245,
            0.9716462370271104
        ],
        "cv_class_weights": [
            0.46950639467286753,
            0.46950639467286753,
            0.46950639467286753,
            0.8678956080446022,
            0.8678956080446022,
            0.8678956080446022,
            0.8678956080446022,
            1.1512245540045383
        ],
        "imbalance_ratio": [
            2.7576668841669267,
            2.7576668841669267,
            2.7576668841669267,
            33.36020583190395,
            33.36020583190395,
            33.36020583190395,
            33.36020583190395,
            235.11352657004832
        ],
        "total_training_samples": [
            132454,
            132454,
            132454,
            135364,
            135364,
            135364,
            135364,
            135776
        ],
        "entropy": [
            0.5793640140080556,
            0.5793640140080556,
            0.5793640140080556,
            0.6705127663073001,
            0.6705127663073001,
            0.6705127663073001,
            0.6705127663073001,
            0.6877410771768522
        ],
        "test_precision_macro": [
            0.9997506579775262,
            0.9999180730788138,
            0.9999180730788138,
            0.8367928230711654,
            0.8295475829384892,
            0.8556365945865577,
            0.8492716038037494,
            0.6782377655065289
        ],
        "test_recall_macro": [
            0.9997506579775262,
            0.9997702628193347,
            0.9997702628193347,
            0.8985009634813904,
            0.9065288941713218,
            0.8970362401197055,
            0.9016137493285113,
            0.8569258911169679
        ],
        "classification_reports": [
            {
                "0": {
                    "precision": 0.9998688954441167,
                    "recall": 0.9998688954441167,
                    "f1-score": 0.9998688954441167,
                    "support": 30510.0
                },
                "1": {
                    "precision": 0.9996324205109355,
                    "recall": 0.9996324205109355,
                    "f1-score": 0.9996324205109355,
                    "support": 10882.0
                },
                "accuracy": 0.9998067259373792,
                "macro avg": {
                    "precision": 0.9997506579775262,
                    "recall": 0.9997506579775262,
                    "f1-score": 0.9997506579775262,
                    "support": 41392.0
                },
                "weighted avg": {
                    "precision": 0.9998067259373792,
                    "recall": 0.9998067259373792,
                    "f1-score": 0.9998067259373792,
                    "support": 41392.0
                }
            },
            {
                "0": {
                    "precision": 0.9998361461576274,
                    "recall": 1.0,
                    "f1-score": 0.9999180663662434,
                    "support": 30510.0
                },
                "1": {
                    "precision": 1.0,
                    "recall": 0.9995405256386694,
                    "f1-score": 0.9997702100280343,
                    "support": 10882.0
                },
                "accuracy": 0.999879203710862,
                "macro avg": {
                    "precision": 0.9999180730788138,
                    "recall": 0.9997702628193347,
                    "f1-score": 0.9998441381971388,
                    "support": 41392.0
                },
                "weighted avg": {
                    "precision": 0.9998792235037981,
                    "recall": 0.999879203710862,
                    "f1-score": 0.9998791947806135,
                    "support": 41392.0
                }
            },
            {
                "0": {
                    "precision": 0.9998361461576274,
                    "recall": 1.0,
                    "f1-score": 0.9999180663662434,
                    "support": 30510.0
                },
                "1": {
                    "precision": 1.0,
                    "recall": 0.9995405256386694,
                    "f1-score": 0.9997702100280343,
                    "support": 10882.0
                },
                "accuracy": 0.999879203710862,
                "macro avg": {
                    "precision": 0.9999180730788138,
                    "recall": 0.9997702628193347,
                    "f1-score": 0.9998441381971388,
                    "support": 41392.0
                },
                "weighted avg": {
                    "precision": 0.9998792235037981,
                    "recall": 0.999879203710862,
                    "f1-score": 0.9998791947806135,
                    "support": 41392.0
                }
            },
            {
                "0": {
                    "precision": 0.5196471531676022,
                    "recall": 0.7168141592920354,
                    "f1-score": 0.602510460251046,
                    "support": 904.0
                },
                "1": {
                    "precision": 0.9910059407254986,
                    "recall": 0.9803342197708395,
                    "f1-score": 0.9856411949166529,
                    "support": 30459.0
                },
                "2": {
                    "precision": 0.9997253753203954,
                    "recall": 0.9983545113812963,
                    "f1-score": 0.9990394730823766,
                    "support": 10939.0
                },
                "accuracy": 0.9793626778875704,
                "macro avg": {
                    "precision": 0.8367928230711654,
                    "recall": 0.8985009634813904,
                    "f1-score": 0.8623970427500253,
                    "support": 42302.0
                },
                "weighted avg": {
                    "precision": 0.9831877182083892,
                    "recall": 0.9793626778875704,
                    "f1-score": 0.980918335021545,
                    "support": 42302.0
                }
            },
            {
                "0": {
                    "precision": 0.49777777777777776,
                    "recall": 0.7433628318584071,
                    "f1-score": 0.5962732919254659,
                    "support": 904.0
                },
                "1": {
                    "precision": 0.9918707313010161,
                    "recall": 0.9774122591023999,