{
    "TabNet": {
        "filter_sizes": [
            12000,
            8000,
            6000,
            4500,
            3500,
            1500,
            1000,
            300
        ],
        "training_time_seconds": [
            784.2699978351593,
            645.5257430076599,
            670.8248023986816,
            637.3774299621582,
            1368.0260565280914,
            609.1957333087921,
            669.9947094917297,
            693.7018945217133
        ],
        "num_classes": [
            2,
            2,
            2,
            2,
            4,
            5,
            5,
            5
        ],
        "test_f1_macro": [
            0.8665315906403404,
            0.8665315906403404,
            0.8665315906403404,
            0.8665315906403404,
            0.5460816605069307,
            0.45118468758547275,
            0.45118468758547275,
            0.45118468758547275
        ],
        "test_f1_micro": [
            0.9578892835997632,
            0.9578892835997632,
            0.9578892835997632,
            0.9578892835997632,
            0.9223040380047506,
            0.9299080839028989,
            0.9299080839028989,
            0.9299080839028989
        ],
        "test_f1_weighted": [
            0.9557127383907529,
            0.9557127383907529,
            0.9557127383907529,
            0.9557127383907529,
            0.9093050399778659,
            0.9183010138945751,
            0.9183010138945751,
            0.9183010138945751
        ],
        "cv_class_weights": [
            0.8080700618283301,
            0.8080700618283301,
            0.8080700618283301,
            0.8080700618283301,
            1.436942292305175,
            1.6658859875023757,
            1.6658859875023757,
            1.6658859875023757
        ],
        "total_training_samples": [
            129714,
            129714,
            129714,
            129714,
            134718,
            135776,
            135776,
            135776
        ],
        "imbalance_ratio": [
            9.420469151670952,
            9.420469151670952,
            9.420469151670952,
            9.420469151670952,
            47.3730800323363,
            110.00187617260788,
            110.00187617260788,
            110.00187617260788
        ],
        "entropy": [
            0.3161255475703574,
            0.3161255475703574,
            0.3161255475703574,
            0.3161255475703574,
            0.4896342968674796,
            0.5307130131955082,
            0.5307130131955082,
            0.5307130131955082
        ],
        "test_precision_macro": [
            0.9100389654257244,
            0.9100389654257244,
            0.9100389654257244,
            0.9100389654257244,
            0.5987394775470087,
            0.46282689476112254,
            0.46282689476112254,
            0.46282689476112254
        ],
        "test_recall_macro": [
            0.8331218516329525,
            0.8331218516329525,
            0.8331218516329525,
            0.8331218516329525,
            0.5120082370406802,
            0.44966683862414597,
            0.44966683862414597,
            0.44966683862414597
        ],
        "classification_reports": [
            {
                "0": {
                    "precision": 0.8535483870967742,
                    "recall": 0.6786355475763016,
                    "f1-score": 0.7561080154307758,
                    "support": 3899.0
                },
                "1": {
                    "precision": 0.9665295437546746,
                    "recall": 0.9876081556896034,
                    "f1-score": 0.9769551658499048,
                    "support": 36637.0
                },
                "accuracy": 0.9578892835997632,
                "macro avg": {
                    "precision": 0.9100389654257244,
                    "recall": 0.8331218516329525,
                    "f1-score": 0.8665315906403404,
                    "support": 40536.0
                },
                "weighted avg": {
                    "precision": 0.955662326224352,
                    "recall": 0.9578892835997632,
                    "f1-score": 0.9557127383907529,
                    "support": 40536.0
                }
            },
            {
                "0": {
                    "precision": 0.8535483870967742,
                    "recall": 0.6786355475763016,
                    "f1-score": 0.7561080154307758,
                    "support": 3899.0
                },
                "1": {
                    "precision": 0.9665295437546746,
                    "recall": 0.9876081556896034,
                    "f1-score": 0.9769551658499048,
                    "support": 36637.0
                },
                "accuracy": 0.9578892835997632,
                "macro avg": {
                    "precision": 0.9100389654257244,
                    "recall": 0.8331218516329525,
                    "f1-score": 0.8665315906403404,
                    "support": 40536.0
                },
                "weighted avg": {
                    "precision": 0.955662326224352,
                    "recall": 0.9578892835997632,
                    "f1-score": 0.9557127383907529,
                    "support": 40536.0
                }
            },
            {
                "0": {
                    "precision": 0.8535483870967742,
                    "recall": 0.6786355475763016,
                    "f1-score": 0.7561080154307758,
                    "support": 3899.0
                },
                "1": {
                    "precision": 0.9665295437546746,
                    "recall": 0.9876081556896034,
                    "f1-score": 0.9769551658499048,
                    "support": 36637.0
                },
                "accuracy": 0.9578892835997632,
                "macro avg": {
                    "precision": 0.9100389654257244,
                    "recall": 0.8331218516329525,
                    "f1-score": 0.8665315906403404,
                    "support": 40536.0
                },
                "weighted avg": {
                    "precision": 0.955662326224352,
                    "recall": 0.9578892835997632,
                    "f1-score": 0.9557127383907529,
                    "support": 40536.0
                }
            },
            {
                "0": {
                    "precision": 0.8535483870967742,
                    "recall": 0.6786355475763016,
                    "f1-score": 0.7561080154307758,
                    "support": 3899.0
                },
                "1": {
                    "precision": 0.9665295437546746,
                    "recall": 0.9876081556896034,
                    "f1-score": 0.9769551658499048,
                    "support": 36637.0
                },
                "accuracy": 0.9578892835997632,
                "macro avg": {
                    "precision": 0.9100389654257244,
                    "recall": 0.8331218516329525,
                    "f1-score": 0.8665315906403404,
                    "support": 40536.0
                },
                "weighted avg": {
                    "precision": 0.955662326224352,
                    "recall": 0.9578892835997632,
                    "f1-score": 0.9557127383907529,
                    "support": 40536.0
                }
            },
            {
                "0": {
                    "precision": 0.657214085384855,
                    "recall": 0.5574940523394132,
                    "f1-score": 0.6032608695652174,
                    "support": 3783.0
                },
                "1": {
                    "precision": 0.9461606584705147,
                    "recall": 0.9892698602903129,
                    "f1-score": 0.9672351586318915,
                    "support": 36719.0
                },
                "2": {
                    "precision": 0.0,
                    "recall": 0.0,