{
    "AdvancedTabularClassifier": {
        "filter_sizes": [
            12000,
            8000,
            6000,
            4500,
            3500,
            1500,
            1000,
            300
        ],
        "training_time_seconds": [
            92.67652797698975,
            85.13601231575012,
            83.0534930229187,
            50.16479754447937,
            49.922767639160156,
            56.5633270740509,
            43.02371096611023,
            47.37005257606506
        ],
        "num_classes": [
            2,
            2,
            2,
            3,
            3,
            3,
            3,
            4
        ],
        "test_f1_macro": [
            0.9998129824263392,
            0.9998753216175595,
            0.999750628489466,
            0.7696052435787811,
            0.7712876357066395,
            0.7724214582600445,
            0.7571910273257783,
            0.6636836280177565
        ],
        "test_f1_micro": [
            0.9998550444530344,
            0.9999033629686896,
            0.9998067259373792,
            0.9308543331284573,
            0.9327454966668243,
            0.933100089830268,
            0.9198383055174696,
            0.9281876031110063
        ],
        "test_f1_weighted": [
            0.9998550401675502,
            0.9999033601117002,
            0.9998067145075814,
            0.9497864101011338,
            0.9506564572103136,
            0.9508060062514166,
            0.9430541549015915,
            0.9463450503640324
        ],
        "cv_class_weights": [
            0.4703670708321379,
            0.4703670708321379,
            0.4703670708321379,
            0.8657339053052465,
            0.8657339053052465,
            0.8657339053052465,
            0.8657339053052465,
            1.1498998231951623
        ],
        "imbalance_ratio": [
            2.7576668841669267,
            2.7576668841669267,
            2.7576668841669267,
            33.36020583190395,
            33.36020583190395,
            33.36020583190395,
            33.36020583190395,
            235.11352657004832
        ],
        "total_training_samples": [
            132454,
            132454,
            132454,
            135364,
            135364,
            135364,
            135364,
            135776
        ],
        "entropy": [
            0.8339278524937662,
            0.8339278524937662,
            0.8339278524937662,
            0.6117195444044279,
            0.6117195444044279,
            0.6117195444044279,
            0.6117195444044279,
            0.4965626838342741
        ],
        "test_precision_macro": [
            0.999842540254172,
            0.9999048831318054,
            0.9998097558093438,
            0.7401765072697316,
            0.7405388142966224,
            0.7411975926222186,
            0.7326007291828037,
            0.6117122873423424
        ],
        "test_recall_macro": [
            0.9997834341164968,
            0.9998457696221155,
            0.9996915392442307,
            0.9359576288784193,
            0.9325529185673749,
            0.9344474280980131,
            0.937955050094295,
            0.8950558289157139
        ],
        "classification_reports": [
            {
                "0": {
                    "precision": 0.9998689040377556,
                    "recall": 0.9999344477220583,
                    "f1-score": 0.9999016748058077,
                    "support": 30510.0
                },
                "1": {
                    "precision": 0.9998161764705882,
                    "recall": 0.9996324205109355,
                    "f1-score": 0.9997242900468707,
                    "support": 10882.0
                },
                "accuracy": 0.9998550444530344,
                "macro avg": {
                    "precision": 0.999842540254172,
                    "recall": 0.9997834341164968,
                    "f1-score": 0.9998129824263392,
                    "support": 41392.0
                },
                "weighted avg": {
                    "precision": 0.9998550419053165,
                    "recall": 0.9998550444530344,
                    "f1-score": 0.9998550401675502,
                    "support": 41392.0
                }
            },
            {
                "0": {
                    "precision": 0.9999016780283168,
                    "recall": 0.9999672238610292,
                    "f1-score": 0.9999344498705385,
                    "support": 30510.0
                },
                "1": {
                    "precision": 0.9999080882352941,
                    "recall": 0.9997243153832016,
                    "f1-score": 0.9998161933645805,
                    "support": 10882.0
                },
                "accuracy": 0.9999033629686896,
                "macro avg": {
                    "precision": 0.9999048831318054,
                    "recall": 0.9998457696221155,
                    "f1-score": 0.9998753216175595,
                    "support": 41392.0
                },
                "weighted avg": {
                    "precision": 0.9999033632784212,
                    "recall": 0.9999033629686896,
                    "f1-score": 0.9999033601117002,
                    "support": 41392.0
                }
            },
            {
                "0": {
                    "precision": 0.9998033689454021,
                    "recall": 0.9999344477220583,
                    "f1-score": 0.9998689040377556,
                    "support": 30510.0
                },
                "1": {
                    "precision": 0.9998161426732856,
                    "recall": 0.9994486307664032,
                    "f1-score": 0.9996323529411765,
                    "support": 10882.0
                },
                "accuracy": 0.9998067259373792,
                "macro avg": {
                    "precision": 0.9998097558093438,
                    "recall": 0.9996915392442307,
                    "f1-score": 0.999750628489466,
                    "support": 41392.0
                },
                "weighted avg": {
                    "precision": 0.9998067271717943,
                    "recall": 0.9998067259373792,
                    "f1-score": 0.9998067145075814,
                    "support": 41392.0
                }
            },
            {
                "0": {
                    "precision": 0.22535211267605634,
                    "recall": 0.9026548672566371,
                    "f1-score": 0.36066298342541436,
                    "support": 904.0
                },
                "1": {
                    "precision": 0.9960015849573142,
                    "recall": 0.9077776683410487,
                    "f1-score": 0.9498454139470972,
                    "support": 30459.0
                },
                "2": {
                    "precision": 0.9991758241758242,
                    "recall": 0.997440351037572,
                    "f1-score": 0.9983073333638318,
                    "support": 10939.0
                },
                "accuracy": 0.9308543331284573,
                "macro avg": {
                    "precision": 0.7401765072697316,
                    "recall": 0.9359576288784193,
                    "f1-score": 0.7696052435787811,
                    "support": 42302.0
                },
                "weighted avg": {
                    "precision": 0.9803535276519627,
                    "recall": 0.9308543331284573,
                    "f1-score": 0.9497864101011338,
                    "support": 42302.0
                }
            },
            {
                "0": {
                    "precision": 0.22988834812482106,
                    "recall": 0.8882743362831859,
                    "f1-score": 0.36524903343188536,
                    "support": 904.0
                },
                "1": {
                    "precision": 0.9961911606180381,