{
    "TabNet": {
        "filter_sizes": [
            12000,
            8000,
            6000,
            4500,
            3500,
            1500,
            1000,
            300
        ],
        "training_time_seconds": [
            460.590270280838,
            484.88503408432007,
            469.1103301048279,
            453.933137178421,
            546.0145213603973,
            536.6930391788483,
            539.5411455631256,
            591.9223809242249
        ],
        "num_classes": [
            2,
            2,
            2,
            2,
            4,
            5,
            5,
            5
        ],
        "test_f1_macro": [
            0.8510262821507213,
            0.8510262821507213,
            0.8510262821507213,
            0.8510262821507213,
            0.5245217056370564,
            0.4370212515764413,
            0.4370212515764413,
            0.4370212515764413
        ],
        "test_f1_micro": [
            0.9539175054272745,
            0.9539175054272745,
            0.9539175054272745,
            0.9539175054272745,
            0.9211401425178147,
            0.9240395946264436,
            0.9240395946264436,
            0.9240395946264436
        ],
        "test_f1_weighted": [
            0.950527299483408,
            0.950527299483408,
            0.950527299483408,
            0.950527299483408,
            0.9094451503290714,
            0.9123577706279618,
            0.9123577706279618,
            0.9123577706279618
        ],
        "cv_class_weights": [
            0.0,
            0.0,
            0.0,
            0.0,
            0.0,
            0.0,
            0.0,
            0.0
        ],
        "total_training_samples": [
            129714,
            129714,
            129714,
            129714,
            134718,
            135776,
            135776,
            135776
        ],
        "imbalance_ratio": [
            9.474321705426357,
            9.474321705426357,
            9.474321705426357,
            9.474321705426357,
            47.700569568755085,
            111.66285714285715,
            111.66285714285715,
            111.66285714285715
        ],
        "entropy": [
            0.3150175183558238,
            0.3150175183558238,
            0.3150175183558238,
            0.3150175183558238,
            0.4889941954989925,
            0.5311683091307712,
            0.5311683091307712,
            0.5311683091307712
        ],
        "test_precision_macro": [
            0.9141837993771675,
            0.9141837993771675,
            0.9141837993771675,
            0.9141837993771675,
            0.5561052637098756,
            0.4508902744063728,
            0.4508902744063728,
            0.4508902744063728
        ],
        "test_recall_macro": [
            0.8077090008536556,
            0.8077090008536556,
            0.8077090008536556,
            0.8077090008536556,
            0.5025361647666913,
            0.4329408578141609,
            0.4329408578141609,
            0.4329408578141609
        ],
        "classification_reports": [
            {
                "0": {
                    "precision": 0.8678982223771349,
                    "recall": 0.6257853732093491,
                    "f1-score": 0.7272196261682243,
                    "support": 3979.0
                },
                "1": {
                    "precision": 0.9604693763772002,
                    "recall": 0.9896326284979621,
                    "f1-score": 0.9748329381332184,
                    "support": 36557.0
                },
                "accuracy": 0.9539175054272745,
                "macro avg": {
                    "precision": 0.9141837993771675,
                    "recall": 0.8077090008536556,
                    "f1-score": 0.8510262821507213,
                    "support": 40536.0
                },
                "weighted avg": {
                    "precision": 0.9513826233239573,
                    "recall": 0.9539175054272745,
                    "f1-score": 0.950527299483408,
                    "support": 40536.0
                }
            },
            {
                "0": {
                    "precision": 0.8678982223771349,
                    "recall": 0.6257853732093491,
                    "f1-score": 0.7272196261682243,
                    "support": 3979.0
                },
                "1": {
                    "precision": 0.9604693763772002,
                    "recall": 0.9896326284979621,
                    "f1-score": 0.9748329381332184,
                    "support": 36557.0
                },
                "accuracy": 0.9539175054272745,
                "macro avg": {
                    "precision": 0.9141837993771675,
                    "recall": 0.8077090008536556,
                    "f1-score": 0.8510262821507213,
                    "support": 40536.0
                },
                "weighted avg": {
                    "precision": 0.9513826233239573,
                    "recall": 0.9539175054272745,
                    "f1-score": 0.950527299483408,
                    "support": 40536.0
                }
            },
            {
                "0": {
                    "precision": 0.8678982223771349,
                    "recall": 0.6257853732093491,
                    "f1-score": 0.7272196261682243,
                    "support": 3979.0
                },
                "1": {
                    "precision": 0.9604693763772002,
                    "recall": 0.9896326284979621,
                    "f1-score": 0.9748329381332184,
                    "support": 36557.0
                },
                "accuracy": 0.9539175054272745,
                "macro avg": {
                    "precision": 0.9141837993771675,
                    "recall": 0.8077090008536556,
                    "f1-score": 0.8510262821507213,
                    "support": 40536.0
                },
                "weighted avg": {
                    "precision": 0.9513826233239573,
                    "recall": 0.9539175054272745,
                    "f1-score": 0.950527299483408,
                    "support": 40536.0
                }
            },
            {
                "0": {
                    "precision": 0.8678982223771349,
                    "recall": 0.6257853732093491,
                    "f1-score": 0.7272196261682243,
                    "support": 3979.0
                },
                "1": {
                    "precision": 0.9604693763772002,
                    "recall": 0.9896326284979621,
                    "f1-score": 0.9748329381332184,
                    "support": 36557.0
                },
                "accuracy": 0.9539175054272745,
                "macro avg": {
                    "precision": 0.9141837993771675,
                    "recall": 0.8077090008536556,
                    "f1-score": 0.8510262821507213,
                    "support": 40536.0
                },
                "weighted avg": {
                    "precision": 0.9513826233239573,
                    "recall": 0.9539175054272745,
                    "f1-score": 0.950527299483408,
                    "support": 40536.0
                }
            },
            {
                "0": {
                    "precision": 0.6646706586826348,
                    "recall": 0.604355716878403,
                    "f1-score": 0.6330798479087453,
                    "support": 3857.0
                },
                "1": {
                    "precision": 0.9493374697654853,
                    "recall": 0.9849968629804413,
                    "f1-score": 0.966838476470982,
                    "support": 36659.0
                },
                "2": {
                    "precision": 0.0,
                    "recall": 0.0,
                    "f1-score": 0.0,
                    "support": 776.0
                },