{
    "AdvancedTabularClassifier": {
        "filter_sizes": [
            12000,
            8000,
            6000,
            4500,
            3500,
            1500,
            1000,
            300
        ],
        "training_time_seconds": [
            42.28160762786865,
            37.64966368675232,
            54.19882822036743,
            45.15252494812012,
            51.38963079452515,
            41.810808181762695,
            50.738648653030396,
            44.1585738658905
        ],
        "num_classes": [
            2,
            3,
            4,
            4,
            4,
            4,
            4,
            4
        ],
        "test_f1_macro": [
            0.7199757108971887,
            0.5937625953775477,
            0.44400418528508534,
            0.450683183138181,
            0.4679268760514417,
            0.44202315158228933,
            0.47292465103373593,
            0.4405061747740895
        ],
        "test_f1_micro": [
            0.7320733163715666,
            0.6574098994397005,
            0.5498939429648834,
            0.5878387933066227,
            0.5919868017911855,
            0.5451095922696205,
            0.5967004477963705,
            0.5476313928823945
        ],
        "test_f1_weighted": [
            0.7340951245310365,
            0.6664199556208279,
            0.5886654107997903,
            0.6034285398817691,
            0.6182597554302272,
            0.585882653379773,
            0.622435047446177,
            0.5874933123526511
        ],
        "cv_class_weights": [
            0.23843058350100604,
            0.646885720771917,
            0.8713517036487163,
            0.8713517036487163,
            0.8713517036487163,
            0.8713517036487163,
            0.8713517036487163,
            0.8713517036487163
        ],
        "imbalance_ratio": [
            1.6254845993268863,
            10.114982116836668,
            15.160732046946489,
            15.160732046946489,
            15.160732046946489,
            15.160732046946489,
            15.160732046946489,
            15.160732046946489
        ],
        "total_training_samples": [
            123256,
            130785,
            135776,
            135776,
            135776,
            135776,
            135776,
            135776
        ],
        "entropy": [
            0.6644942900012158,
            0.8465637482123152,
            0.9745313681488466,
            0.9745313681488466,
            0.9745313681488466,
            0.9745313681488466,
            0.9745313681488466,
            0.9745313681488466
        ],
        "test_precision_macro": [
            0.7175966799291343,
            0.568092141316766,
            0.4465779207983167,
            0.44332899197709097,
            0.4557106912565321,
            0.44151183162618235,
            0.4585945038468331,
            0.4446918666170888
        ],
        "test_recall_macro": [
            0.7242739222010384,
            0.6635629867988041,
            0.5290060672720083,
            0.5315258652119648,
            0.534073918585205,
            0.5358408268433119,
            0.5377823244361111,
            0.530218352557346
        ],
        "classification_reports": [
            {
                "0": {
                    "precision": 0.6339717425431711,
                    "recall": 0.6921231233289916,
                    "f1-score": 0.6617724174095437,
                    "support": 14587.0
                },
                "1": {
                    "precision": 0.8012216173150976,
                    "recall": 0.7564247210730851,
                    "f1-score": 0.7781790043848337,
                    "support": 23931.0
                },
                "accuracy": 0.7320733163715666,
                "macro avg": {
                    "precision": 0.7175966799291343,
                    "recall": 0.7242739222010384,
                    "f1-score": 0.7199757108971887,
                    "support": 38518.0
                },
                "weighted avg": {
                    "precision": 0.7378830762875755,
                    "recall": 0.7320733163715666,
                    "f1-score": 0.7340951245310365,
                    "support": 38518.0
                }
            },
            {
                "0": {
                    "precision": 0.560479282415155,
                    "recall": 0.5706788440567067,
                    "f1-score": 0.5655330789233731,
                    "support": 14672.0
                },
                "1": {
                    "precision": 0.3478170043868811,
                    "recall": 0.7148990983254616,
                    "f1-score": 0.4679595278246206,
                    "support": 2329.0
                },
                "2": {
                    "precision": 0.795980137148262,
                    "recall": 0.7051110180142438,
                    "f1-score": 0.7477951793846496,
                    "support": 23870.0
                },
                "accuracy": 0.6574098994397005,
                "macro avg": {
                    "precision": 0.568092141316766,
                    "recall": 0.6635629867988041,
                    "f1-score": 0.5937625953775477,
                    "support": 40871.0
                },
                "weighted avg": {
                    "precision": 0.6859010963407114,
                    "recall": 0.6574098994397005,
                    "f1-score": 0.6664199556208279,
                    "support": 40871.0
                }
            },
            {
                "0": {
                    "precision": 0.5412095146142368,
                    "recall": 0.4229080932784636,
                    "f1-score": 0.47480075462980786,
                    "support": 14580.0
                },
                "1": {
                    "precision": 0.08846434655633974,
                    "recall": 0.48050231328486454,
                    "f1-score": 0.14941938135854485,
                    "support": 1513.0
                },
                "2": {
                    "precision": 0.37059639389736476,
                    "recall": 0.5846827133479212,
                    "f1-score": 0.4536502546689304,
                    "support": 2285.0
                },
                "3": {
                    "precision": 0.7860414281253253,
                    "recall": 0.6279311491767836,
                    "f1-score": 0.6981463504830583,
                    "support": 24052.0
                },
                "accuracy": 0.5498939429648834,
                "macro avg": {
                    "precision": 0.4465779207983167,
                    "recall": 0.5290060672720083,
                    "f1-score": 0.44400418528508534,
                    "support": 42430.0
                },
                "weighted avg": {
                    "precision": 0.6546632681767881,
                    "recall": 0.5498939429648834,
                    "f1-score": 0.5886654107997903,
                    "support": 42430.0
                }
            },
            {
                "0": {
                    "precision": 0.5626527792539059,
                    "recall": 0.36310013717421125,
                    "f1-score": 0.4413689607736879,
                    "support": 14580.0
                },
                "1": {
                    "precision": 0.10894104999104103,
                    "recall": 0.4018506278916061,
                    "f1-score": 0.17141246123484635,
                    "support": 1513.0
                },
                "2": {
                    "precision": 0.3455900024032684,
                    "recall": 0.6293216630196936,
                    "f1-score": 0.4461681663046851,
                    "support": 2285.0
                },
                "3": {
                    "precision": 0.7561321362601486,
                    "recall": 0.7318310327623483,
                    "f1-score": 0.7437831442395048,