{
    "TabNet": {
        "filter_sizes": [
            12000,
            8000,
            6000,
            4500,
            3500,
            1500,
            1000,
            300
        ],
        "training_time_seconds": [
            1952.8973031044006,
            1521.758709192276,
            670.8368186950684,
            659.8746795654297,
            660.3919456005096,
            668.3460960388184,
            690.5894694328308,
            722.7615916728973
        ],
        "num_classes": [
            2,
            3,
            4,
            4,
            4,
            4,
            4,
            4
        ],
        "test_f1_macro": [
            0.7183644045533415,
            0.6101379274690563,
            0.44088690540657255,
            0.44088690540657255,
            0.44088690540657255,
            0.44088690540657255,
            0.44088690540657255,
            0.44088690540657255
        ],
        "test_f1_micro": [
            0.7222856846149852,
            0.6691297007658242,
            0.5733207636106529,
            0.5733207636106529,
            0.5733207636106529,
            0.5733207636106529,
            0.5733207636106529,
            0.5733207636106529
        ],
        "test_f1_weighted": [
            0.7260775494930763,
            0.6770904103534487,
            0.6003904251033871,
            0.6003904251033871,
            0.6003904251033871,
            0.6003904251033871,
            0.6003904251033871,
            0.6003904251033871
        ],
        "cv_class_weights": [
            0.24084831570065557,
            0.6468723918763555,
            0.8728635995526584,
            0.8728635995526584,
            0.8728635995526584,
            0.8728635995526584,
            0.8728635995526584,
            0.8728635995526584
        ],
        "total_training_samples": [
            123256,
            130785,
            135776,
            135776,
            135776,
            135776,
            135776,
            135776
        ],
        "imbalance_ratio": [
            1.6345196109864273,
            10.146957214988042,
            15.435871541102808,
            15.435871541102808,
            15.435871541102808,
            15.435871541102808,
            15.435871541102808,
            15.435871541102808
        ],
        "entropy": [
            0.9577419018537261,
            0.7702557834659559,
            0.7008194571674624,
            0.7008194571674624,
            0.7008194571674624,
            0.7008194571674624,
            0.7008194571674624,
            0.7008194571674624
        ],
        "test_precision_macro": [
            0.7218371187137173,
            0.5832208823514775,
            0.4297172622733455,
            0.4297172622733455,
            0.4297172622733455,
            0.4297172622733455,
            0.4297172622733455,
            0.4297172622733455
        ],
        "test_recall_macro": [
            0.7344643675111404,
            0.6748815578123222,
            0.49903723230937713,
            0.49903723230937713,
            0.49903723230937713,
            0.49903723230937713,
            0.49903723230937713,
            0.49903723230937713
        ],
        "classification_reports": [
            {
                "0": {
                    "precision": 0.606651376146789,
                    "recall": 0.7869362363919129,
                    "f1-score": 0.6851323109528155,
                    "support": 14789.0
                },
                "1": {
                    "precision": 0.8370228612806455,
                    "recall": 0.6819924986303679,
                    "f1-score": 0.7515964981538676,
                    "support": 23729.0
                },
                "accuracy": 0.7222856846149852,
                "macro avg": {
                    "precision": 0.7218371187137173,
                    "recall": 0.7344643675111404,
                    "f1-score": 0.7183644045533415,
                    "support": 38518.0
                },
                "weighted avg": {
                    "precision": 0.7485716464292876,
                    "recall": 0.7222856846149852,
                    "f1-score": 0.7260775494930763,
                    "support": 38518.0
                }
            },
            {
                "0": {
                    "precision": 0.566798418972332,
                    "recall": 0.5871434420636004,
                    "f1-score": 0.5767915800764228,
                    "support": 14654.0
                },
                "1": {
                    "precision": 0.3787205686361617,
                    "recall": 0.7233771743742045,
                    "f1-score": 0.4971570199737571,
                    "support": 2357.0
                },
                "2": {
                    "precision": 0.8041436594459389,
                    "recall": 0.7141240569991618,
                    "f1-score": 0.756465182356989,
                    "support": 23860.0
                },
                "accuracy": 0.6691297007658242,
                "macro avg": {
                    "precision": 0.5832208823514775,
                    "recall": 0.6748815578123222,
                    "f1-score": 0.6101379274690563,
                    "support": 40871.0
                },
                "weighted avg": {
                    "precision": 0.6945114170506249,
                    "recall": 0.6691297007658242,
                    "f1-score": 0.6770904103534487,
                    "support": 40871.0
                }
            },
            {
                "0": {
                    "precision": 0.5116113912364179,
                    "recall": 0.49153930131004364,
                    "f1-score": 0.5013745345721544,
                    "support": 14656.0
                },
                "1": {
                    "precision": 0.09426485922836288,
                    "recall": 0.2810945273631841,
                    "f1-score": 0.14118382008433547,
                    "support": 1608.0
                },
                "2": {
                    "precision": 0.3162236480293309,
                    "recall": 0.5808080808080808,
                    "f1-score": 0.4094955489614243,
                    "support": 2376.0
                },
                "3": {
                    "precision": 0.7967691505992704,
                    "recall": 0.6427070197562,
                    "f1-score": 0.711493718008376,
                    "support": 23790.0
                },
                "accuracy": 0.5733207636106529,
                "macro avg": {
                    "precision": 0.4297172622733455,
                    "recall": 0.49903723230937713,
                    "f1-score": 0.44088690540657255,
                    "support": 42430.0
                },
                "weighted avg": {
                    "precision": 0.6447381551749818,
                    "recall": 0.5733207636106529,
                    "f1-score": 0.6003904251033871,
                    "support": 42430.0
                }
            },
            {
                "0": {
                    "precision": 0.5116113912364179,
                    "recall": 0.49153930131004364,
                    "f1-score": 0.5013745345721544,
                    "support": 14656.0
                },
                "1": {
                    "precision": 0.09426485922836288,
                    "recall": 0.2810945273631841,
                    "f1-score": 0.14118382008433547,
                    "support": 1608.0
                },
                "2": {
                    "precision": 0.3162236480293309,
                    "recall": 0.5808080808080808,
                    "f1-score": 0.4094955489614243,
                    "support": 2376.0
                },
                "3": {
                    "precision": 0.7967691505992704,
                    "recall": 0.6427070197562,
                    "f1-score": 0.711493718008376,