{
    "AdvancedTabularClassifier": {
        "filter_sizes": [
            12000,
            8000,
            6000,
            4500,
            3500,
            1500,
            1000,
            300
        ],
        "training_time_seconds": [
            83.12687969207764,
            126.51707363128662,
            106.09738755226135,
            49.744651556015015,
            55.16965889930725,
            45.92283511161804,
            49.856436014175415,
            67.11493682861328
        ],
        "num_classes": [
            2,
            2,
            2,
            3,
            3,
            3,
            3,
            4
        ],
        "test_f1_macro": [
            0.9998441566292051,
            0.9999064939775231,
            0.9998129934831446,
            0.7684987453312204,
            0.7403668380633084,
            0.7718389528013819,
            0.7683025443597177,
            0.6787797877160203
        ],
        "test_f1_micro": [
            0.999879203710862,
            0.9999275222265172,
            0.9998550444530344,
            0.929435960474682,
            0.9045435204009267,
            0.9326272989456763,
            0.9292468441208454,
            0.9294838557624322
        ],
        "test_f1_weighted": [
            0.9998792019253874,
            0.9999275211552324,
            0.9998550444530344,
            0.9467020485322327,
            0.9333398968008604,
            0.9508190035624207,
            0.9476615067989568,
            0.9475684735898318
        ],
        "cv_class_weights": [
            0.4677548408508301,
            0.4677548408508301,
            0.4677548408508301,
            1.200628638267517,
            1.200628638267517,
            1.200628638267517,
            1.200628638267517,
            1.4263921976089478
        ],
        "imbalance_ratio": [
            2.7576668841669267,
            2.7576668841669267,
            2.7576668841669267,
            33.36020583190395,
            33.36020583190395,
            33.36020583190395,
            33.36020583190395,
            235.11352657004832
        ],
        "total_training_samples": [
            132454,
            132454,
            132454,
            135364,
            135364,
            135364,
            135364,
            135776
        ],
        "entropy": [
            0.5793640140080556,
            0.5793640140080556,
            0.5793640140080556,
            0.6705127663073001,
            0.6705127663073001,
            0.6705127663073001,
            0.6705127663073001,
            0.6877410771768522
        ],
        "test_precision_macro": [
            0.9998589340851941,
            0.9999212732764143,
            0.9998129934831446,
            0.7356625623151963,
            0.722845596986371,
            0.74179014129344,
            0.7395738142611533,
            0.6236010934298393
        ],
        "test_recall_macro": [
            0.99982938155263,
            0.9998917170582484,
            0.9998129934831446,
            0.9293099782608406,
            0.929339422666478,
            0.9352754172276397,
            0.9306061611208385,
            0.9003717750650045
        ],
        "classification_reports": [
            {
                "0": {
                    "precision": 0.9999016748058077,
                    "recall": 0.9999344477220583,
                    "f1-score": 0.999918060995395,
                    "support": 30510.0
                },
                "1": {
                    "precision": 0.9998161933645805,
                    "recall": 0.9997243153832016,
                    "f1-score": 0.9997702522630152,
                    "support": 10882.0
                },
                "accuracy": 0.999879203710862,
                "macro avg": {
                    "precision": 0.9998589340851941,
                    "recall": 0.99982938155263,
                    "f1-score": 0.9998441566292051,
                    "support": 41392.0
                },
                "weighted avg": {
                    "precision": 0.9998792016456938,
                    "recall": 0.999879203710862,
                    "f1-score": 0.9998792019253874,
                    "support": 41392.0
                }
            },
            {
                "0": {
                    "precision": 0.9999344498705385,
                    "recall": 0.9999672238610292,
                    "f1-score": 0.999950836597237,
                    "support": 30510.0
                },
                "1": {
                    "precision": 0.9999080966822902,
                    "recall": 0.9998162102554677,
                    "f1-score": 0.9998621513578091,
                    "support": 10882.0
                },
                "accuracy": 0.9999275222265172,
                "macro avg": {
                    "precision": 0.9999212732764143,
                    "recall": 0.9998917170582484,
                    "f1-score": 0.9999064939775231,
                    "support": 41392.0
                },
                "weighted avg": {
                    "precision": 0.9999275215898437,
                    "recall": 0.9999275222265172,
                    "f1-score": 0.9999275211552324,
                    "support": 41392.0
                }
            },
            {
                "0": {
                    "precision": 0.9999016715830875,
                    "recall": 0.9999016715830875,
                    "f1-score": 0.9999016715830875,
                    "support": 30510.0
                },
                "1": {
                    "precision": 0.9997243153832016,
                    "recall": 0.9997243153832016,
                    "f1-score": 0.9997243153832016,
                    "support": 10882.0
                },
                "accuracy": 0.9998550444530344,
                "macro avg": {
                    "precision": 0.9998129934831446,
                    "recall": 0.9998129934831446,
                    "f1-score": 0.9998129934831446,
                    "support": 41392.0
                },
                "weighted avg": {
                    "precision": 0.9998550444530344,
                    "recall": 0.9998550444530344,
                    "f1-score": 0.9998550444530344,
                    "support": 41392.0
                }
            },
            {
                "0": {
                    "precision": 0.23231441048034934,
                    "recall": 0.8827433628318584,
                    "f1-score": 0.3678266881769993,
                    "support": 904.0
                },
                "1": {
                    "precision": 0.9960641294143135,
                    "recall": 0.9056436521225254,
                    "f1-score": 0.9487042800887314,
                    "support": 30459.0
                },
                "2": {
                    "precision": 0.9786091470509264,
                    "recall": 0.9995429198281378,
                    "f1-score": 0.9889652677279306,
                    "support": 10939.0
                },
                "accuracy": 0.929435960474682,
                "macro avg": {
                    "precision": 0.7356625623151963,
                    "recall": 0.9293099782608406,
                    "f1-score": 0.7684987453312204,
                    "support": 42302.0
                },
                "weighted avg": {
                    "precision": 0.9752289490921208,
                    "recall": 0.929435960474682,
                    "f1-score": 0.9467020485322327,
                    "support": 42302.0
                }
            },
            {
                "0": {
                    "precision": 0.1752055660974067,
                    "recall": 0.9192477876106194,
                    "f1-score": 0.29431556578714363,
                    "support": 904.0
                },
                "1": {
                    "precision": 0.9966167957296443,