{
    "AdvancedTabularClassifier": {
        "filter_sizes": [
            12000,
            8000,
            6000,
            4500,
            3500,
            1500,
            1000,
            300
        ],
        "training_time_seconds": [
            54.25765419006348,
            45.38371205329895,
            51.48312783241272,
            41.01478171348572,
            55.750452518463135,
            52.40382146835327,
            46.585856199264526,
            50.112658739089966
        ],
        "num_classes": [
            2,
            2,
            2,
            2,
            4,
            5,
            5,
            5
        ],
        "test_f1_macro": [
            0.8956314883990699,
            0.8927902847806766,
            0.892291042151721,
            0.8900481945844367,
            0.6803739472719448,
            0.5522471154142213,
            0.5571686535340297,
            0.562542234358144
        ],
        "test_f1_micro": [
            0.9617870534833235,
            0.9603808959936846,
            0.9612936648904677,
            0.9600108545490428,
            0.9234916864608076,
            0.9130096629743106,
            0.9126561395239218,
            0.9181711053499882
        ],
        "test_f1_weighted": [
            0.9624122648783191,
            0.96120409613025,
            0.9615765235381561,
            0.96053662929379,
            0.9282034689496267,
            0.9198356273589833,
            0.917894644007941,
            0.921581659969157
        ],
        "cv_class_weights": [
            0.8086559662025687,
            0.8086559662025687,
            0.8086559662025687,
            0.8086559662025687,
            1.4366621794956078,
            1.6678686811107044,
            1.6678686811107044,
            1.6678686811107044
        ],
        "imbalance_ratio": [
            9.474321705426357,
            9.474321705426357,
            9.474321705426357,
            9.474321705426357,
            47.042502004811546,
            110.57964184731385,
            110.57964184731385,
            110.57964184731385
        ],
        "total_training_samples": [
            129714,
            129714,
            129714,
            129714,
            134718,
            135776,
            135776,
            135776
        ],
        "entropy": [
            0.3150175183558238,
            0.3150175183558238,
            0.3150175183558238,
            0.3150175183558238,
            0.4878513770286893,
            0.5297442692876037,
            0.5297442692876037,
            0.5297442692876037
        ],
        "test_precision_macro": [
            0.8832278856593945,
            0.8773319987956518,
            0.8866662347312799,
            0.8801390704327513,
            0.6440018062159196,
            0.522439731149495,
            0.5363118213370489,
            0.5420822397920801
        ],
        "test_recall_macro": [
            0.9091608278858047,
            0.9100609600682601,
            0.8981369679946287,
            0.9006732407260282,
            0.7514576101746839,
            0.6116351781194123,
            0.5999758814807765,
            0.6044071558994634
        ],
        "classification_reports": [
            {
                "0": {
                    "precision": 0.7836134453781513,
                    "recall": 0.8436793164111586,
                    "f1-score": 0.8125378191939974,
                    "support": 3979.0
                },
                "1": {
                    "precision": 0.9828423259406378,
                    "recall": 0.9746423393604507,
                    "f1-score": 0.9787251576041424,
                    "support": 36557.0
                },
                "accuracy": 0.9617870534833235,
                "macro avg": {
                    "precision": 0.8832278856593945,
                    "recall": 0.9091608278858047,
                    "f1-score": 0.8956314883990699,
                    "support": 40536.0
                },
                "weighted avg": {
                    "precision": 0.9632860866531371,
                    "recall": 0.9617870534833235,
                    "f1-score": 0.9624122648783191,
                    "support": 40536.0
                }
            },
            {
                "0": {
                    "precision": 0.7714481811942348,
                    "recall": 0.8474491078160342,
                    "f1-score": 0.8076646706586826,
                    "support": 3979.0
                },
                "1": {
                    "precision": 0.983215816397069,
                    "recall": 0.9726728123204859,
                    "f1-score": 0.9779158989026704,
                    "support": 36557.0
                },
                "accuracy": 0.9603808959936846,
                "macro avg": {
                    "precision": 0.8773319987956518,
                    "recall": 0.9100609600682601,
                    "f1-score": 0.8927902847806766,
                    "support": 40536.0
                },
                "weighted avg": {
                    "precision": 0.9624287772103688,
                    "recall": 0.9603808959936846,
                    "f1-score": 0.96120409613025,
                    "support": 40536.0
                }
            },
            {
                "0": {
                    "precision": 0.793044747081712,
                    "recall": 0.8195526514199548,
                    "f1-score": 0.8060808305524657,
                    "support": 3979.0
                },
                "1": {
                    "precision": 0.9802877223808478,
                    "recall": 0.9767212845693027,
                    "f1-score": 0.9785012537509763,
                    "support": 36557.0
                },
                "accuracy": 0.9612936648904677,
                "macro avg": {
                    "precision": 0.8866662347312799,
                    "recall": 0.8981369679946287,
                    "f1-score": 0.892291042151721,
                    "support": 40536.0
                },
                "weighted avg": {
                    "precision": 0.9619080154853658,
                    "recall": 0.9612936648904677,
                    "f1-score": 0.9615765235381561,
                    "support": 40536.0
                }
            },
            {
                "0": {
                    "precision": 0.7792515395547134,
                    "recall": 0.8268409148027143,
                    "f1-score": 0.8023411779051335,
                    "support": 3979.0
                },
                "1": {
                    "precision": 0.9810266013107892,
                    "recall": 0.9745055666493421,
                    "f1-score": 0.97775521126374,
                    "support": 36557.0
                },
                "accuracy": 0.9600108545490428,
                "macro avg": {
                    "precision": 0.8801390704327513,
                    "recall": 0.9006732407260282,
                    "f1-score": 0.8900481945844367,
                    "support": 40536.0
                },
                "weighted avg": {
                    "precision": 0.9612204297416305,
                    "recall": 0.9600108545490428,
                    "f1-score": 0.96053662929379,
                    "support": 40536.0
                }
            },
            {
                "0": {
                    "precision": 0.7079472058410559,
                    "recall": 0.6359737638748738,
                    "f1-score": 0.6700332225913621,
                    "support": 3964.0
                },
                "1": {
                    "precision": 0.9820339266315702,
                    "recall": 0.9642271086314408,
                    "f1-score": 0.9730490581660112,
                    "support": 36564.0
                },
                "2": {
                    "precision": 0.3231058234189105,