{
    "AdvancedTabularClassifier": {
        "filter_sizes": [
            12000,
            8000,
            6000,
            4500,
            3500,
            1500,
            1000,
            300
        ],
        "training_time_seconds": [
            142.61381316184998,
            57.16402864456177,
            71.72079086303711,
            64.68072462081909,
            46.08417344093323,
            43.46673560142517,
            40.913410902023315,
            49.633923292160034
        ],
        "num_classes": [
            2,
            2,
            2,
            3,
            3,
            3,
            3,
            4
        ],
        "test_f1_macro": [
            0.9997506137405665,
            0.9998441566292051,
            0.9998441381971388,
            0.7818600591467103,
            0.7597557446118782,
            0.798171300208986,
            0.7830424760760014,
            0.5580861079938934
        ],
        "test_f1_micro": [
            0.9998067259373792,
            0.999879203710862,
            0.999879203710862,
            0.9394827667722566,
            0.923596993049974,
            0.9502151198524893,
            0.9420358375490521,
            0.8422814046665096
        ],
        "test_f1_weighted": [
            0.9998067087899216,
            0.9998792019253874,
            0.9998791947806135,
            0.9542535231068756,
            0.9452309535362701,
            0.9618708246631699,
            0.9565017338691704,
            0.892977558308551
        ],
        "cv_class_weights": [
            0.46982348588944084,
            0.46982348588944084,
            0.46982348588944084,
            0.8676793902517999,
            0.8676793902517999,
            0.8676793902517999,
            0.8676793902517999,
            1.1499011785704858
        ],
        "imbalance_ratio": [
            2.7576668841669267,
            2.7576668841669267,
            2.7576668841669267,
            33.36020583190395,
            33.36020583190395,
            33.36020583190395,
            33.36020583190395,
            235.11352657004832
        ],
        "total_training_samples": [
            132454,
            132454,
            132454,
            135364,
            135364,
            135364,
            135364,
            135776
        ],
        "entropy": [
            0.5793640140080556,
            0.5793640140080556,
            0.5793640140080556,
            0.6705127663073001,
            0.6705127663073001,
            0.6705127663073001,
            0.6705127663073001,
            0.6877410771768522
        ],
        "test_precision_macro": [
            0.9998393332848357,
            0.9998589340851941,
            0.9999180730788138,
            0.7466743346084836,
            0.7337613093919155,
            0.7602954945311483,
            0.7497090314005757,
            0.5520605061443362
        ],
        "test_recall_macro": [
            0.9996619798775832,
            0.99982938155263,
            0.9997702628193347,
            0.9336423080365073,
            0.9314401664709218,
            0.9355140923535918,
            0.9278756109318871,
            0.8702620280860189
        ],
        "classification_reports": [
            {
                "0": {
                    "precision": 0.9997706121378949,
                    "recall": 0.9999672238610292,
                    "f1-score": 0.9998689083341527,
                    "support": 30510.0
                },
                "1": {
                    "precision": 0.9999080544317764,
                    "recall": 0.9993567358941371,
                    "f1-score": 0.9996323191469805,
                    "support": 10882.0
                },
                "accuracy": 0.9998067259373792,
                "macro avg": {
                    "precision": 0.9998393332848357,
                    "recall": 0.9996619798775832,
                    "f1-score": 0.9997506137405665,
                    "support": 41392.0
                },
                "weighted avg": {
                    "precision": 0.9998067458604021,
                    "recall": 0.9998067259373792,
                    "f1-score": 0.9998067087899216,
                    "support": 41392.0
                }
            },
            {
                "0": {
                    "precision": 0.9999016748058077,
                    "recall": 0.9999344477220583,
                    "f1-score": 0.999918060995395,
                    "support": 30510.0
                },
                "1": {
                    "precision": 0.9998161933645805,
                    "recall": 0.9997243153832016,
                    "f1-score": 0.9997702522630152,
                    "support": 10882.0
                },
                "accuracy": 0.999879203710862,
                "macro avg": {
                    "precision": 0.9998589340851941,
                    "recall": 0.99982938155263,
                    "f1-score": 0.9998441566292051,
                    "support": 41392.0
                },
                "weighted avg": {
                    "precision": 0.9998792016456938,
                    "recall": 0.999879203710862,
                    "f1-score": 0.9998792019253874,
                    "support": 41392.0
                }
            },
            {
                "0": {
                    "precision": 0.9998361461576274,
                    "recall": 1.0,
                    "f1-score": 0.9999180663662434,
                    "support": 30510.0
                },
                "1": {
                    "precision": 1.0,
                    "recall": 0.9995405256386694,
                    "f1-score": 0.9997702100280343,
                    "support": 10882.0
                },
                "accuracy": 0.999879203710862,
                "macro avg": {
                    "precision": 0.9999180730788138,
                    "recall": 0.9997702628193347,
                    "f1-score": 0.9998441381971388,
                    "support": 41392.0
                },
                "weighted avg": {
                    "precision": 0.9998792235037981,
                    "recall": 0.999879203710862,
                    "f1-score": 0.9998791947806135,
                    "support": 41392.0
                }
            },
            {
                "0": {
                    "precision": 0.2541454081632653,
                    "recall": 0.8816371681415929,
                    "f1-score": 0.39455445544554457,
                    "support": 904.0
                },
                "1": {
                    "precision": 0.9961943377436335,
                    "recall": 0.9195640040710463,
                    "f1-score": 0.9563465642338882,
                    "support": 30459.0
                },
                "2": {
                    "precision": 0.989683257918552,
                    "recall": 0.9997257518968827,
                    "f1-score": 0.9946791577606985,
                    "support": 10939.0
                },
                "accuracy": 0.9394827667722566,
                "macro avg": {
                    "precision": 0.7466743346084836,
                    "recall": 0.9336423080365073,
                    "f1-score": 0.7818600591467103,
                    "support": 42302.0
                },
                "weighted avg": {
                    "precision": 0.9786529228094172,
                    "recall": 0.9394827667722566,
                    "f1-score": 0.9542535231068756,
                    "support": 42302.0
                }
            },
            {
                "0": {
                    "precision": 0.20724859622256253,
                    "recall": 0.8982300884955752,
                    "f1-score": 0.33678971381169637,
                    "support": 904.0
                },
                "1": {
                    "precision": 0.9963184369760152,
                    "recall": 0.8973702353984044,