{
    "TabNet": {
        "filter_sizes": [
            12000,
            8000,
            6000,
            4500,
            3500,
            1500,
            1000,
            300
        ],
        "training_time_seconds": [
            1321.1633608341217,
            1188.7341058254242,
            1219.603722333908,
            1306.2236528396606,
            1337.406958580017,
            706.1740207672119,
            644.0713863372803,
            656.2153151035309
        ],
        "num_classes": [
            2,
            2,
            2,
            2,
            4,
            5,
            5,
            5
        ],
        "test_f1_macro": [
            0.8871688945750951,
            0.8871688945750951,
            0.8871688945750951,
            0.8871688945750951,
            0.6784059007756696,
            0.48565437651117643,
            0.48565437651117643,
            0.48565437651117643
        ],
        "test_f1_micro": [
            0.9543122163015592,
            0.9543122163015592,
            0.9543122163015592,
            0.9543122163015592,
            0.9239192399049881,
            0.8960405373556446,
            0.8960405373556446,
            0.8960405373556446
        ],
        "test_f1_weighted": [
            0.957786405446216,
            0.957786405446216,
            0.957786405446216,
            0.957786405446216,
            0.929251518667737,
            0.9028912904668178,
            0.9028912904668178,
            0.9028912904668178
        ],
        "cv_class_weights": [
            0.8071449398994446,
            0.8071449398994446,
            0.8071449398994446,
            0.8071449398994446,
            0.8085278868675232,
            0.9124773740768433,
            0.9124773740768433,
            0.9124773740768433
        ],
        "total_training_samples": [
            129714,
            129714,
            129714,
            129714,
            134718,
            135776,
            135776,
            135776
        ],
        "imbalance_ratio": [
            9.370482890949791,
            9.370482890949791,
            9.370482890949791,
            9.370482890949791,
            47.79845276872964,
            112.97109826589596,
            112.97109826589596,
            112.97109826589596
        ],
        "entropy": [
            0.31716177628398884,
            0.31716177628398884,
            0.31716177628398884,
            0.31716177628398884,
            0.48628086853409125,
            0.5306746939607255,
            0.5306746939607255,
            0.5306746939607255
        ],
        "test_precision_macro": [
            0.8389247426144018,
            0.8389247426144018,
            0.8389247426144018,
            0.8389247426144018,
            0.635477632567314,
            0.4560671176436692,
            0.4560671176436692,
            0.4560671176436692
        ],
        "test_recall_macro": [
            0.9610720070552559,
            0.9610720070552559,
            0.9610720070552559,
            0.9610720070552559,
            0.7398983120693098,
            0.5445712547881051,
            0.5445712547881051,
            0.5445712547881051
        ],
        "classification_reports": [
            {
                "0": {
                    "precision": 0.6811833884601249,
                    "recall": 0.9694037656903766,
                    "f1-score": 0.800129505719836,
                    "support": 3824.0
                },
                "1": {
                    "precision": 0.9966660967686785,
                    "recall": 0.9527402484201352,
                    "f1-score": 0.974208283430354,
                    "support": 36712.0
                },
                "accuracy": 0.9543122163015592,
                "macro avg": {
                    "precision": 0.8389247426144018,
                    "recall": 0.9610720070552559,
                    "f1-score": 0.8871688945750951,
                    "support": 40536.0
                },
                "weighted avg": {
                    "precision": 0.9669047518759434,
                    "recall": 0.9543122163015592,
                    "f1-score": 0.957786405446216,
                    "support": 40536.0
                }
            },
            {
                "0": {
                    "precision": 0.6811833884601249,
                    "recall": 0.9694037656903766,
                    "f1-score": 0.800129505719836,
                    "support": 3824.0
                },
                "1": {
                    "precision": 0.9966660967686785,
                    "recall": 0.9527402484201352,
                    "f1-score": 0.974208283430354,
                    "support": 36712.0
                },
                "accuracy": 0.9543122163015592,
                "macro avg": {
                    "precision": 0.8389247426144018,
                    "recall": 0.9610720070552559,
                    "f1-score": 0.8871688945750951,
                    "support": 40536.0
                },
                "weighted avg": {
                    "precision": 0.9669047518759434,
                    "recall": 0.9543122163015592,
                    "f1-score": 0.957786405446216,
                    "support": 40536.0
                }
            },
            {
                "0": {
                    "precision": 0.6811833884601249,
                    "recall": 0.9694037656903766,
                    "f1-score": 0.800129505719836,
                    "support": 3824.0
                },
                "1": {
                    "precision": 0.9966660967686785,
                    "recall": 0.9527402484201352,
                    "f1-score": 0.974208283430354,
                    "support": 36712.0
                },
                "accuracy": 0.9543122163015592,
                "macro avg": {
                    "precision": 0.8389247426144018,
                    "recall": 0.9610720070552559,
                    "f1-score": 0.8871688945750951,
                    "support": 40536.0
                },
                "weighted avg": {
                    "precision": 0.9669047518759434,
                    "recall": 0.9543122163015592,
                    "f1-score": 0.957786405446216,
                    "support": 40536.0
                }
            },
            {
                "0": {
                    "precision": 0.6811833884601249,
                    "recall": 0.9694037656903766,
                    "f1-score": 0.800129505719836,
                    "support": 3824.0
                },
                "1": {
                    "precision": 0.9966660967686785,
                    "recall": 0.9527402484201352,
                    "f1-score": 0.974208283430354,
                    "support": 36712.0
                },
                "accuracy": 0.9543122163015592,
                "macro avg": {
                    "precision": 0.8389247426144018,
                    "recall": 0.9610720070552559,
                    "f1-score": 0.8871688945750951,
                    "support": 40536.0
                },
                "weighted avg": {
                    "precision": 0.9669047518759434,
                    "recall": 0.9543122163015592,
                    "f1-score": 0.957786405446216,
                    "support": 40536.0
                }
            },
            {
                "0": {
                    "precision": 0.7115987460815048,
                    "recall": 0.7933100349475787,
                    "f1-score": 0.7502360717658169,
                    "support": 4006.0
                },
                "1": {
                    "precision": 0.9842745020258975,
                    "recall": 0.9523000164482702,
                    "f1-score": 0.9680232963174541,
                    "support": 36478.0
                },
                "2": {
                    "precision": 0.3749013417521705,
                    "recall": 0.5900621118012422,