{
    "AdvancedTabularClassifier": {
        "filter_sizes": [
            12000,
            8000,
            6000,
            4500,
            3500,
            1500,
            1000,
            300
        ],
        "training_time_seconds": [
            61.132505655288696,
            129.45431303977966,
            92.2749936580658,
            56.955246448516846,
            43.54161214828491,
            41.151098012924194,
            57.410237312316895,
            48.65183448791504
        ],
        "num_classes": [
            2,
            2,
            2,
            3,
            3,
            3,
            3,
            4
        ],
        "test_f1_macro": [
            0.9996883040438986,
            0.9998441566292051,
            0.9996883040438986,
            0.8717182706026737,
            0.8764939753008747,
            0.8751975648990822,
            0.8731303125135855,
            0.7451350198962288
        ],
        "test_f1_micro": [
            0.999758407421724,
            0.999879203710862,
            0.999758407421724,
            0.9811356437047893,
            0.9824830977258758,
            0.9822939813720392,
            0.9818684695759066,
            0.9721187838793307
        ],
        "test_f1_weighted": [
            0.9997584002792504,
            0.9998792019253874,
            0.9997584002792504,
            0.9823338417790511,
            0.9830698508141997,
            0.9826621534547273,
            0.982861232600407,
            0.975300440257657
        ],
        "cv_class_weights": [
            0.014914870262145996,
            0.014914870262145996,
            0.014914870262145996,
            0.6945561170578003,
            0.6945561170578003,
            0.6945561170578003,
            0.6945561170578003,
            1.2879289388656616
        ],
        "imbalance_ratio": [
            2.7576668841669267,
            2.7576668841669267,
            2.7576668841669267,
            33.36020583190395,
            33.36020583190395,
            33.36020583190395,
            33.36020583190395,
            235.11352657004832
        ],
        "total_training_samples": [
            132454,
            132454,
            132454,
            135364,
            135364,
            135364,
            135364,
            135776
        ],
        "entropy": [
            0.5793640140080556,
            0.5793640140080556,
            0.5793640140080556,
            0.6705127663073001,
            0.6705127663073001,
            0.6705127663073001,
            0.6705127663073001,
            0.6877410771768522
        ],
        "test_precision_macro": [
            0.9997178544989049,
            0.9998589340851941,
            0.9997178544989049,
            0.8484180016249859,
            0.86304802342675,
            0.8664182851649779,
            0.8524764008300666,
            0.6975119393441567
        ],
        "test_recall_macro": [
            0.99965876310526,
            0.99982938155263,
            0.99965876310526,
            0.9028605611780325,
            0.8922625053554771,
            0.8849215564693168,
            0.8995375449824312,
            0.8664035383884259
        ],
        "classification_reports": [
            {
                "0": {
                    "precision": 0.9998033560566335,
                    "recall": 0.9998688954441167,
                    "f1-score": 0.9998361246763462,
                    "support": 30510.0
                },
                "1": {
                    "precision": 0.9996323529411765,
                    "recall": 0.9994486307664032,
                    "f1-score": 0.9995404834114512,
                    "support": 10882.0
                },
                "accuracy": 0.999758407421724,
                "macro avg": {
                    "precision": 0.9997178544989049,
                    "recall": 0.99965876310526,
                    "f1-score": 0.9996883040438986,
                    "support": 41392.0
                },
                "weighted avg": {
                    "precision": 0.9997583991591074,
                    "recall": 0.999758407421724,
                    "f1-score": 0.9997584002792504,
                    "support": 41392.0
                }
            },
            {
                "0": {
                    "precision": 0.9999016748058077,
                    "recall": 0.9999344477220583,
                    "f1-score": 0.999918060995395,
                    "support": 30510.0
                },
                "1": {
                    "precision": 0.9998161933645805,
                    "recall": 0.9997243153832016,
                    "f1-score": 0.9997702522630152,
                    "support": 10882.0
                },
                "accuracy": 0.999879203710862,
                "macro avg": {
                    "precision": 0.9998589340851941,
                    "recall": 0.99982938155263,
                    "f1-score": 0.9998441566292051,
                    "support": 41392.0
                },
                "weighted avg": {
                    "precision": 0.9998792016456938,
                    "recall": 0.999879203710862,
                    "f1-score": 0.9998792019253874,
                    "support": 41392.0
                }
            },
            {
                "0": {
                    "precision": 0.9998033560566335,
                    "recall": 0.9998688954441167,
                    "f1-score": 0.9998361246763462,
                    "support": 30510.0
                },
                "1": {
                    "precision": 0.9996323529411765,
                    "recall": 0.9994486307664032,
                    "f1-score": 0.9995404834114512,
                    "support": 10882.0
                },
                "accuracy": 0.999758407421724,
                "macro avg": {
                    "precision": 0.9997178544989049,
                    "recall": 0.99965876310526,
                    "f1-score": 0.9996883040438986,
                    "support": 41392.0
                },
                "weighted avg": {
                    "precision": 0.9997583991591074,
                    "recall": 0.999758407421724,
                    "f1-score": 0.9997584002792504,
                    "support": 41392.0
                }
            },
            {
                "0": {
                    "precision": 0.5543386689132266,
                    "recall": 0.7278761061946902,
                    "f1-score": 0.6293639406982305,
                    "support": 904.0
                },
                "1": {
                    "precision": 0.9911900109296857,
                    "recall": 0.9825338980268558,
                    "f1-score": 0.986842973026446,
                    "support": 30459.0
                },
                "2": {
                    "precision": 0.9997253250320454,
                    "recall": 0.9981716793125515,
                    "f1-score": 0.9989478980833447,
                    "support": 10939.0
                },
                "accuracy": 0.9811356437047893,
                "macro avg": {
                    "precision": 0.8484180016249859,
                    "recall": 0.9028605611780325,
                    "f1-score": 0.8717182706026737,
                    "support": 42302.0
                },
                "weighted avg": {
                    "precision": 0.9840616053645312,
                    "recall": 0.9811356437047893,
                    "f1-score": 0.9823338417790511,
                    "support": 42302.0
                }
            },
            {
                "0": {
                    "precision": 0.5998089780324737,
                    "recall": 0.6946902654867256,
                    "f1-score": 0.6437724243977447,
                    "support": 904.0
                },
                "1": {
                    "precision": 0.9894268774703557,