{
    "AdvancedTabularClassifier": {
        "filter_sizes": [
            12000,
            8000,
            6000,
            4500,
            3500,
            1500,
            1000,
            300
        ],
        "training_time_seconds": [
            45.75196385383606,
            40.983216285705566,
            41.8206787109375,
            45.66781449317932,
            48.784623861312866,
            40.155503034591675,
            52.48401737213135,
            47.24499821662903
        ],
        "num_classes": [
            2,
            2,
            2,
            2,
            4,
            5,
            5,
            5
        ],
        "test_f1_macro": [
            0.8887513487114607,
            0.8918170063937565,
            0.8849960592244249,
            0.8916276497542877,
            0.7007095343790392,
            0.5403382827248622,
            0.5622119213327806,
            0.5628803669351516
        ],
        "test_f1_micro": [
            0.960109532267614,
            0.9611703177422538,
            0.9595421353858299,
            0.9621077560686797,
            0.9319002375296912,
            0.9158378505774216,
            0.9196794720716475,
            0.9186189017204808
        ],
        "test_f1_weighted": [
            0.9603579066628657,
            0.9614310123436993,
            0.9594096536963654,
            0.9618662824710285,
            0.9335612576334488,
            0.9191847934944601,
            0.9238999845704826,
            0.9222979865685449
        ],
        "cv_class_weights": [
            0.16947022080421448,
            0.16947022080421448,
            0.16947022080421448,
            0.16947022080421448,
            0.5817397832870483,
            0.7476152181625366,
            0.7476152181625366,
            0.7476152181625366
        ],
        "imbalance_ratio": [
            9.474321705426357,
            9.474321705426357,
            9.474321705426357,
            9.474321705426357,
            47.042502004811546,
            110.57964184731385,
            110.57964184731385,
            110.57964184731385
        ],
        "total_training_samples": [
            129714,
            129714,
            129714,
            129714,
            134718,
            135776,
            135776,
            135776
        ],
        "entropy": [
            0.3150175183558238,
            0.3150175183558238,
            0.3150175183558238,
            0.3150175183558238,
            0.4878513770286893,
            0.5297442692876037,
            0.5297442692876037,
            0.5297442692876037
        ],
        "test_precision_macro": [
            0.8839887638641184,
            0.8866476350695776,
            0.8875392650902016,
            0.8967033221378401,
            0.6794550326783416,
            0.5500912453326938,
            0.5651599468781058,
            0.5368182665376088
        ],
        "test_recall_macro": [
            0.8936730559402175,
            0.8971727220999945,
            0.8824961817933241,
            0.886718179048479,
            0.7388804663482433,
            0.589282282881549,
            0.6007962176318171,
            0.6114902145340474
        ],
        "classification_reports": [
            {
                "0": {
                    "precision": 0.7886119257086999,
                    "recall": 0.8110077909022367,
                    "f1-score": 0.7996530789245446,
                    "support": 3979.0
                },
                "1": {
                    "precision": 0.9793656020195368,
                    "recall": 0.9763383209781984,
                    "f1-score": 0.9778496184983767,
                    "support": 36557.0
                },
                "accuracy": 0.960109532267614,
                "macro avg": {
                    "precision": 0.8839887638641184,
                    "recall": 0.8936730559402175,
                    "f1-score": 0.8887513487114607,
                    "support": 40536.0
                },
                "weighted avg": {
                    "precision": 0.9606412859044584,
                    "recall": 0.960109532267614,
                    "f1-score": 0.9603579066628657,
                    "support": 40536.0
                }
            },
            {
                "0": {
                    "precision": 0.7932211655693733,
                    "recall": 0.8175420960040211,
                    "f1-score": 0.8051980198019802,
                    "support": 3979.0
                },
                "1": {
                    "precision": 0.9800741045697818,
                    "recall": 0.9768033481959679,
                    "f1-score": 0.9784359929855326,
                    "support": 36557.0
                },
                "accuracy": 0.9611703177422538,
                "macro avg": {
                    "precision": 0.8866476350695776,
                    "recall": 0.8971727220999945,
                    "f1-score": 0.8918170063937565,
                    "support": 40536.0
                },
                "weighted avg": {
                    "precision": 0.9617326835049845,
                    "recall": 0.9611703177422538,
                    "f1-score": 0.9614310123436993,
                    "support": 40536.0
                }
            },
            {
                "0": {
                    "precision": 0.7982657485335374,
                    "recall": 0.7866298064840412,
                    "f1-score": 0.7924050632911392,
                    "support": 3979.0
                },
                "1": {
                    "precision": 0.976812781646866,
                    "recall": 0.9783625571026069,
                    "f1-score": 0.9775870551577106,
                    "support": 36557.0
                },
                "accuracy": 0.9595421353858299,
                "macro avg": {
                    "precision": 0.8875392650902016,
                    "recall": 0.8824961817933241,
                    "f1-score": 0.8849960592244249,
                    "support": 40536.0
                },
                "weighted avg": {
                    "precision": 0.9592866654844935,
                    "recall": 0.9595421353858299,
                    "f1-score": 0.9594096536963654,
                    "support": 40536.0
                }
            },
            {
                "0": {
                    "precision": 0.8158779415567623,
                    "recall": 0.7929127921588339,
                    "f1-score": 0.8042314555187356,
                    "support": 3979.0
                },
                "1": {
                    "precision": 0.9775287027189179,
                    "recall": 0.9805235659381241,
                    "f1-score": 0.9790238439898397,
                    "support": 36557.0
                },
                "accuracy": 0.9621077560686797,
                "macro avg": {
                    "precision": 0.8967033221378401,
                    "recall": 0.886718179048479,
                    "f1-score": 0.8916276497542877,
                    "support": 40536.0
                },
                "weighted avg": {
                    "precision": 0.9616611188758103,
                    "recall": 0.9621077560686797,
                    "f1-score": 0.9618662824710285,
                    "support": 40536.0
                }
            },
            {
                "0": {
                    "precision": 0.7464296123579132,
                    "recall": 0.6460645812310797,
                    "f1-score": 0.69263015551048,
                    "support": 3964.0
                },
                "1": {
                    "precision": 0.9767773421435034,
                    "recall": 0.9743463516026692,
                    "f1-score": 0.9755603324342457,
                    "support": 36564.0
                },
                "2": {
                    "precision": 0.3720748829953198,