{
    "AdvancedTabularClassifier": {
        "filter_sizes": [
            12000,
            8000,
            6000,
            4500,
            3500,
            1500,
            1000,
            300
        ],
        "training_time_seconds": [
            110.3969042301178,
            120.45099830627441,
            70.70801663398743,
            45.82551980018616,
            40.424724102020264,
            54.04911136627197,
            46.2713987827301,
            55.8922336101532
        ],
        "num_classes": [
            2,
            2,
            2,
            3,
            3,
            3,
            3,
            4
        ],
        "test_f1_macro": [
            0.9998129824263392,
            0.9998129824263392,
            0.9998129824263392,
            0.8698062973253036,
            0.8652721490209786,
            0.8760088372829632,
            0.874417351636342,
            0.7701608116847157
        ],
        "test_f1_micro": [
            0.9998550444530344,
            0.9998550444530344,
            0.9998550444530344,
            0.9798827478606212,
            0.9797645501394733,
            0.9825067372701054,
            0.9822703418278096,
            0.976738156964412
        ],
        "test_f1_weighted": [
            0.9998550401675502,
            0.9998550401675502,
            0.9998550401675502,
            0.9812947287479994,
            0.9809973503322532,
            0.9831931804081528,
            0.9826397660706796,
            0.9782582951872635
        ],
        "cv_class_weights": [
            0.4689628097301705,
            0.4689628097301705,
            0.4689628097301705,
            0.8670708603107885,
            0.8670708603107885,
            0.8670708603107885,
            0.8670708603107885,
            1.150705879465884
        ],
        "imbalance_ratio": [
            2.7576668841669267,
            2.7576668841669267,
            2.7576668841669267,
            33.36020583190395,
            33.36020583190395,
            33.36020583190395,
            33.36020583190395,
            235.11352657004832
        ],
        "total_training_samples": [
            132454,
            132454,
            132454,
            135364,
            135364,
            135364,
            135364,
            135776
        ],
        "entropy": [
            0.5793640140080556,
            0.5793640140080556,
            0.5793640140080556,
            0.6705127663073001,
            0.6705127663073001,
            0.6705127663073001,
            0.6705127663073001,
            0.6877410771768522
        ],
        "test_precision_macro": [
            0.999842540254172,
            0.999842540254172,
            0.999842540254172,
            0.8442210745394556,
            0.8423728793928992,
            0.8600929703788202,
            0.8650938239110526,
            0.7307206274176246
        ],
        "test_recall_macro": [
            0.9997834341164968,
            0.9997834341164968,
            0.9997834341164968,
            0.9055913064757372,
            0.8956621982918168,
            0.8950450832047737,
            0.8847027738174799,
            0.844613643625597
        ],
        "classification_reports": [
            {
                "0": {
                    "precision": 0.9998689040377556,
                    "recall": 0.9999344477220583,
                    "f1-score": 0.9999016748058077,
                    "support": 30510.0
                },
                "1": {
                    "precision": 0.9998161764705882,
                    "recall": 0.9996324205109355,
                    "f1-score": 0.9997242900468707,
                    "support": 10882.0
                },
                "accuracy": 0.9998550444530344,
                "macro avg": {
                    "precision": 0.999842540254172,
                    "recall": 0.9997834341164968,
                    "f1-score": 0.9998129824263392,
                    "support": 41392.0
                },
                "weighted avg": {
                    "precision": 0.9998550419053165,
                    "recall": 0.9998550444530344,
                    "f1-score": 0.9998550401675502,
                    "support": 41392.0
                }
            },
            {
                "0": {
                    "precision": 0.9998689040377556,
                    "recall": 0.9999344477220583,
                    "f1-score": 0.9999016748058077,
                    "support": 30510.0
                },
                "1": {
                    "precision": 0.9998161764705882,
                    "recall": 0.9996324205109355,
                    "f1-score": 0.9997242900468707,
                    "support": 10882.0
                },
                "accuracy": 0.9998550444530344,
                "macro avg": {
                    "precision": 0.999842540254172,
                    "recall": 0.9997834341164968,
                    "f1-score": 0.9998129824263392,
                    "support": 41392.0
                },
                "weighted avg": {
                    "precision": 0.9998550419053165,
                    "recall": 0.9998550444530344,
                    "f1-score": 0.9998550401675502,
                    "support": 41392.0
                }
            },
            {
                "0": {
                    "precision": 0.9998689040377556,
                    "recall": 0.9999344477220583,
                    "f1-score": 0.9999016748058077,
                    "support": 30510.0
                },
                "1": {
                    "precision": 0.9998161764705882,
                    "recall": 0.9996324205109355,
                    "f1-score": 0.9997242900468707,
                    "support": 10882.0
                },
                "accuracy": 0.9998550444530344,
                "macro avg": {
                    "precision": 0.999842540254172,
                    "recall": 0.9997834341164968,
                    "f1-score": 0.9998129824263392,
                    "support": 41392.0
                },
                "weighted avg": {
                    "precision": 0.9998550419053165,
                    "recall": 0.9998550444530344,
                    "f1-score": 0.9998550401675502,
                    "support": 41392.0
                }
            },
            {
                "0": {
                    "precision": 0.5421393841166937,
                    "recall": 0.7400442477876106,
                    "f1-score": 0.6258185219831618,
                    "support": 904.0
                },
                "1": {
                    "precision": 0.9905238395016732,
                    "recall": 0.9814833054269674,
                    "f1-score": 0.9859828496042217,
                    "support": 30459.0
                },
                "2": {
                    "precision": 1.0,
                    "recall": 0.9952463662126337,
                    "f1-score": 0.9976175203885275,
                    "support": 10939.0
                },
                "accuracy": 0.9798827478606212,
                "macro avg": {
                    "precision": 0.8442210745394556,
                    "recall": 0.9055913064757372,
                    "f1-score": 0.8698062973253036,
                    "support": 42302.0
                },
                "weighted avg": {
                    "precision": 0.9833922658650407,
                    "recall": 0.9798827478606212,
                    "f1-score": 0.9812947287479994,
                    "support": 42302.0
                }
            },
            {
                "0": {
                    "precision": 0.5396959459459459,
                    "recall": 0.706858407079646,
                    "f1-score": 0.6120689655172413,
                    "support": 904.0
                },
                "1": {
                    "precision": 0.9909778426429614,
                    "recall": 0.9808595160707837,