{
    "AdvancedTabularClassifier": {
        "filter_sizes": [
            12000,
            8000,
            6000,
            4500,
            3500,
            1500,
            1000,
            300
        ],
        "training_time_seconds": [
            47.65608739852905,
            46.93924045562744,
            38.910932302474976,
            52.73289728164673,
            45.10237407684326,
            54.484641313552856,
            50.550761699676514,
            53.4285569190979
        ],
        "num_classes": [
            2,
            2,
            2,
            2,
            4,
            5,
            5,
            5
        ],
        "test_f1_macro": [
            0.8593594026683088,
            0.8810448131466337,
            0.8360251180938876,
            0.8722680349592229,
            0.5964085681630757,
            0.5226454966602807,
            0.4993433477319774,
            0.4620933706532764
        ],
        "test_f1_micro": [
            0.9387458061969607,
            0.9510558515887113,
            0.9249062561673574,
            0.9466153542530097,
            0.8730641330166271,
            0.8860476078246524,
            0.8716002828187603,
            0.8290360593919397
        ],
        "test_f1_weighted": [
            0.9442797853363902,
            0.9543877808733686,
            0.9330486308990579,
            0.9505868271713739,
            0.8912897446026656,
            0.9003001330663468,
            0.8911285228785238,
            0.8625670795088287
        ],
        "cv_class_weights": [
            0.8080700618283301,
            0.8080700618283301,
            0.8080700618283301,
            0.8080700618283301,
            1.436942292305175,
            1.6658859875023757,
            1.6658859875023757,
            1.6658859875023757
        ],
        "imbalance_ratio": [
            9.474321705426357,
            9.474321705426357,
            9.474321705426357,
            9.474321705426357,
            47.042502004811546,
            110.57964184731385,
            110.57964184731385,
            110.57964184731385
        ],
        "total_training_samples": [
            129714,
            129714,
            129714,
            129714,
            134718,
            135776,
            135776,
            135776
        ],
        "entropy": [
            0.3150175183558238,
            0.3150175183558238,
            0.3150175183558238,
            0.3150175183558238,
            0.4878513770286893,
            0.5297442692876037,
            0.5297442692876037,
            0.5297442692876037
        ],
        "test_precision_macro": [
            0.8086776841096378,
            0.8377707895898852,
            0.782529157329801,
            0.8269136175006413,
            0.5293436854805182,
            0.4737698929559674,
            0.45060308022840906,
            0.418896622663092
        ],
        "test_recall_macro": [
            0.9458824962024175,
            0.9446447186350218,
            0.9410091081688452,
            0.9417348800655254,
            0.7540263249907002,
            0.6261188843020884,
            0.6206890978590588,
            0.602417441436881
        ],
        "classification_reports": [
            {
                "0": {
                    "precision": 0.6225827597509014,
                    "recall": 0.9547625031414928,
                    "f1-score": 0.7536950699335383,
                    "support": 3979.0
                },
                "1": {
                    "precision": 0.9947726084683742,
                    "recall": 0.9370024892633422,
                    "f1-score": 0.9650237354030793,
                    "support": 36557.0
                },
                "accuracy": 0.9387458061969607,
                "macro avg": {
                    "precision": 0.8086776841096378,
                    "recall": 0.9458824962024175,
                    "f1-score": 0.8593594026683088,
                    "support": 40536.0
                },
                "weighted avg": {
                    "precision": 0.9582385792586146,
                    "recall": 0.9387458061969607,
                    "f1-score": 0.9442797853363902,
                    "support": 40536.0
                }
            },
            {
                "0": {
                    "precision": 0.6827257739512731,
                    "recall": 0.93666750439809,
                    "f1-score": 0.7897859716041534,
                    "support": 3979.0
                },
                "1": {
                    "precision": 0.9928158052284973,
                    "recall": 0.9526219328719534,
                    "f1-score": 0.9723036546891141,
                    "support": 36557.0
                },
                "accuracy": 0.9510558515887113,
                "macro avg": {
                    "precision": 0.8377707895898852,
                    "recall": 0.9446447186350218,
                    "f1-score": 0.8810448131466337,
                    "support": 40536.0
                },
                "weighted avg": {
                    "precision": 0.9623774730188053,
                    "recall": 0.9510558515887113,
                    "f1-score": 0.9543877808733686,
                    "support": 40536.0
                }
            },
            {
                "0": {
                    "precision": 0.5696409950841651,
                    "recall": 0.9610454888162855,
                    "f1-score": 0.7153011597456042,
                    "support": 3979.0
                },
                "1": {
                    "precision": 0.9954173195754369,
                    "recall": 0.9209727275214049,
                    "f1-score": 0.9567490764421711,
                    "support": 36557.0
                },
                "accuracy": 0.9249062561673574,
                "macro avg": {
                    "precision": 0.782529157329801,
                    "recall": 0.9410091081688452,
                    "f1-score": 0.8360251180938876,
                    "support": 40536.0
                },
                "weighted avg": {
                    "precision": 0.9536232600937226,
                    "recall": 0.9249062561673574,
                    "f1-score": 0.9330486308990579,
                    "support": 40536.0
                }
            },
            {
                "0": {
                    "precision": 0.6611614278103356,
                    "recall": 0.9356622266901231,
                    "f1-score": 0.7748178980228928,
                    "support": 3979.0
                },
                "1": {
                    "precision": 0.9926658071909469,
                    "recall": 0.9478075334409278,
                    "f1-score": 0.9697181718955529,
                    "support": 36557.0
                },
                "accuracy": 0.9466153542530097,
                "macro avg": {
                    "precision": 0.8269136175006413,
                    "recall": 0.9417348800655254,
                    "f1-score": 0.8722680349592229,
                    "support": 40536.0
                },
                "weighted avg": {
                    "precision": 0.9601254498405559,
                    "recall": 0.9466153542530097,
                    "f1-score": 0.9505868271713739,
                    "support": 40536.0
                }
            },
            {
                "0": {
                    "precision": 0.5121668597914253,
                    "recall": 0.669021190716448,
                    "f1-score": 0.580179391817983,
                    "support": 3964.0
                },
                "1": {
                    "precision": 0.9923551542513168,
                    "recall": 0.9017339459577727,
                    "f1-score": 0.9448766997664388,
                    "support": 36564.0
                },
                "2": {
                    "precision": 0.2861788617886179,