{
    "TabNet": {
        "filter_sizes": [
            12000,
            8000,
            6000,
            4500,
            3500,
            1500,
            1000,
            300
        ],
        "training_time_seconds": [
            2235.8578400611877,
            2100.9859969615936,
            1260.9069006443024,
            1201.0378880500793,
            1240.630627632141,
            1235.50603556633,
            1236.7713875770569,
            1204.1788561344147
        ],
        "num_classes": [
            2,
            3,
            4,
            4,
            4,
            4,
            4,
            4
        ],
        "test_f1_macro": [
            0.7115154083015964,
            0.6312430265989742,
            0.44830091825573715,
            0.44830091825573715,
            0.44830091825573715,
            0.44830091825573715,
            0.44830091825573715,
            0.44830091825573715
        ],
        "test_f1_micro": [
            0.7404849680668778,
            0.7148344792150914,
            0.6818760311100637,
            0.6818760311100637,
            0.6818760311100637,
            0.6818760311100637,
            0.6818760311100637,
            0.6818760311100637
        ],
        "test_f1_weighted": [
            0.7333315801320459,
            0.7028778642449659,
            0.6610507992709264,
            0.6610507992709264,
            0.6610507992709264,
            0.6610507992709264,
            0.6610507992709264,
            0.6610507992709264
        ],
        "cv_class_weights": [
            0.23920945024988644,
            0.6466826986491306,
            0.8706979480025913,
            0.8706979480025913,
            0.8706979480025913,
            0.8706979480025913,
            0.8706979480025913,
            0.8706979480025913
        ],
        "total_training_samples": [
            123256,
            130785,
            135776,
            135776,
            135776,
            135776,
            135776,
            135776
        ],
        "imbalance_ratio": [
            1.6288444311734847,
            10.175490065342046,
            15.374016542263465,
            15.374016542263465,
            15.374016542263465,
            15.374016542263465,
            15.374016542263465,
            15.374016542263465
        ],
        "entropy": [
            0.664257301138491,
            0.846057335135453,
            0.9731476163834476,
            0.9731476163834476,
            0.9731476163834476,
            0.9731476163834476,
            0.9731476163834476,
            0.9731476163834476
        ],
        "test_precision_macro": [
            0.7291085309222199,
            0.7264423525764974,
            0.5025396508395041,
            0.5025396508395041,
            0.5025396508395041,
            0.5025396508395041,
            0.5025396508395041,
            0.5025396508395041
        ],
        "test_recall_macro": [
            0.7050119392331649,
            0.5907345138453345,
            0.4297777607993078,
            0.4297777607993078,
            0.4297777607993078,
            0.4297777607993078,
            0.4297777607993078,
            0.4297777607993078
        ],
        "classification_reports": [
            {
                "0": {
                    "precision": 0.7003176238303717,
                    "recall": 0.5563663643183523,
                    "f1-score": 0.6200972940103375,
                    "support": 14663.0
                },
                "1": {
                    "precision": 0.7578994380140682,
                    "recall": 0.8536575141479774,
                    "f1-score": 0.8029335225928554,
                    "support": 23855.0
                },
                "accuracy": 0.7404849680668778,
                "macro avg": {
                    "precision": 0.7291085309222199,
                    "recall": 0.7050119392331649,
                    "f1-score": 0.7115154083015964,
                    "support": 38518.0
                },
                "weighted avg": {
                    "precision": 0.7359792411872459,
                    "recall": 0.7404849680668778,
                    "f1-score": 0.7333315801320459,
                    "support": 38518.0
                }
            },
            {
                "0": {
                    "precision": 0.6390658174097664,
                    "recall": 0.5173599174974218,
                    "f1-score": 0.5718085106382979,
                    "support": 14545.0
                },
                "1": {
                    "precision": 0.7969018932874354,
                    "recall": 0.3872856545378503,
                    "f1-score": 0.5212496481846327,
                    "support": 2391.0
                },
                "2": {
                    "precision": 0.7433593470322905,
                    "recall": 0.8675579695007312,
                    "f1-score": 0.8006709209739922,
                    "support": 23935.0
                },
                "accuracy": 0.7148344792150914,
                "macro avg": {
                    "precision": 0.7264423525764974,
                    "recall": 0.5907345138453345,
                    "f1-score": 0.6312430265989742,
                    "support": 40871.0
                },
                "weighted avg": {
                    "precision": 0.7093761031609987,
                    "recall": 0.7148344792150914,
                    "f1-score": 0.7028778642449659,
                    "support": 40871.0
                }
            },
            {
                "0": {
                    "precision": 0.5721307971788844,
                    "recall": 0.5552022122364327,
                    "f1-score": 0.5635394007438075,
                    "support": 14465.0
                },
                "1": {
                    "precision": 0.0,
                    "recall": 0.0,
                    "f1-score": 0.0,
                    "support": 1601.0
                },
                "2": {
                    "precision": 0.7004651162790698,
                    "recall": 0.32639791937581275,
                    "f1-score": 0.44529863985807216,
                    "support": 2307.0
                },
                "3": {
                    "precision": 0.7375626899000622,
                    "recall": 0.8375109115849857,
                    "f1-score": 0.784365632421069,
                    "support": 24057.0
                },
                "accuracy": 0.6818760311100637,
                "macro avg": {
                    "precision": 0.5025396508395041,
                    "recall": 0.4297777607993078,
                    "f1-score": 0.44830091825573715,
                    "support": 42430.0
                },
                "weighted avg": {
                    "precision": 0.6513172433507937,
                    "recall": 0.6818760311100637,
                    "f1-score": 0.6610507992709264,
                    "support": 42430.0
                }
            },
            {
                "0": {
                    "precision": 0.5721307971788844,
                    "recall": 0.5552022122364327,
                    "f1-score": 0.5635394007438075,
                    "support": 14465.0
                },
                "1": {
                    "precision": 0.0,
                    "recall": 0.0,
                    "f1-score": 0.0,
                    "support": 1601.0
                },
                "2": {
                    "precision": 0.7004651162790698,
                    "recall": 0.32639791937581275,
                    "f1-score": 0.44529863985807216,
                    "support": 2307.0
                },
                "3": {
                    "precision": 0.7375626899000622,
                    "recall": 0.8375109115849857,
                    "f1-score": 0.784365632421069,
                    "support": 24057.0
                },
                "accuracy": 0.6818760311100637,