{
    "AdvancedTabularClassifier": {
        "filter_sizes": [
            12000,
            8000,
            6000,
            4500,
            3500,
            1500,
            1000,
            300
        ],
        "training_time_seconds": [
            48.86627507209778,
            46.79717254638672,
            51.36278414726257,
            47.000781536102295,
            51.16178274154663,
            50.56210398674011,
            52.35222911834717,
            51.789795875549316
        ],
        "num_classes": [
            2,
            2,
            2,
            2,
            4,
            5,
            5,
            5
        ],
        "test_f1_macro": [
            0.8759911196661505,
            0.8558641336838331,
            0.8677263851870836,
            0.8363115799848928,
            0.6233650883475328,
            0.4864059801721031,
            0.4736394126771282,
            0.5080432325891406
        ],
        "test_f1_micro": [
            0.9479475034537201,
            0.9365995658180383,
            0.9433343201105191,
            0.9252516281823564,
            0.8907838479809976,
            0.8576007541833608,
            0.846877209521565,
            0.8612538298373792
        ],
        "test_f1_weighted": [
            0.9519090894514813,
            0.9425606498704024,
            0.9480982096376229,
            0.9332824263763576,
            0.9045631052801556,
            0.8804095801127391,
            0.8728989310804974,
            0.8815446910275384
        ],
        "cv_class_weights": [
            0.8090568780899048,
            0.8090568780899048,
            0.8090568780899048,
            0.8090568780899048,
            0.8076450824737549,
            0.9004793167114258,
            0.9004793167114258,
            0.9004793167114258
        ],
        "imbalance_ratio": [
            9.474321705426357,
            9.474321705426357,
            9.474321705426357,
            9.474321705426357,
            47.042502004811546,
            110.57964184731385,
            110.57964184731385,
            110.57964184731385
        ],
        "total_training_samples": [
            129714,
            129714,
            129714,
            129714,
            134718,
            135776,
            135776,
            135776
        ],
        "entropy": [
            0.3150175183558238,
            0.3150175183558238,
            0.3150175183558238,
            0.3150175183558238,
            0.4878513770286893,
            0.5297442692876037,
            0.5297442692876037,
            0.5297442692876037
        ],
        "test_precision_macro": [
            0.8293362234753385,
            0.8042368827590989,
            0.8185080692569564,
            0.7830810824102171,
            0.561323698667623,
            0.4331682627451648,
            0.4213872506479703,
            0.4504710112727578
        ],
        "test_recall_macro": [
            0.9481845572671467,
            0.9463723102515468,
            0.948090521301884,
            0.9399687830981625,
            0.756994240460724,
            0.6194093618134529,
            0.6091038078796448,
            0.6292246137344983
        ],
        "classification_reports": [
            {
                "0": {
                    "precision": 0.664553618594823,
                    "recall": 0.9484795174667002,
                    "f1-score": 0.7815282667218886,
                    "support": 3979.0
                },
                "1": {
                    "precision": 0.994118828355854,
                    "recall": 0.9478895970675931,
                    "f1-score": 0.9704539726104126,
                    "support": 36557.0
                },
                "accuracy": 0.9479475034537201,
                "macro avg": {
                    "precision": 0.8293362234753385,
                    "recall": 0.9481845572671467,
                    "f1-score": 0.8759911196661505,
                    "support": 40536.0
                },
                "weighted avg": {
                    "precision": 0.9617688192370671,
                    "recall": 0.9479475034537201,
                    "f1-score": 0.9519090894514813,
                    "support": 40536.0
                }
            },
            {
                "0": {
                    "precision": 0.6132818781154526,
                    "recall": 0.9585322945463685,
                    "f1-score": 0.7479898019219455,
                    "support": 3979.0
                },
                "1": {
                    "precision": 0.995191887402745,
                    "recall": 0.9342123259567251,
                    "f1-score": 0.9637384654457206,
                    "support": 36557.0
                },
                "accuracy": 0.9365995658180383,
                "macro avg": {
                    "precision": 0.8042368827590989,
                    "recall": 0.9463723102515468,
                    "f1-score": 0.8558641336838331,
                    "support": 40536.0
                },
                "weighted avg": {
                    "precision": 0.9577037305309734,
                    "recall": 0.9365995658180383,
                    "f1-score": 0.9425606498704024,
                    "support": 40536.0
                }
            },
            {
                "0": {
                    "precision": 0.6423011844331641,
                    "recall": 0.9540085448605177,
                    "f1-score": 0.7677217109920114,
                    "support": 3979.0
                },
                "1": {
                    "precision": 0.9947149540807486,
                    "recall": 0.9421724977432503,
                    "f1-score": 0.9677310593821559,
                    "support": 36557.0
                },
                "accuracy": 0.9433343201105191,
                "macro avg": {
                    "precision": 0.8185080692569564,
                    "recall": 0.948090521301884,
                    "f1-score": 0.8677263851870836,
                    "support": 40536.0
                },
                "weighted avg": {
                    "precision": 0.9601221380794723,
                    "recall": 0.9433343201105191,
                    "f1-score": 0.9480982096376229,
                    "support": 40536.0
                }
            },
            {
                "0": {
                    "precision": 0.5710648494833008,
                    "recall": 0.9582809751193767,
                    "f1-score": 0.7156531531531531,
                    "support": 3979.0
                },
                "1": {
                    "precision": 0.9950973153371334,
                    "recall": 0.9216565910769483,
                    "f1-score": 0.9569700068166326,
                    "support": 36557.0
                },
                "accuracy": 0.9252516281823564,
                "macro avg": {
                    "precision": 0.7830810824102171,
                    "recall": 0.9399687830981625,
                    "f1-score": 0.8363115799848928,
                    "support": 40536.0
                },
                "weighted avg": {
                    "precision": 0.953474432427315,
                    "recall": 0.9252516281823564,
                    "f1-score": 0.9332824263763576,
                    "support": 40536.0
                }
            },
            {
                "0": {
                    "precision": 0.5812486404176637,
                    "recall": 0.6740665993945509,
                    "f1-score": 0.6242261418058638,
                    "support": 3964.0
                },
                "1": {
                    "precision": 0.9890261435990728,
                    "recall": 0.9218630346789192,
                    "f1-score": 0.9542642791421898,
                    "support": 36564.0
                },
                "2": {
                    "precision": 0.27175025588536333,