{
    "AdvancedTabularClassifier": {
        "filter_sizes": [
            12000,
            8000,
            6000,
            4500,
            3500,
            1500,
            1000,
            300
        ],
        "training_time_seconds": [
            47.140212059020996,
            54.309852838516235,
            45.5956654548645,
            36.940207719802856,
            48.4218966960907,
            45.93309736251831,
            48.345404386520386,
            47.22002911567688
        ],
        "num_classes": [
            2,
            2,
            2,
            2,
            4,
            5,
            5,
            5
        ],
        "test_f1_macro": [
            0.8635654467577754,
            0.8590848606444512,
            0.8814315412614675,
            0.8659238046507006,
            0.5709132743355355,
            0.4790513436360778,
            0.47083544375714015,
            0.47761505983003794
        ],
        "test_f1_micro": [
            0.9414347740280244,
            0.9386471284783896,
            0.9513272153147819,
            0.9427422537990922,
            0.8618052256532066,
            0.8366721659203393,
            0.8491161913740278,
            0.845580956870139
        ],
        "test_f1_weighted": [
            0.9464033171799989,
            0.9441821902184374,
            0.9545948375153271,
            0.9474866060832952,
            0.8841126336471528,
            0.8646816475057915,
            0.8737362067438391,
            0.8723246401936485
        ],
        "cv_class_weights": [
            0.8078542023220316,
            0.8078542023220316,
            0.8078542023220316,
            0.8078542023220316,
            1.4382296470497051,
            1.6668518070342822,
            1.6668518070342822,
            1.6668518070342822
        ],
        "imbalance_ratio": [
            9.474321705426357,
            9.474321705426357,
            9.474321705426357,
            9.474321705426357,
            47.042502004811546,
            110.57964184731385,
            110.57964184731385,
            110.57964184731385
        ],
        "total_training_samples": [
            129714,
            129714,
            129714,
            129714,
            134718,
            135776,
            135776,
            135776
        ],
        "entropy": [
            0.45642190193153387,
            0.45642190193153387,
            0.45642190193153387,
            0.45642190193153387,
            0.3526153481841942,
            0.32908472092128943,
            0.32908472092128943,
            0.32908472092128943
        ],
        "test_precision_macro": [
            0.8145957849630285,
            0.8084961283681936,
            0.8386000411818404,
            0.8174926735933868,
            0.5098468326448607,
            0.4255796120158662,
            0.42297833629742937,
            0.4250615265864677
        ],
        "test_recall_macro": [
            0.9440138454819526,
            0.9453798573484341,
            0.9440112915205463,
            0.9444027935236736,
            0.7349499281638384,
            0.6129550045031793,
            0.5989613364812147,
            0.6233963501958997
        ],
        "classification_reports": [
            {
                "0": {
                    "precision": 0.6352604078880836,
                    "recall": 0.9472229203317416,
                    "f1-score": 0.7604923325262308,
                    "support": 3979.0
                },
                "1": {
                    "precision": 0.9939311620379736,
                    "recall": 0.9408047706321635,
                    "f1-score": 0.9666385609893199,
                    "support": 36557.0
                },
                "accuracy": 0.9414347740280244,
                "macro avg": {
                    "precision": 0.8145957849630285,
                    "recall": 0.9440138454819526,
                    "f1-score": 0.8635654467577754,
                    "support": 40536.0
                },
                "weighted avg": {
                    "precision": 0.9587241625618926,
                    "recall": 0.9414347740280244,
                    "f1-score": 0.9464033171799989,
                    "support": 40536.0
                }
            },
            {
                "0": {
                    "precision": 0.6223351918661857,
                    "recall": 0.953757225433526,
                    "f1-score": 0.7532003572491813,
                    "support": 3979.0
                },
                "1": {
                    "precision": 0.9946570648702016,
                    "recall": 0.9370024892633422,
                    "f1-score": 0.9649693640397211,
                    "support": 36557.0
                },
                "accuracy": 0.9386471284783896,
                "macro avg": {
                    "precision": 0.8084961283681936,
                    "recall": 0.9453798573484341,
                    "f1-score": 0.8590848606444512,
                    "support": 40536.0
                },
                "weighted avg": {
                    "precision": 0.9581100762012904,
                    "recall": 0.9386471284783896,
                    "f1-score": 0.9441821902184374,
                    "support": 40536.0
                }
            },
            {
                "0": {
                    "precision": 0.6845785793154214,
                    "recall": 0.934908268409148,
                    "f1-score": 0.7903962604908106,
                    "support": 3979.0
                },
                "1": {
                    "precision": 0.9926215030482594,
                    "recall": 0.9531143146319446,
                    "f1-score": 0.9724668220321243,
                    "support": 36557.0
                },
                "accuracy": 0.9513272153147819,
                "macro avg": {
                    "precision": 0.8386000411818404,
                    "recall": 0.9440112915205463,
                    "f1-score": 0.8814315412614675,
                    "support": 40536.0
                },
                "weighted avg": {
                    "precision": 0.9623841142202311,
                    "recall": 0.9513272153147819,
                    "f1-score": 0.9545948375153271,
                    "support": 40536.0
                }
            },
            {
                "0": {
                    "precision": 0.641130405175349,
                    "recall": 0.9464689620507665,
                    "f1-score": 0.7644372272404344,
                    "support": 3979.0
                },
                "1": {
                    "precision": 0.9938549420114247,
                    "recall": 0.9423366249965807,
                    "f1-score": 0.9674103820609669,
                    "support": 36557.0
                },
                "accuracy": 0.9427422537990922,
                "macro avg": {
                    "precision": 0.8174926735933868,
                    "recall": 0.9444027935236736,
                    "f1-score": 0.8659238046507006,
                    "support": 40536.0
                },
                "weighted avg": {
                    "precision": 0.9592316212084162,
                    "recall": 0.9427422537990922,
                    "f1-score": 0.9474866060832952,
                    "support": 40536.0
                }
            },
            {
                "0": {
                    "precision": 0.5388829975256274,
                    "recall": 0.7691725529767911,
                    "f1-score": 0.6337559758885887,
                    "support": 3964.0
                },
                "1": {
                    "precision": 0.9930666831011956,
                    "recall": 0.881386062794005,
                    "f1-score": 0.9338993856497044,
                    "support": 36564.0
                },
                "2": {
                    "precision": 0.25993265993265996,