{
    "AdvancedTabularClassifier": {
        "filter_sizes": [
            12000,
            8000,
            6000,
            4500,
            3500,
            1500,
            1000,
            300
        ],
        "training_time_seconds": [
            209.0758922100067,
            116.36383867263794,
            59.68786430358887,
            59.02561044692993,
            51.48507380485535,
            50.93016576766968,
            49.14459180831909,
            37.55536961555481
        ],
        "num_classes": [
            2,
            2,
            2,
            3,
            3,
            3,
            3,
            4
        ],
        "test_f1_macro": [
            0.9998441474141864,
            0.9997506137405665,
            0.999750628489466,
            0.8634263827165881,
            0.8326951378448454,
            0.8648685148189604,
            0.8714584528592848,
            0.739115458402408
        ],
        "test_f1_micro": [
            0.999879203710862,
            0.9998067259373792,
            0.9998067259373792,
            0.9823649000047279,
            0.9674010685073992,
            0.9793626778875704,
            0.9813483996028557,
            0.9713174640584492
        ],
        "test_f1_weighted": [
            0.9998791983535755,
            0.9998067087899216,
            0.9998067145075814,
            0.982511960091516,
            0.9730858140772881,
            0.9810464961954175,
            0.9822701808310332,
            0.9741454560146844
        ],
        "cv_class_weights": [
            0.4703670708321379,
            0.4703670708321379,
            0.4703670708321379,
            0.8657339053052465,
            0.8657339053052465,
            0.8657339053052465,
            0.8657339053052465,
            1.1498998231951623
        ],
        "imbalance_ratio": [
            2.7576668841669267,
            2.7576668841669267,
            2.7576668841669267,
            33.36020583190395,
            33.36020583190395,
            33.36020583190395,
            33.36020583190395,
            235.11352657004832
        ],
        "total_training_samples": [
            132454,
            132454,
            132454,
            135364,
            135364,
            135364,
            135364,
            135776
        ],
        "entropy": [
            0.5793640140080556,
            0.5793640140080556,
            0.5793640140080556,
            0.6705127663073001,
            0.6705127663073001,
            0.6705127663073001,
            0.6705127663073001,
            0.6877410771768522
        ],
        "test_precision_macro": [
            0.9998884940604489,
            0.9998393332848357,
            0.9998097558093438,
            0.8602800649231361,
            0.7917300567685474,
            0.8369752445819593,
            0.8526246233283379,
            0.701513906779531
        ],
        "test_recall_macro": [
            0.9997998221859823,
            0.9996619798775832,
            0.9996915392442307,
            0.8666946494787391,
            0.9285797495316913,
            0.9053770467551784,
            0.8951721117940515,
            0.8531751957250276
        ],
        "classification_reports": [
            {
                "0": {
                    "precision": 0.9998689083341527,
                    "recall": 0.9999672238610292,
                    "f1-score": 0.9999180636809072,
                    "support": 30510.0
                },
                "1": {
                    "precision": 0.9999080797867451,
                    "recall": 0.9996324205109355,
                    "f1-score": 0.9997702311474657,
                    "support": 10882.0
                },
                "accuracy": 0.999879203710862,
                "macro avg": {
                    "precision": 0.9998884940604489,
                    "recall": 0.9997998221859823,
                    "f1-score": 0.9998441474141864,
                    "support": 41392.0
                },
                "weighted avg": {
                    "precision": 0.9998792065499216,
                    "recall": 0.999879203710862,
                    "f1-score": 0.9998791983535755,
                    "support": 41392.0
                }
            },
            {
                "0": {
                    "precision": 0.9997706121378949,
                    "recall": 0.9999672238610292,
                    "f1-score": 0.9998689083341527,
                    "support": 30510.0
                },
                "1": {
                    "precision": 0.9999080544317764,
                    "recall": 0.9993567358941371,
                    "f1-score": 0.9996323191469805,
                    "support": 10882.0
                },
                "accuracy": 0.9998067259373792,
                "macro avg": {
                    "precision": 0.9998393332848357,
                    "recall": 0.9996619798775832,
                    "f1-score": 0.9997506137405665,
                    "support": 41392.0
                },
                "weighted avg": {
                    "precision": 0.9998067458604021,
                    "recall": 0.9998067259373792,
                    "f1-score": 0.9998067087899216,
                    "support": 41392.0
                }
            },
            {
                "0": {
                    "precision": 0.9998033689454021,
                    "recall": 0.9999344477220583,
                    "f1-score": 0.9998689040377556,
                    "support": 30510.0
                },
                "1": {
                    "precision": 0.9998161426732856,
                    "recall": 0.9994486307664032,
                    "f1-score": 0.9996323529411765,
                    "support": 10882.0
                },
                "accuracy": 0.9998067259373792,
                "macro avg": {
                    "precision": 0.9998097558093438,
                    "recall": 0.9996915392442307,
                    "f1-score": 0.999750628489466,
                    "support": 41392.0
                },
                "weighted avg": {
                    "precision": 0.9998067271717943,
                    "recall": 0.9998067259373792,
                    "f1-score": 0.9998067145075814,
                    "support": 41392.0
                }
            },
            {
                "0": {
                    "precision": 0.592948717948718,
                    "recall": 0.6139380530973452,
                    "f1-score": 0.6032608695652174,
                    "support": 904.0
                },
                "1": {
                    "precision": 0.9880745096750879,
                    "recall": 0.987425719820086,
                    "f1-score": 0.9877500082104502,
                    "support": 30459.0
                },
                "2": {
                    "precision": 0.9998169671456026,
                    "recall": 0.998720175518786,
                    "f1-score": 0.9992682703740968,
                    "support": 10939.0
                },
                "accuracy": 0.9823649000047279,
                "macro avg": {
                    "precision": 0.8602800649231361,
                    "recall": 0.8666946494787391,
                    "f1-score": 0.8634263827165881,
                    "support": 42302.0
                },
                "weighted avg": {
                    "precision": 0.9826671300369931,
                    "recall": 0.9823649000047279,
                    "f1-score": 0.982511960091516,
                    "support": 42302.0
                }
            },
            {
                "0": {
                    "precision": 0.38112244897959185,
                    "recall": 0.8263274336283186,
                    "f1-score": 0.5216480446927374,
                    "support": 904.0
                },
                "1": {
                    "precision": 0.9945249268856696,