{
    "AdvancedTabularClassifier": {
        "filter_sizes": [
            12000,
            8000,
            6000,
            4500,
            3500,
            1500,
            1000,
            300
        ],
        "training_time_seconds": [
            145.5648272037506,
            98.15422058105469,
            55.91862201690674,
            42.093222856521606,
            51.94081974029541,
            45.74618458747864,
            52.80876588821411,
            56.46054530143738
        ],
        "num_classes": [
            2,
            2,
            2,
            3,
            3,
            3,
            3,
            4
        ],
        "test_f1_macro": [
            0.9998129824263392,
            0.999781806379861,
            0.9998441658421955,
            0.7636193994001667,
            0.7850852120337856,
            0.7787697375530026,
            0.7709257904742359,
            0.6355854204622258
        ],
        "test_f1_micro": [
            0.9998550444530344,
            0.9998308851952068,
            0.999879203710862,
            0.9283958205285802,
            0.9424849888894142,
            0.9383007895607772,
            0.9323909035033805,
            0.9049021918453924
        ],
        "test_f1_weighted": [
            0.9998550401675502,
            0.9998308776950058,
            0.9998792054960493,
            0.9477514906984339,
            0.9568566364484655,
            0.9539243649389616,
            0.9504262675304108,
            0.9321120273176655
        ],
        "cv_class_weights": [
            0.4677548408508301,
            0.4677548408508301,
            0.4677548408508301,
            1.200628638267517,
            1.200628638267517,
            1.200628638267517,
            1.200628638267517,
            1.4263921976089478
        ],
        "imbalance_ratio": [
            2.7576668841669267,
            2.7576668841669267,
            2.7576668841669267,
            33.36020583190395,
            33.36020583190395,
            33.36020583190395,
            33.36020583190395,
            235.11352657004832
        ],
        "total_training_samples": [
            132454,
            132454,
            132454,
            135364,
            135364,
            135364,
            135364,
            135776
        ],
        "entropy": [
            0.5793640140080556,
            0.5793640140080556,
            0.5793640140080556,
            0.6705127663073001,
            0.6705127663073001,
            0.6705127663073001,
            0.6705127663073001,
            0.6877410771768522
        ],
        "test_precision_macro": [
            0.999842540254172,
            0.9998261474955905,
            0.9998293931441569,
            0.7353305921742628,
            0.7503103513261804,
            0.7460689654560325,
            0.740384653358154,
            0.5935116547651258
        ],
        "test_recall_macro": [
            0.9997834341164968,
            0.9997374866803639,
            0.9998589409192776,
            0.9238584828625539,
            0.9334252478878732,
            0.930251654656934,
            0.9326489096714387,
            0.8904505906071976
        ],
        "classification_reports": [
            {
                "0": {
                    "precision": 0.9998689040377556,
                    "recall": 0.9999344477220583,
                    "f1-score": 0.9999016748058077,
                    "support": 30510.0
                },
                "1": {
                    "precision": 0.9998161764705882,
                    "recall": 0.9996324205109355,
                    "f1-score": 0.9997242900468707,
                    "support": 10882.0
                },
                "accuracy": 0.9998550444530344,
                "macro avg": {
                    "precision": 0.999842540254172,
                    "recall": 0.9997834341164968,
                    "f1-score": 0.9998129824263392,
                    "support": 41392.0
                },
                "weighted avg": {
                    "precision": 0.9998550419053165,
                    "recall": 0.9998550444530344,
                    "f1-score": 0.9998550401675502,
                    "support": 41392.0
                }
            },
            {
                "0": {
                    "precision": 0.9998361354176908,
                    "recall": 0.9999344477220583,
                    "f1-score": 0.9998852891532701,
                    "support": 30510.0
                },
                "1": {
                    "precision": 0.9998161595734902,
                    "recall": 0.9995405256386694,
                    "f1-score": 0.9996783236064519,
                    "support": 10882.0
                },
                "accuracy": 0.9998308851952068,
                "macro avg": {
                    "precision": 0.9998261474955905,
                    "recall": 0.9997374866803639,
                    "f1-score": 0.999781806379861,
                    "support": 41392.0
                },
                "weighted avg": {
                    "precision": 0.999830883747402,
                    "recall": 0.9998308851952068,
                    "f1-score": 0.9998308776950058,
                    "support": 41392.0
                }
            },
            {
                "0": {
                    "precision": 0.9999344455734374,
                    "recall": 0.9999016715830875,
                    "f1-score": 0.9999180583097068,
                    "support": 30510.0
                },
                "1": {
                    "precision": 0.9997243407148764,
                    "recall": 0.9998162102554677,
                    "f1-score": 0.9997702733746842,
                    "support": 10882.0
                },
                "accuracy": 0.999879203710862,
                "macro avg": {
                    "precision": 0.9998293931441569,
                    "recall": 0.9998589409192776,
                    "f1-score": 0.9998441658421955,
                    "support": 41392.0
                },
                "weighted avg": {
                    "precision": 0.9998792087868394,
                    "recall": 0.999879203710862,
                    "f1-score": 0.9998792054960493,
                    "support": 41392.0
                }
            },
            {
                "0": {
                    "precision": 0.21603747588867456,
                    "recall": 0.8672566371681416,
                    "f1-score": 0.3459077873373042,
                    "support": 904.0
                },
                "1": {
                    "precision": 0.9955916892502258,
                    "recall": 0.904593059522637,
                    "f1-score": 0.9479134413596174,
                    "support": 30459.0
                },
                "2": {
                    "precision": 0.9943626113838879,
                    "recall": 0.9997257518968827,
                    "f1-score": 0.9970369695035785,
                    "support": 10939.0
                },
                "accuracy": 0.9283958205285802,
                "macro avg": {
                    "precision": 0.7353305921742628,
                    "recall": 0.9238584828625539,
                    "f1-score": 0.7636193994001667,
                    "support": 42302.0
                },
                "weighted avg": {
                    "precision": 0.9786146694483556,
                    "recall": 0.9283958205285802,
                    "f1-score": 0.9477514906984339,
                    "support": 42302.0
                }
            },
            {
                "0": {
                    "precision": 0.25780234070221064,
                    "recall": 0.8772123893805309,
                    "f1-score": 0.39849246231155777,
                    "support": 904.0
                },
                "1": {
                    "precision": 0.9956846238194617,