{
    "TabNet": {
        "filter_sizes": [
            12000,
            8000,
            6000,
            4500,
            3500,
            1500,
            1000,
            300
        ],
        "training_time_seconds": [
            643.7959036827087,
            602.5390846729279,
            633.3260810375214,
            624.3087100982666,
            510.23076367378235,
            1280.6531164646149,
            1295.579439163208,
            1290.1822907924652
        ],
        "num_classes": [
            2,
            2,
            2,
            2,
            4,
            5,
            5,
            5
        ],
        "test_f1_macro": [
            0.8771070822185889,
            0.8771070822185889,
            0.8771070822185889,
            0.8771070822185889,
            0.5442938037951655,
            0.49284897369488967,
            0.49284897369488967,
            0.49284897369488967
        ],
        "test_f1_micro": [
            0.9604302348529702,
            0.9604302348529702,
            0.9604302348529702,
            0.9604302348529702,
            0.931686460807601,
            0.9291067640820174,
            0.9291067640820174,
            0.9291067640820174
        ],
        "test_f1_weighted": [
            0.9585929216425051,
            0.9585929216425051,
            0.9585929216425051,
            0.9585929216425051,
            0.9228505743177744,
            0.9224746357986873,
            0.9224746357986873,
            0.9224746357986873
        ],
        "cv_class_weights": [
            0.8086559662025687,
            0.8086559662025687,
            0.8086559662025687,
            0.8086559662025687,
            1.4366621794956078,
            1.6678686811107044,
            1.6678686811107044,
            1.6678686811107044
        ],
        "total_training_samples": [
            129714,
            129714,
            129714,
            129714,
            134718,
            135776,
            135776,
            135776
        ],
        "imbalance_ratio": [
            9.452377115229654,
            9.452377115229654,
            9.452377115229654,
            9.452377115229654,
            46.95152243589744,
            114.06219630709427,
            114.06219630709427,
            114.06219630709427
        ],
        "entropy": [
            0.4551241111846538,
            0.4551241111846538,
            0.4551241111846538,
            0.4551241111846538,
            0.3539858514162193,
            0.32789964579507375,
            0.32789964579507375,
            0.32789964579507375
        ],
        "test_precision_macro": [
            0.9167466655875451,
            0.9167466655875451,
            0.9167466655875451,
            0.9167466655875451,
            0.5640533565528324,
            0.516731165942286,
            0.516731165942286,
            0.516731165942286
        ],
        "test_recall_macro": [
            0.8458554224961513,
            0.8458554224961513,
            0.8458554224961513,
            0.8458554224961513,
            0.5333939983650522,
            0.513061303186797,
            0.513061303186797,
            0.513061303186797
        ],
        "classification_reports": [
            {
                "0": {
                    "precision": 0.8648396138274681,
                    "recall": 0.7035723334177857,
                    "f1-score": 0.775915060072646,
                    "support": 3947.0
                },
                "1": {
                    "precision": 0.9686537173476223,
                    "recall": 0.9881385115745169,
                    "f1-score": 0.9782991043645317,
                    "support": 36589.0
                },
                "accuracy": 0.9604302348529702,
                "macro avg": {
                    "precision": 0.9167466655875451,
                    "recall": 0.8458554224961513,
                    "f1-score": 0.8771070822185889,
                    "support": 40536.0
                },
                "weighted avg": {
                    "precision": 0.9585453132970488,
                    "recall": 0.9604302348529702,
                    "f1-score": 0.9585929216425051,
                    "support": 40536.0
                }
            },
            {
                "0": {
                    "precision": 0.8648396138274681,
                    "recall": 0.7035723334177857,
                    "f1-score": 0.775915060072646,
                    "support": 3947.0
                },
                "1": {
                    "precision": 0.9686537173476223,
                    "recall": 0.9881385115745169,
                    "f1-score": 0.9782991043645317,
                    "support": 36589.0
                },
                "accuracy": 0.9604302348529702,
                "macro avg": {
                    "precision": 0.9167466655875451,
                    "recall": 0.8458554224961513,
                    "f1-score": 0.8771070822185889,
                    "support": 40536.0
                },
                "weighted avg": {
                    "precision": 0.9585453132970488,
                    "recall": 0.9604302348529702,
                    "f1-score": 0.9585929216425051,
                    "support": 40536.0
                }
            },
            {
                "0": {
                    "precision": 0.8648396138274681,
                    "recall": 0.7035723334177857,
                    "f1-score": 0.775915060072646,
                    "support": 3947.0
                },
                "1": {
                    "precision": 0.9686537173476223,
                    "recall": 0.9881385115745169,
                    "f1-score": 0.9782991043645317,
                    "support": 36589.0
                },
                "accuracy": 0.9604302348529702,
                "macro avg": {
                    "precision": 0.9167466655875451,
                    "recall": 0.8458554224961513,
                    "f1-score": 0.8771070822185889,
                    "support": 40536.0
                },
                "weighted avg": {
                    "precision": 0.9585453132970488,
                    "recall": 0.9604302348529702,
                    "f1-score": 0.9585929216425051,
                    "support": 40536.0
                }
            },
            {
                "0": {
                    "precision": 0.8648396138274681,
                    "recall": 0.7035723334177857,
                    "f1-score": 0.775915060072646,
                    "support": 3947.0
                },
                "1": {
                    "precision": 0.9686537173476223,
                    "recall": 0.9881385115745169,
                    "f1-score": 0.9782991043645317,
                    "support": 36589.0
                },
                "accuracy": 0.9604302348529702,
                "macro avg": {
                    "precision": 0.9167466655875451,
                    "recall": 0.8458554224961513,
                    "f1-score": 0.8771070822185889,
                    "support": 40536.0
                },
                "weighted avg": {
                    "precision": 0.9585453132970488,
                    "recall": 0.9604302348529702,
                    "f1-score": 0.9585929216425051,
                    "support": 40536.0
                }
            },
            {
                "0": {
                    "precision": 0.6971539771345171,
                    "recall": 0.7409513960703206,
                    "f1-score": 0.7183857626268956,
                    "support": 3868.0
                },
                "1": {
                    "precision": 0.9628689728863363,
                    "recall": 0.9813236775475757,
                    "f1-score": 0.9720087371571879,
                    "support": 36731.0
                },
                "2": {
                    "precision": 0.0,
                    "recall": 0.0,