{
    "AdvancedTabularClassifier": {
        "filter_sizes": [
            12000,
            8000,
            6000,
            4500,
            3500,
            1500,
            1000,
            300
        ],
        "training_time_seconds": [
            37.99217104911804,
            47.10863399505615,
            49.391761302948,
            46.59491944313049,
            40.15085029602051,
            53.59991645812988,
            43.68462133407593,
            59.866610050201416
        ],
        "num_classes": [
            2,
            3,
            4,
            4,
            4,
            4,
            4,
            4
        ],
        "test_f1_macro": [
            0.7120486030146714,
            0.6525083260562795,
            0.5090474315808478,
            0.49388114102177516,
            0.49502089905267677,
            0.5012902135755277,
            0.4943406290894151,
            0.5157876059025495
        ],
        "test_f1_micro": [
            0.7353964380289735,
            0.7139291918475202,
            0.6889229318878152,
            0.6870374734857412,
            0.6808861654489747,
            0.6883572943671931,
            0.6902898892293189,
            0.6870139052557153
        ],
        "test_f1_weighted": [
            0.7319393917066517,
            0.7060100562909511,
            0.6789714648157288,
            0.6762742304872364,
            0.663985690471848,
            0.6760397501342664,
            0.6741193524715694,
            0.6802058135025366
        ],
        "cv_class_weights": [
            0.23904718634386968,
            0.6471474488662129,
            0.8719895522931513,
            0.8719895522931513,
            0.8719895522931513,
            0.8719895522931513,
            0.8719895522931513,
            0.8719895522931513
        ],
        "imbalance_ratio": [
            1.6254845993268863,
            10.114982116836668,
            15.160732046946489,
            15.160732046946489,
            15.160732046946489,
            15.160732046946489,
            15.160732046946489,
            15.160732046946489
        ],
        "total_training_samples": [
            123256,
            130785,
            135776,
            135776,
            135776,
            135776,
            135776,
            135776
        ],
        "entropy": [
            0.6644942900012158,
            0.8465637482123152,
            0.9745313681488466,
            0.9745313681488466,
            0.9745313681488466,
            0.9745313681488466,
            0.9745313681488466,
            0.9745313681488466
        ],
        "test_precision_macro": [
            0.7191666548560399,
            0.6877945167562274,
            0.5888224850018079,
            0.6091255387584718,
            0.5784217405355319,
            0.5809401008162633,
            0.5918007489572447,
            0.5580050464555372
        ],
        "test_recall_macro": [
            0.7079835829854941,
            0.629820017061645,
            0.48893614183581613,
            0.4673084078733418,
            0.4754423791444553,
            0.4774593082377129,
            0.478976280662076,
            0.49082188836078533
        ],
        "classification_reports": [
            {
                "0": {
                    "precision": 0.6695209442258736,
                    "recall": 0.5949818331390965,
                    "f1-score": 0.6300544464609801,
                    "support": 14587.0
                },
                "1": {
                    "precision": 0.7688123654862062,
                    "recall": 0.8209853328318917,
                    "f1-score": 0.7940427595683628,
                    "support": 23931.0
                },
                "accuracy": 0.7353964380289735,
                "macro avg": {
                    "precision": 0.7191666548560399,
                    "recall": 0.7079835829854941,
                    "f1-score": 0.7120486030146714,
                    "support": 38518.0
                },
                "weighted avg": {
                    "precision": 0.7312101025980898,
                    "recall": 0.7353964380289735,
                    "f1-score": 0.7319393917066517,
                    "support": 38518.0
                }
            },
            {
                "0": {
                    "precision": 0.6441975308641975,
                    "recall": 0.5334651035986914,
                    "f1-score": 0.5836253821489822,
                    "support": 14672.0
                },
                "1": {
                    "precision": 0.6709859154929577,
                    "recall": 0.5113782739373122,
                    "f1-score": 0.5804093567251462,
                    "support": 2329.0
                },
                "2": {
                    "precision": 0.7482001039115268,
                    "recall": 0.8446166736489317,
                    "f1-score": 0.7934902392947103,
                    "support": 23870.0
                },
                "accuracy": 0.7139291918475202,
                "macro avg": {
                    "precision": 0.6877945167562274,
                    "recall": 0.629820017061645,
                    "f1-score": 0.6525083260562795,
                    "support": 40871.0
                },
                "weighted avg": {
                    "precision": 0.7064649470380159,
                    "recall": 0.7139291918475202,
                    "f1-score": 0.7060100562909511,
                    "support": 40871.0
                }
            },
            {
                "0": {
                    "precision": 0.5871571817517763,
                    "recall": 0.6064471879286694,
                    "f1-score": 0.5966463106042714,
                    "support": 14580.0
                },
                "1": {
                    "precision": 0.3906810035842294,
                    "recall": 0.07204230006609386,
                    "f1-score": 0.12165178571428571,
                    "support": 1513.0
                },
                "2": {
                    "precision": 0.6199095022624435,
                    "recall": 0.47964989059080965,
                    "f1-score": 0.540833950160375,
                    "support": 2285.0
                },
                "3": {
                    "precision": 0.7575422524087821,
                    "recall": 0.7976051887576917,
                    "f1-score": 0.7770576798444588,
                    "support": 24052.0
                },
                "accuracy": 0.6889229318878152,
                "macro avg": {
                    "precision": 0.5888224850018079,
                    "recall": 0.48893614183581613,
                    "f1-score": 0.5090474315808478,
                    "support": 42430.0
                },
                "weighted avg": {
                    "precision": 0.6784999183589335,
                    "recall": 0.6889229318878152,
                    "f1-score": 0.6789714648157288,
                    "support": 42430.0
                }
            },
            {
                "0": {
                    "precision": 0.5753844230528816,
                    "recall": 0.6313443072702332,
                    "f1-score": 0.6020668454444372,
                    "support": 14580.0
                },
                "1": {
                    "precision": 0.405,
                    "recall": 0.053536021150033045,
                    "f1-score": 0.09457092819614711,
                    "support": 1513.0
                },
                "2": {
                    "precision": 0.6956187548039969,
                    "recall": 0.39606126914660833,
                    "f1-score": 0.5047406581148912,
                    "support": 2285.0
                },
                "3": {
                    "precision": 0.7604989771770085,
                    "recall": 0.7882920339264926,
                    "f1-score": 0.7741461323316252,