{
    "TabNet": {
        "filter_sizes": [
            12000,
            8000,
            6000,
            4500,
            3500,
            1500,
            1000,
            300
        ],
        "training_time_seconds": [
            444.16616463661194,
            447.93327617645264,
            476.55898571014404,
            479.332820892334,
            411.3564682006836,
            641.8225626945496,
            616.1600961685181,
            627.9672770500183
        ],
        "num_classes": [
            2,
            2,
            2,
            2,
            4,
            5,
            5,
            5
        ],
        "test_f1_macro": [
            0.8016308164172378,
            0.8016308164172378,
            0.8016308164172378,
            0.8016308164172378,
            0.5314337612391834,
            0.4501593134462601,
            0.4501593134462601,
            0.4501593134462601
        ],
        "test_f1_micro": [
            0.9448144858890862,
            0.9448144858890862,
            0.9448144858890862,
            0.9448144858890862,
            0.9239429928741093,
            0.9276219655903841,
            0.9276219655903841,
            0.9276219655903841
        ],
        "test_f1_weighted": [
            0.9378837626680412,
            0.9378837626680412,
            0.9378837626680412,
            0.9378837626680412,
            0.9121244006206043,
            0.9160579759017863,
            0.9160579759017863,
            0.9160579759017863
        ],
        "cv_class_weights": [
            0.8078542023220316,
            0.8078542023220316,
            0.8078542023220316,
            0.8078542023220316,
            1.4382296470497051,
            1.6668518070342822,
            1.6668518070342822,
            1.6668518070342822
        ],
        "total_training_samples": [
            129714,
            129714,
            129714,
            129714,
            134718,
            135776,
            135776,
            135776
        ],
        "imbalance_ratio": [
            9.4087626384208,
            9.4087626384208,
            9.4087626384208,
            9.4087626384208,
            46.970764917901484,
            111.73142857142857,
            111.73142857142857,
            111.73142857142857
        ],
        "entropy": [
            0.31636755446965054,
            0.31636755446965054,
            0.31636755446965054,
            0.31636755446965054,
            0.48882866883207526,
            0.5296414262535185,
            0.5296414262535185,
            0.5296414262535185
        ],
        "test_precision_macro": [
            0.9101968502615102,
            0.9101968502615102,
            0.9101968502615102,
            0.9101968502615102,
            0.5836025164582832,
            0.49304794590695045,
            0.49304794590695045,
            0.49304794590695045
        ],
        "test_recall_macro": [
            0.744695497871444,
            0.744695497871444,
            0.744695497871444,
            0.744695497871444,
            0.502259426802379,
            0.4505599017677763,
            0.4505599017677763,
            0.4505599017677763
        ],
        "classification_reports": [
            {
                "0": {
                    "precision": 0.871331828442438,
                    "recall": 0.497166409067491,
                    "f1-score": 0.6330982450385435,
                    "support": 3882.0
                },
                "1": {
                    "precision": 0.9490618720805825,
                    "recall": 0.9922245866753969,
                    "f1-score": 0.970163387795932,
                    "support": 36654.0
                },
                "accuracy": 0.9448144858890862,
                "macro avg": {
                    "precision": 0.9101968502615102,
                    "recall": 0.744695497871444,
                    "f1-score": 0.8016308164172378,
                    "support": 40536.0
                },
                "weighted avg": {
                    "precision": 0.9416179202993689,
                    "recall": 0.9448144858890862,
                    "f1-score": 0.9378837626680412,
                    "support": 40536.0
                }
            },
            {
                "0": {
                    "precision": 0.871331828442438,
                    "recall": 0.497166409067491,
                    "f1-score": 0.6330982450385435,
                    "support": 3882.0
                },
                "1": {
                    "precision": 0.9490618720805825,
                    "recall": 0.9922245866753969,
                    "f1-score": 0.970163387795932,
                    "support": 36654.0
                },
                "accuracy": 0.9448144858890862,
                "macro avg": {
                    "precision": 0.9101968502615102,
                    "recall": 0.744695497871444,
                    "f1-score": 0.8016308164172378,
                    "support": 40536.0
                },
                "weighted avg": {
                    "precision": 0.9416179202993689,
                    "recall": 0.9448144858890862,
                    "f1-score": 0.9378837626680412,
                    "support": 40536.0
                }
            },
            {
                "0": {
                    "precision": 0.871331828442438,
                    "recall": 0.497166409067491,
                    "f1-score": 0.6330982450385435,
                    "support": 3882.0
                },
                "1": {
                    "precision": 0.9490618720805825,
                    "recall": 0.9922245866753969,
                    "f1-score": 0.970163387795932,
                    "support": 36654.0
                },
                "accuracy": 0.9448144858890862,
                "macro avg": {
                    "precision": 0.9101968502615102,
                    "recall": 0.744695497871444,
                    "f1-score": 0.8016308164172378,
                    "support": 40536.0
                },
                "weighted avg": {
                    "precision": 0.9416179202993689,
                    "recall": 0.9448144858890862,
                    "f1-score": 0.9378837626680412,
                    "support": 40536.0
                }
            },
            {
                "0": {
                    "precision": 0.871331828442438,
                    "recall": 0.497166409067491,
                    "f1-score": 0.6330982450385435,
                    "support": 3882.0
                },
                "1": {
                    "precision": 0.9490618720805825,
                    "recall": 0.9922245866753969,
                    "f1-score": 0.970163387795932,
                    "support": 36654.0
                },
                "accuracy": 0.9448144858890862,
                "macro avg": {
                    "precision": 0.9101968502615102,
                    "recall": 0.744695497871444,
                    "f1-score": 0.8016308164172378,
                    "support": 40536.0
                },
                "weighted avg": {
                    "precision": 0.9416179202993689,
                    "recall": 0.9448144858890862,
                    "f1-score": 0.9378837626680412,
                    "support": 40536.0
                }
            },
            {
                "0": {
                    "precision": 0.6807409425224734,
                    "recall": 0.6321780925879079,
                    "f1-score": 0.6555613850996852,
                    "support": 3953.0
                },
                "1": {
                    "precision": 0.949877654116347,
                    "recall": 0.9860701409373975,
                    "f1-score": 0.9676355887910586,
                    "support": 36612.0
                },
                "2": {
                    "precision": 0.0,
                    "recall": 0.0,
                    "f1-score": 0.0,