{
    "TabNet": {
        "filter_sizes": [
            12000,
            8000,
            6000,
            4500,
            3500,
            1500,
            1000,
            300
        ],
        "training_time_seconds": [
            2074.622400522232,
            1431.787028312683,
            691.6743524074554,
            736.4002573490143,
            816.3617091178894,
            787.5145628452301,
            714.121967792511,
            743.7256243228912
        ],
        "num_classes": [
            2,
            3,
            4,
            4,
            4,
            4,
            4,
            4
        ],
        "test_f1_macro": [
            0.7211848539935881,
            0.6068975780288514,
            0.4574155824474655,
            0.4574155824474655,
            0.4574155824474655,
            0.4574155824474655,
            0.4574155824474655,
            0.4574155824474655
        ],
        "test_f1_micro": [
            0.7277376810841685,
            0.6749773678158107,
            0.5859061984444969,
            0.5859061984444969,
            0.5859061984444969,
            0.5859061984444969,
            0.5859061984444969,
            0.5859061984444969
        ],
        "test_f1_weighted": [
            0.731447435692773,
            0.6807813603801356,
            0.612301020079446,
            0.612301020079446,
            0.612301020079446,
            0.612301020079446,
            0.612301020079446,
            0.612301020079446
        ],
        "cv_class_weights": [
            0.23885246965664958,
            0.6457632615350283,
            0.8707902075821371,
            0.8707902075821371,
            0.8707902075821371,
            0.8707902075821371,
            0.8707902075821371,
            0.8707902075821371
        ],
        "total_training_samples": [
            123256,
            130785,
            135776,
            135776,
            135776,
            135776,
            135776,
            135776
        ],
        "imbalance_ratio": [
            1.6276114948409652,
            10.063571616987602,
            15.223109159848333,
            15.223109159848333,
            15.223109159848333,
            15.223109159848333,
            15.223109159848333,
            15.223109159848333
        ],
        "entropy": [
            0.6643443137660645,
            0.8472326759831752,
            0.9736146155377885,
            0.9736146155377885,
            0.9736146155377885,
            0.9736146155377885,
            0.9736146155377885,
            0.9736146155377885
        ],
        "test_precision_macro": [
            0.720729322639604,
            0.5803366422270922,
            0.45032505329484945,
            0.45032505329484945,
            0.45032505329484945,
            0.45032505329484945,
            0.45032505329484945,
            0.45032505329484945
        ],
        "test_recall_macro": [
            0.7331955402505217,
            0.6763369760721506,
            0.5172009239925208,
            0.5172009239925208,
            0.5172009239925208,
            0.5172009239925208,
            0.5172009239925208,
            0.5172009239925208
        ],
        "classification_reports": [
            {
                "0": {
                    "precision": 0.61536322171543,
                    "recall": 0.7559275708916979,
                    "f1-score": 0.6784411124398246,
                    "support": 14635.0
                },
                "1": {
                    "precision": 0.826095423563778,
                    "recall": 0.7104635096093456,
                    "f1-score": 0.7639285955473516,
                    "support": 23883.0
                },
                "accuracy": 0.7277376810841685,
                "macro avg": {
                    "precision": 0.720729322639604,
                    "recall": 0.7331955402505217,
                    "f1-score": 0.7211848539935881,
                    "support": 38518.0
                },
                "weighted avg": {
                    "precision": 0.746027253512099,
                    "recall": 0.7277376810841685,
                    "f1-score": 0.731447435692773,
                    "support": 38518.0
                }
            },
            {
                "0": {
                    "precision": 0.5827012835472579,
                    "recall": 0.5456159519257033,
                    "f1-score": 0.5635491606714629,
                    "support": 14644.0
                },
                "1": {
                    "precision": 0.36306695464362854,
                    "recall": 0.735024048972453,
                    "f1-score": 0.4860488651149342,
                    "support": 2287.0
                },
                "2": {
                    "precision": 0.7952416884903901,
                    "recall": 0.7483709273182957,
                    "f1-score": 0.7710947083001571,
                    "support": 23940.0
                },
                "accuracy": 0.6749773678158107,
                "macro avg": {
                    "precision": 0.5803366422270922,
                    "recall": 0.6763369760721506,
                    "f1-score": 0.6068975780288514,
                    "support": 40871.0
                },
                "weighted avg": {
                    "precision": 0.6949058683172901,
                    "recall": 0.6749773678158107,
                    "f1-score": 0.6807813603801356,
                    "support": 40871.0
                }
            },
            {
                "0": {
                    "precision": 0.5361470956957793,
                    "recall": 0.43908281998631077,
                    "f1-score": 0.48278457196613356,
                    "support": 14610.0
                },
                "1": {
                    "precision": 0.09158499493071984,
                    "recall": 0.35355512067840833,
                    "f1-score": 0.1454838276741377,
                    "support": 1533.0
                },
                "2": {
                    "precision": 0.3869775376741541,
                    "recall": 0.5858803271631511,
                    "f1-score": 0.4660958904109589,
                    "support": 2323.0
                },
                "3": {
                    "precision": 0.7865905848787447,
                    "recall": 0.6902854281422133,
                    "f1-score": 0.7352980397386318,
                    "support": 23964.0
                },
                "accuracy": 0.5859061984444969,
                "macro avg": {
                    "precision": 0.45032505329484945,
                    "recall": 0.5172009239925208,
                    "f1-score": 0.4574155824474655,
                    "support": 42430.0
                },
                "weighted avg": {
                    "precision": 0.6533658840771961,
                    "recall": 0.5859061984444969,
                    "f1-score": 0.612301020079446,
                    "support": 42430.0
                }
            },
            {
                "0": {
                    "precision": 0.5361470956957793,
                    "recall": 0.43908281998631077,
                    "f1-score": 0.48278457196613356,
                    "support": 14610.0
                },
                "1": {
                    "precision": 0.09158499493071984,
                    "recall": 0.35355512067840833,
                    "f1-score": 0.1454838276741377,
                    "support": 1533.0
                },
                "2": {
                    "precision": 0.3869775376741541,
                    "recall": 0.5858803271631511,
                    "f1-score": 0.4660958904109589,
                    "support": 2323.0
                },
                "3": {
                    "precision": 0.7865905848787447,
                    "recall": 0.6902854281422133,
                    "f1-score": 0.7352980397386318,