{
    "TabNet": {
        "filter_sizes": [
            12000,
            8000,
            6000,
            4500,
            3500,
            1500,
            1000,
            300
        ],
        "training_time_seconds": [
            2394.961033344269,
            2084.9738245010376,
            2488.6011748313904,
            2523.860314130783,
            2478.9089171886444,
            2512.9685592651367,
            2816.1653685569763,
            2524.284684419632
        ],
        "num_classes": [
            2,
            3,
            4,
            4,
            4,
            4,
            4,
            4
        ],
        "test_f1_macro": [
            0.71132536058176,
            0.616689698171645,
            0.47819551709703934,
            0.47819551709703934,
            0.47819551709703934,
            0.47819551709703934,
            0.47819551709703934,
            0.47819551709703934
        ],
        "test_f1_micro": [
            0.7408484344981567,
            0.7058794744439822,
            0.6919632335611595,
            0.6919632335611595,
            0.6919632335611595,
            0.6919632335611595,
            0.6919632335611595,
            0.6919632335611595
        ],
        "test_f1_weighted": [
            0.7329439777863304,
            0.6925719011062738,
            0.6717513860888826,
            0.6717513860888826,
            0.6717513860888826,
            0.6717513860888826,
            0.6717513860888826,
            0.6717513860888826
        ],
        "cv_class_weights": [
            0.24032907120140196,
            0.6458671146562117,
            0.8710055356793707,
            0.8710055356793707,
            0.8710055356793707,
            0.8710055356793707,
            0.8710055356793707,
            0.8710055356793707
        ],
        "total_training_samples": [
            123256,
            130785,
            135776,
            135776,
            135776,
            135776,
            135776,
            135776
        ],
        "imbalance_ratio": [
            1.632718884166008,
            10.112717146267073,
            15.303188289552837,
            15.303188289552837,
            15.303188289552837,
            15.303188289552837,
            15.303188289552837,
            15.303188289552837
        ],
        "entropy": [
            0.6639835209963378,
            0.8468161983300266,
            0.973486660142717,
            0.973486660142717,
            0.973486660142717,
            0.973486660142717,
            0.973486660142717,
            0.973486660142717
        ],
        "test_precision_macro": [
            0.7314152920620551,
            0.7049421992920463,
            0.6841885969947858,
            0.6841885969947858,
            0.6841885969947858,
            0.6841885969947858,
            0.6841885969947858,
            0.6841885969947858
        ],
        "test_recall_macro": [
            0.7045983398057685,
            0.5788926691070014,
            0.45569023858294644,
            0.45569023858294644,
            0.45569023858294644,
            0.45569023858294644,
            0.45569023858294644,
            0.45569023858294644
        ],
        "classification_reports": [
            {
                "0": {
                    "precision": 0.7081477600209589,
                    "recall": 0.5497999864397586,
                    "f1-score": 0.6190076335877862,
                    "support": 14749.0
                },
                "1": {
                    "precision": 0.7546828241031515,
                    "recall": 0.8593966931717784,
                    "f1-score": 0.8036430875757338,
                    "support": 23769.0
                },
                "accuracy": 0.7408484344981567,
                "macro avg": {
                    "precision": 0.7314152920620551,
                    "recall": 0.7045983398057685,
                    "f1-score": 0.71132536058176,
                    "support": 38518.0
                },
                "weighted avg": {
                    "precision": 0.7368639949804489,
                    "recall": 0.7408484344981567,
                    "f1-score": 0.7329439777863304,
                    "support": 38518.0
                }
            },
            {
                "0": {
                    "precision": 0.6278785764131193,
                    "recall": 0.49508219272302084,
                    "f1-score": 0.5536284274891359,
                    "support": 14539.0
                },
                "1": {
                    "precision": 0.7512820512820513,
                    "recall": 0.3758016246259085,
                    "f1-score": 0.5009974351667141,
                    "support": 2339.0
                },
                "2": {
                    "precision": 0.7356659701809682,
                    "recall": 0.8657941899720751,
                    "f1-score": 0.7954432318590848,
                    "support": 23993.0
                },
                "accuracy": 0.7058794744439822,
                "macro avg": {
                    "precision": 0.7049421992920463,
                    "recall": 0.5788926691070014,
                    "f1-score": 0.616689698171645,
                    "support": 40871.0
                },
                "weighted avg": {
                    "precision": 0.6982165585126625,
                    "recall": 0.7058794744439822,
                    "f1-score": 0.6925719011062738,
                    "support": 40871.0
                }
            },
            {
                "0": {
                    "precision": 0.6026263853043874,
                    "recall": 0.5415785524251313,
                    "f1-score": 0.5704738978909927,
                    "support": 14659.0
                },
                "1": {
                    "precision": 0.7222222222222222,
                    "recall": 0.02495201535508637,
                    "f1-score": 0.04823747680890538,
                    "support": 1563.0
                },
                "2": {
                    "precision": 0.6770140428677014,
                    "recall": 0.4006999125109361,
                    "f1-score": 0.5034350096180269,
                    "support": 2286.0
                },
                "3": {
                    "precision": 0.7348917375848325,
                    "recall": 0.8555304740406321,
                    "f1-score": 0.7906356840702323,
                    "support": 23922.0
                },
                "accuracy": 0.6919632335611595,
                "macro avg": {
                    "precision": 0.6841885969947858,
                    "recall": 0.45569023858294644,
                    "f1-score": 0.47819551709703934,
                    "support": 42430.0
                },
                "weighted avg": {
                    "precision": 0.6856108358239518,
                    "recall": 0.6919632335611595,
                    "f1-score": 0.6717513860888826,
                    "support": 42430.0
                }
            },
            {
                "0": {
                    "precision": 0.6026263853043874,
                    "recall": 0.5415785524251313,
                    "f1-score": 0.5704738978909927,
                    "support": 14659.0
                },
                "1": {
                    "precision": 0.7222222222222222,
                    "recall": 0.02495201535508637,
                    "f1-score": 0.04823747680890538,
                    "support": 1563.0
                },
                "2": {
                    "precision": 0.6770140428677014,
                    "recall": 0.4006999125109361,
                    "f1-score": 0.5034350096180269,
                    "support": 2286.0
                },
                "3": {
                    "precision": 0.7348917375848325,
                    "recall": 0.8555304740406321,
                    "f1-score": 0.7906356840702323,