{
    "TabNet": {
        "filter_sizes": [
            12000,
            8000,
            6000,
            4500,
            3500,
            1500,
            1000,
            300
        ],
        "training_time_seconds": [
            2155.472414493561,
            1932.3019804954529,
            1399.6049485206604,
            1422.6262447834015,
            1404.8868372440338,
            1378.3892498016357,
            1422.932873725891,
            1330.8993620872498
        ],
        "num_classes": [
            2,
            3,
            4,
            4,
            4,
            4,
            4,
            4
        ],
        "test_f1_macro": [
            0.7016178462888039,
            0.6437985187477254,
            0.4741266615618157,
            0.4741266615618157,
            0.4741266615618157,
            0.4741266615618157,
            0.4741266615618157,
            0.4741266615618157
        ],
        "test_f1_micro": [
            0.736798379978192,
            0.7105771818648919,
            0.6797077539476786,
            0.6797077539476786,
            0.6797077539476786,
            0.6797077539476786,
            0.6797077539476786,
            0.6797077539476786
        ],
        "test_f1_weighted": [
            0.7262277281649734,
            0.700128801017785,
            0.6596519294910346,
            0.6596519294910346,
            0.6596519294910346,
            0.6596519294910346,
            0.6596519294910346,
            0.6596519294910346
        ],
        "cv_class_weights": [
            0.00436711311340332,
            0.32523277401924133,
            0.4006235599517822,
            0.4006235599517822,
            0.4006235599517822,
            0.4006235599517822,
            0.4006235599517822,
            0.4006235599517822
        ],
        "total_training_samples": [
            123256,
            130785,
            135776,
            135776,
            135776,
            135776,
            135776,
            135776
        ],
        "imbalance_ratio": [
            1.6274994670645917,
            10.261891964525665,
            15.18225228810187,
            15.18225228810187,
            15.18225228810187,
            15.18225228810187,
            15.18225228810187,
            15.18225228810187
        ],
        "entropy": [
            0.6643522173031502,
            0.8450221039660912,
            0.9735099863952781,
            0.9735099863952781,
            0.9735099863952781,
            0.9735099863952781,
            0.9735099863952781,
            0.9735099863952781
        ],
        "test_precision_macro": [
            0.7287896270674096,
            0.6953975908957629,
            0.5625720855291215,
            0.5625720855291215,
            0.5625720855291215,
            0.5625720855291215,
            0.5625720855291215,
            0.5625720855291215
        ],
        "test_recall_macro": [
            0.6943836343308898,
            0.6146452726107248,
            0.45744396499245626,
            0.45744396499245626,
            0.45744396499245626,
            0.45744396499245626,
            0.45744396499245626,
            0.45744396499245626
        ],
        "classification_reports": [
            {
                "0": {
                    "precision": 0.7108546767989492,
                    "recall": 0.5178022278411809,
                    "f1-score": 0.5991617902894196,
                    "support": 14633.0
                },
                "1": {
                    "precision": 0.7467245773358699,
                    "recall": 0.8709650408205987,
                    "f1-score": 0.804073902288188,
                    "support": 23885.0
                },
                "accuracy": 0.736798379978192,
                "macro avg": {
                    "precision": 0.7287896270674096,
                    "recall": 0.6943836343308898,
                    "f1-score": 0.7016178462888039,
                    "support": 38518.0
                },
                "weighted avg": {
                    "precision": 0.7330975911331398,
                    "recall": 0.736798379978192,
                    "f1-score": 0.7262277281649734,
                    "support": 38518.0
                }
            },
            {
                "0": {
                    "precision": 0.6352314695525209,
                    "recall": 0.5082462891698736,
                    "f1-score": 0.5646879175415156,
                    "support": 14552.0
                },
                "1": {
                    "precision": 0.708433734939759,
                    "recall": 0.4776604386677498,
                    "f1-score": 0.5705967976710334,
                    "support": 2462.0
                },
                "2": {
                    "precision": 0.7425275681950088,
                    "recall": 0.8580290899945509,
                    "f1-score": 0.7961108410306271,
                    "support": 23857.0
                },
                "accuracy": 0.7105771818648919,
                "macro avg": {
                    "precision": 0.6953975908957629,
                    "recall": 0.6146452726107248,
                    "f1-score": 0.6437985187477254,
                    "support": 40871.0
                },
                "weighted avg": {
                    "precision": 0.7022713511971397,
                    "recall": 0.7105771818648919,
                    "f1-score": 0.700128801017785,
                    "support": 40871.0
                }
            },
            {
                "0": {
                    "precision": 0.5956133225020309,
                    "recall": 0.501059249641222,
                    "f1-score": 0.5442601046654048,
                    "support": 14633.0
                },
                "1": {
                    "precision": 0.33548387096774196,
                    "recall": 0.034346103038309116,
                    "f1-score": 0.06231276213301378,
                    "support": 1514.0
                },
                "2": {
                    "precision": 0.5957446808510638,
                    "recall": 0.44122657580919933,
                    "f1-score": 0.5069733300709567,
                    "support": 2348.0
                },
                "3": {
                    "precision": 0.7234464677956494,
                    "recall": 0.8531439314810947,
                    "f1-score": 0.7829604493778877,
                    "support": 23935.0
                },
                "accuracy": 0.6797077539476786,
                "macro avg": {
                    "precision": 0.5625720855291215,
                    "recall": 0.45744396499245626,
                    "f1-score": 0.4741266615618157,
                    "support": 42430.0
                },
                "weighted avg": {
                    "precision": 0.6584499657352003,
                    "recall": 0.6797077539476786,
                    "f1-score": 0.6596519294910346,
                    "support": 42430.0
                }
            },
            {
                "0": {
                    "precision": 0.5956133225020309,
                    "recall": 0.501059249641222,
                    "f1-score": 0.5442601046654048,
                    "support": 14633.0
                },
                "1": {
                    "precision": 0.33548387096774196,
                    "recall": 0.034346103038309116,
                    "f1-score": 0.06231276213301378,
                    "support": 1514.0
                },
                "2": {
                    "precision": 0.5957446808510638,
                    "recall": 0.44122657580919933,
                    "f1-score": 0.5069733300709567,
                    "support": 2348.0
                },
                "3": {
                    "precision": 0.7234464677956494,
                    "recall": 0.8531439314810947,
                    "f1-score": 0.7829604493778877,