{
    "AdvancedTabularClassifier": {
        "filter_sizes": [
            12000,
            8000,
            6000,
            4500,
            3500,
            1500,
            1000,
            300
        ],
        "training_time_seconds": [
            38.39954447746277,
            46.1146605014801,
            44.91810750961304,
            42.67375707626343,
            52.218536376953125,
            52.43037223815918,
            43.81643533706665,
            44.14227247238159
        ],
        "num_classes": [
            2,
            3,
            4,
            4,
            4,
            4,
            4,
            4
        ],
        "test_f1_macro": [
            0.7066184771486436,
            0.64377201263781,
            0.49789538102190456,
            0.49494359446093733,
            0.5084641934201364,
            0.5105884540428889,
            0.49567626359375694,
            0.5140018211721176
        ],
        "test_f1_micro": [
            0.7305934887585025,
            0.7086442709989969,
            0.673580014140938,
            0.6785764789064341,
            0.6687249587555975,
            0.6706339853876974,
            0.6769031345745935,
            0.6760075418336083
        ],
        "test_f1_weighted": [
            0.7269638144007117,
            0.697329442556809,
            0.6664916530230026,
            0.6663431942165429,
            0.665830142001345,
            0.6686112479962403,
            0.6697550915792175,
            0.671246665189655
        ],
        "cv_class_weights": [
            0.23904718634386968,
            0.6471474488662129,
            0.8719895522931513,
            0.8719895522931513,
            0.8719895522931513,
            0.8719895522931513,
            0.8719895522931513,
            0.8719895522931513
        ],
        "imbalance_ratio": [
            1.6254845993268863,
            10.114982116836668,
            15.160732046946489,
            15.160732046946489,
            15.160732046946489,
            15.160732046946489,
            15.160732046946489,
            15.160732046946489
        ],
        "total_training_samples": [
            123256,
            130785,
            135776,
            135776,
            135776,
            135776,
            135776,
            135776
        ],
        "entropy": [
            0.6644942900012158,
            0.8465637482123152,
            0.9745313681488466,
            0.9745313681488466,
            0.9745313681488466,
            0.9745313681488466,
            0.9745313681488466,
            0.9745313681488466
        ],
        "test_precision_macro": [
            0.7138364712365057,
            0.6768621878941504,
            0.5194397779023628,
            0.5269726089424116,
            0.5105694339634669,
            0.5156673619104665,
            0.5643910104241062,
            0.518744104509707
        ],
        "test_recall_macro": [
            0.7025925625041077,
            0.6252002845263795,
            0.5077961994979001,
            0.4825306471766597,
            0.5092567334131639,
            0.5066839584693652,
            0.46637610518321465,
            0.5107458553981917
        ],
        "classification_reports": [
            {
                "0": {
                    "precision": 0.6629256965944272,
                    "recall": 0.587166655240968,
                    "f1-score": 0.6227505725815247,
                    "support": 14587.0
                },
                "1": {
                    "precision": 0.7647472458785842,
                    "recall": 0.8180184697672475,
                    "f1-score": 0.7904863817157625,
                    "support": 23931.0
                },
                "accuracy": 0.7305934887585025,
                "macro avg": {
                    "precision": 0.7138364712365057,
                    "recall": 0.7025925625041077,
                    "f1-score": 0.7066184771486436,
                    "support": 38518.0
                },
                "weighted avg": {
                    "precision": 0.7261868081765229,
                    "recall": 0.7305934887585025,
                    "f1-score": 0.7269638144007117,
                    "support": 38518.0
                }
            },
            {
                "0": {
                    "precision": 0.6483960823074849,
                    "recall": 0.49182115594329334,
                    "f1-score": 0.5593581644122321,
                    "support": 14672.0
                },
                "1": {
                    "precision": 0.6451612903225806,
                    "recall": 0.5238299699441821,
                    "f1-score": 0.5781990521327014,
                    "support": 2329.0
                },
                "2": {
                    "precision": 0.737029191052386,
                    "recall": 0.8599497276916632,
                    "f1-score": 0.7937588213684964,
                    "support": 23870.0
                },
                "accuracy": 0.7086442709989969,
                "macro avg": {
                    "precision": 0.6768621878941504,
                    "recall": 0.6252002845263795,
                    "f1-score": 0.64377201263781,
                    "support": 40871.0
                },
                "weighted avg": {
                    "precision": 0.6999763831371183,
                    "recall": 0.7086442709989969,
                    "f1-score": 0.697329442556809,
                    "support": 40871.0
                }
            },
            {
                "0": {
                    "precision": 0.5841084432907924,
                    "recall": 0.5556241426611797,
                    "f1-score": 0.5695103518577103,
                    "support": 14580.0
                },
                "1": {
                    "precision": 0.2893081761006289,
                    "recall": 0.09120951751487112,
                    "f1-score": 0.13869346733668342,
                    "support": 1513.0
                },
                "2": {
                    "precision": 0.4461942257217848,
                    "recall": 0.5951859956236324,
                    "f1-score": 0.510031876992312,
                    "support": 2285.0
                },
                "3": {
                    "precision": 0.7581482664962454,
                    "recall": 0.7891651421919175,
                    "f1-score": 0.7733458279009127,
                    "support": 24052.0
                },
                "accuracy": 0.673580014140938,
                "macro avg": {
                    "precision": 0.5194397779023628,
                    "recall": 0.5077961994979001,
                    "f1-score": 0.49789538102190456,
                    "support": 42430.0
                },
                "weighted avg": {
                    "precision": 0.6648258375008714,
                    "recall": 0.673580014140938,
                    "f1-score": 0.6664916530230026,
                    "support": 42430.0
                }
            },
            {
                "0": {
                    "precision": 0.5929082331456399,
                    "recall": 0.5344307270233196,
                    "f1-score": 0.5621528028280788,
                    "support": 14580.0
                },
                "1": {
                    "precision": 0.20961538461538462,
                    "recall": 0.07204230006609386,
                    "f1-score": 0.10723069355632071,
                    "support": 1513.0
                },
                "2": {
                    "precision": 0.567127344521224,
                    "recall": 0.5028446389496718,
                    "f1-score": 0.5330549756437022,
                    "support": 2285.0
                },
                "3": {
                    "precision": 0.738239473487398,
                    "recall": 0.8208049226675537,
                    "f1-score": 0.7773359058156475,