{
    "TabNet": {
        "filter_sizes": [
            12000,
            8000,
            6000,
            4500,
            3500,
            1500,
            1000,
            300
        ],
        "training_time_seconds": [
            632.44034075737,
            616.3105094432831,
            581.9530091285706,
            1174.7966928482056,
            1152.9254050254822,
            1176.8582336902618,
            1089.533190727234,
            1124.7938752174377
        ],
        "num_classes": [
            2,
            2,
            2,
            3,
            3,
            3,
            3,
            4
        ],
        "test_f1_macro": [
            0.999751942697037,
            0.999751942697037,
            0.999751942697037,
            0.8133572302605815,
            0.8133572302605815,
            0.8133572302605815,
            0.8133572302605815,
            0.7255367338997006
        ],
        "test_f1_micro": [
            0.9998067259373792,
            0.9998067259373792,
            0.9998067259373792,
            0.958418041700156,
            0.958418041700156,
            0.958418041700156,
            0.958418041700156,
            0.9404195144944615
        ],
        "test_f1_weighted": [
            0.9998067146720614,
            0.9998067146720614,
            0.9998067146720614,
            0.9672132567804792,
            0.9672132567804792,
            0.9672132567804792,
            0.9672132567804792,
            0.954988139964514
        ],
        "cv_class_weights": [
            0.4688420130762378,
            0.4688420130762378,
            0.4688420130762378,
            0.8670174433718976,
            0.8670174433718976,
            0.8670174433718976,
            0.8670174433718976,
            1.1512368231011856
        ],
        "total_training_samples": [
            132454,
            132454,
            132454,
            135364,
            135364,
            135364,
            135364,
            135776
        ],
        "imbalance_ratio": [
            2.765358046450806,
            2.765358046450806,
            2.765358046450806,
            33.424690508940856,
            33.424690508940856,
            33.424690508940856,
            33.424690508940856,
            249.5897435897436
        ],
        "entropy": [
            0.5788118527887445,
            0.5788118527887445,
            0.5788118527887445,
            0.6707287853304644,
            0.6707287853304644,
            0.6707287853304644,
            0.6707287853304644,
            0.6879201357878909
        ],
        "test_precision_macro": [
            0.9998102193112928,
            0.9998102193112928,
            0.9998102193112928,
            0.7731636759317384,
            0.7731636759317384,
            0.7731636759317384,
            0.7731636759317384,
            0.6700666440832831
        ],
        "test_recall_macro": [
            0.9996937036309985,
            0.9996937036309985,
            0.9996937036309985,
            0.9328936756708197,
            0.9328936756708197,
            0.9328936756708197,
            0.9328936756708197,
            0.8923473035369185
        ],
        "classification_reports": [
            {
                "0": {
                    "precision": 0.9998027872732054,
                    "recall": 0.9999342537804077,
                    "f1-score": 0.9998685162053776,
                    "support": 30420.0
                },
                "1": {
                    "precision": 0.99981765134938,
                    "recall": 0.9994531534815895,
                    "f1-score": 0.9996353691886964,
                    "support": 10972.0
                },
                "accuracy": 0.9998067259373792,
                "macro avg": {
                    "precision": 0.9998102193112928,
                    "recall": 0.9996937036309985,
                    "f1-score": 0.999751942697037,
                    "support": 41392.0
                },
                "weighted avg": {
                    "precision": 0.9998067273737994,
                    "recall": 0.9998067259373792,
                    "f1-score": 0.9998067146720614,
                    "support": 41392.0
                }
            },
            {
                "0": {
                    "precision": 0.9998027872732054,
                    "recall": 0.9999342537804077,
                    "f1-score": 0.9998685162053776,
                    "support": 30420.0
                },
                "1": {
                    "precision": 0.99981765134938,
                    "recall": 0.9994531534815895,
                    "f1-score": 0.9996353691886964,
                    "support": 10972.0
                },
                "accuracy": 0.9998067259373792,
                "macro avg": {
                    "precision": 0.9998102193112928,
                    "recall": 0.9996937036309985,
                    "f1-score": 0.999751942697037,
                    "support": 41392.0
                },
                "weighted avg": {
                    "precision": 0.9998067273737994,
                    "recall": 0.9998067259373792,
                    "f1-score": 0.9998067146720614,
                    "support": 41392.0
                }
            },
            {
                "0": {
                    "precision": 0.9998027872732054,
                    "recall": 0.9999342537804077,
                    "f1-score": 0.9998685162053776,
                    "support": 30420.0
                },
                "1": {
                    "precision": 0.99981765134938,
                    "recall": 0.9994531534815895,
                    "f1-score": 0.9996353691886964,
                    "support": 10972.0
                },
                "accuracy": 0.9998067259373792,
                "macro avg": {
                    "precision": 0.9998102193112928,
                    "recall": 0.9996937036309985,
                    "f1-score": 0.999751942697037,
                    "support": 41392.0
                },
                "weighted avg": {
                    "precision": 0.9998067273737994,
                    "recall": 0.9998067259373792,
                    "f1-score": 0.9998067146720614,
                    "support": 41392.0
                }
            },
            {
                "0": {
                    "precision": 0.32430179241350565,
                    "recall": 0.8521358159912377,
                    "f1-score": 0.46980676328502413,
                    "support": 913.0
                },
                "1": {
                    "precision": 0.9952812317018566,
                    "recall": 0.9469130947699568,
                    "f1-score": 0.9704948865640061,
                    "support": 30516.0
                },
                "2": {
                    "precision": 0.9999080036798528,
                    "recall": 0.9996321162512646,
                    "f1-score": 0.9997700409327139,
                    "support": 10873.0
                },
                "accuracy": 0.958418041700156,
                "macro avg": {
                    "precision": 0.7731636759317384,
                    "recall": 0.9328936756708197,
                    "f1-score": 0.8133572302605815,
                    "support": 42302.0
                },
                "weighted avg": {
                    "precision": 0.9819887789489486,
                    "recall": 0.958418041700156,
                    "f1-score": 0.9672132567804792,
                    "support": 42302.0
                }
            },
            {
                "0": {
                    "precision": 0.32430179241350565,
                    "recall": 0.8521358159912377,
                    "f1-score": 0.46980676328502413,
                    "support": 913.0
                },
                "1": {
                    "precision": 0.9952812317018566,
                    "recall": 0.9469130947699568,