{
    "TabNet": {
        "filter_sizes": [
            12000,
            8000,
            6000,
            4500,
            3500,
            1500,
            1000,
            300
        ],
        "training_time_seconds": [
            541.8734657764435,
            528.4762346744537,
            521.087822675705,
            485.7654016017914,
            433.55065417289734,
            647.6766245365143,
            662.5157027244568,
            711.1261594295502
        ],
        "num_classes": [
            2,
            2,
            2,
            2,
            4,
            5,
            5,
            5
        ],
        "test_f1_macro": [
            0.7855875685306186,
            0.7855875685306186,
            0.7855875685306186,
            0.7855875685306186,
            0.5566940206198612,
            0.44360128464389703,
            0.44360128464389703,
            0.44360128464389703
        ],
        "test_f1_micro": [
            0.9419281626208802,
            0.9419281626208802,
            0.9419281626208802,
            0.9419281626208802,
            0.9304750593824228,
            0.926702804619373,
            0.926702804619373,
            0.926702804619373
        ],
        "test_f1_weighted": [
            0.9338342600204946,
            0.9338342600204946,
            0.9338342600204946,
            0.9338342600204946,
            0.9195134008869581,
            0.9146491761195972,
            0.9146491761195972,
            0.9146491761195972
        ],
        "cv_class_weights": [
            0.0,
            0.0,
            0.0,
            0.0,
            0.0,
            0.0,
            0.0,
            0.0
        ],
        "total_training_samples": [
            129714,
            129714,
            129714,
            129714,
            134718,
            135776,
            135776,
            135776
        ],
        "imbalance_ratio": [
            9.39208460182663,
            9.39208460182663,
            9.39208460182663,
            9.39208460182663,
            47.37631366208569,
            111.76358436606291,
            111.76358436606291,
            111.76358436606291
        ],
        "entropy": [
            0.3167130459584489,
            0.3167130459584489,
            0.3167130459584489,
            0.3167130459584489,
            0.489846919147405,
            0.5311330528883654,
            0.5311330528883654,
            0.5311330528883654
        ],
        "test_precision_macro": [
            0.9050188869034586,
            0.9050188869034586,
            0.9050188869034586,
            0.9050188869034586,
            0.6020784772212191,
            0.5177827220932822,
            0.5177827220932822,
            0.5177827220932822
        ],
        "test_recall_macro": [
            0.7274372950033408,
            0.7274372950033408,
            0.7274372950033408,
            0.7274372950033408,
            0.5292429878709856,
            0.43638415318753376,
            0.43638415318753376,
            0.43638415318753376
        ],
        "classification_reports": [
            {
                "0": {
                    "precision": 0.8639225181598063,
                    "recall": 0.46253564946849884,
                    "f1-score": 0.602499155690645,
                    "support": 3857.0
                },
                "1": {
                    "precision": 0.9461152556471109,
                    "recall": 0.9923389405381826,
                    "f1-score": 0.9686759813705922,
                    "support": 36679.0
                },
                "accuracy": 0.9419281626208802,
                "macro avg": {
                    "precision": 0.9050188869034586,
                    "recall": 0.7274372950033408,
                    "f1-score": 0.7855875685306186,
                    "support": 40536.0
                },
                "weighted avg": {
                    "precision": 0.938294617486253,
                    "recall": 0.9419281626208802,
                    "f1-score": 0.9338342600204946,
                    "support": 40536.0
                }
            },
            {
                "0": {
                    "precision": 0.8639225181598063,
                    "recall": 0.46253564946849884,
                    "f1-score": 0.602499155690645,
                    "support": 3857.0
                },
                "1": {
                    "precision": 0.9461152556471109,
                    "recall": 0.9923389405381826,
                    "f1-score": 0.9686759813705922,
                    "support": 36679.0
                },
                "accuracy": 0.9419281626208802,
                "macro avg": {
                    "precision": 0.9050188869034586,
                    "recall": 0.7274372950033408,
                    "f1-score": 0.7855875685306186,
                    "support": 40536.0
                },
                "weighted avg": {
                    "precision": 0.938294617486253,
                    "recall": 0.9419281626208802,
                    "f1-score": 0.9338342600204946,
                    "support": 40536.0
                }
            },
            {
                "0": {
                    "precision": 0.8639225181598063,
                    "recall": 0.46253564946849884,
                    "f1-score": 0.602499155690645,
                    "support": 3857.0
                },
                "1": {
                    "precision": 0.9461152556471109,
                    "recall": 0.9923389405381826,
                    "f1-score": 0.9686759813705922,
                    "support": 36679.0
                },
                "accuracy": 0.9419281626208802,
                "macro avg": {
                    "precision": 0.9050188869034586,
                    "recall": 0.7274372950033408,
                    "f1-score": 0.7855875685306186,
                    "support": 40536.0
                },
                "weighted avg": {
                    "precision": 0.938294617486253,
                    "recall": 0.9419281626208802,
                    "f1-score": 0.9338342600204946,
                    "support": 40536.0
                }
            },
            {
                "0": {
                    "precision": 0.8639225181598063,
                    "recall": 0.46253564946849884,
                    "f1-score": 0.602499155690645,
                    "support": 3857.0
                },
                "1": {
                    "precision": 0.9461152556471109,
                    "recall": 0.9923389405381826,
                    "f1-score": 0.9686759813705922,
                    "support": 36679.0
                },
                "accuracy": 0.9419281626208802,
                "macro avg": {
                    "precision": 0.9050188869034586,
                    "recall": 0.7274372950033408,
                    "f1-score": 0.7855875685306186,
                    "support": 40536.0
                },
                "weighted avg": {
                    "precision": 0.938294617486253,
                    "recall": 0.9419281626208802,
                    "f1-score": 0.9338342600204946,
                    "support": 40536.0
                }
            },
            {
                "0": {
                    "precision": 0.7003007929997266,
                    "recall": 0.6688430399582136,
                    "f1-score": 0.6842105263157895,
                    "support": 3829.0
                },
                "1": {
                    "precision": 0.9549010826901293,
                    "recall": 0.9874690130485712,
                    "f1-score": 0.9709120128565689,
                    "support": 36709.0
                },
                "2": {
                    "precision": 0.0,
                    "recall": 0.0,
                    "f1-score": 0.0,
                    "support": 774.0
                },