{
    "TabNet": {
        "filter_sizes": [
            12000,
            8000,
            6000,
            4500,
            3500,
            1500,
            1000,
            300
        ],
        "training_time_seconds": [
            952.834997177124,
            943.5970680713654,
            963.8498282432556,
            1170.4421808719635,
            1255.4958112239838,
            1234.2439832687378,
            1154.780996799469,
            872.164181470871
        ],
        "num_classes": [
            2,
            2,
            2,
            3,
            3,
            3,
            3,
            4
        ],
        "test_f1_macro": [
            1.0,
            1.0,
            1.0,
            0.8608316734339333,
            0.8608316734339333,
            0.8608316734339333,
            0.8608316734339333,
            0.6823649183952712
        ],
        "test_f1_micro": [
            1.0,
            1.0,
            1.0,
            0.986312703891069,
            0.986312703891069,
            0.986312703891069,
            0.986312703891069,
            0.9813339618194673
        ],
        "test_f1_weighted": [
            1.0,
            1.0,
            1.0,
            0.9846026399400846,
            0.9846026399400846,
            0.9846026399400846,
            0.9846026399400846,
            0.9782841580512694
        ],
        "cv_class_weights": [
            0.4684796231144397,
            0.4684796231144397,
            0.4684796231144397,
            0.868137442372907,
            0.868137442372907,
            0.868137442372907,
            0.868137442372907,
            1.1507869570454237
        ],
        "total_training_samples": [
            132454,
            132454,
            132454,
            135364,
            135364,
            135364,
            135364,
            135776
        ],
        "imbalance_ratio": [
            2.7627908298059713,
            2.7627908298059713,
            2.7627908298059713,
            33.25495557074505,
            33.25495557074505,
            33.25495557074505,
            33.25495557074505,
            241.43424317617865
        ],
        "entropy": [
            0.5789960747577896,
            0.5789960747577896,
            0.5789960747577896,
            0.6702715468376965,
            0.6702715468376965,
            0.6702715468376965,
            0.6702715468376965,
            0.6882797350165848
        ],
        "test_precision_macro": [
            1.0,
            1.0,
            1.0,
            0.9267121586622041,
            0.9267121586622041,
            0.9267121586622041,
            0.9267121586622041,
            0.8176953657757258
        ],
        "test_recall_macro": [
            1.0,
            1.0,
            1.0,
            0.8226086953309816,
            0.8226086953309816,
            0.8226086953309816,
            0.8226086953309816,
            0.6363890917521462
        ],
        "classification_reports": [
            {
                "0": {
                    "precision": 1.0,
                    "recall": 1.0,
                    "f1-score": 1.0,
                    "support": 30450.0
                },
                "1": {
                    "precision": 1.0,
                    "recall": 1.0,
                    "f1-score": 1.0,
                    "support": 10942.0
                },
                "accuracy": 1.0,
                "macro avg": {
                    "precision": 1.0,
                    "recall": 1.0,
                    "f1-score": 1.0,
                    "support": 41392.0
                },
                "weighted avg": {
                    "precision": 1.0,
                    "recall": 1.0,
                    "f1-score": 1.0,
                    "support": 41392.0
                }
            },
            {
                "0": {
                    "precision": 1.0,
                    "recall": 1.0,
                    "f1-score": 1.0,
                    "support": 30450.0
                },
                "1": {
                    "precision": 1.0,
                    "recall": 1.0,
                    "f1-score": 1.0,
                    "support": 10942.0
                },
                "accuracy": 1.0,
                "macro avg": {
                    "precision": 1.0,
                    "recall": 1.0,
                    "f1-score": 1.0,
                    "support": 41392.0
                },
                "weighted avg": {
                    "precision": 1.0,
                    "recall": 1.0,
                    "f1-score": 1.0,
                    "support": 41392.0
                }
            },
            {
                "0": {
                    "precision": 1.0,
                    "recall": 1.0,
                    "f1-score": 1.0,
                    "support": 30450.0
                },
                "1": {
                    "precision": 1.0,
                    "recall": 1.0,
                    "f1-score": 1.0,
                    "support": 10942.0
                },
                "accuracy": 1.0,
                "macro avg": {
                    "precision": 1.0,
                    "recall": 1.0,
                    "f1-score": 1.0,
                    "support": 41392.0
                },
                "weighted avg": {
                    "precision": 1.0,
                    "recall": 1.0,
                    "f1-score": 1.0,
                    "support": 41392.0
                }
            },
            {
                "0": {
                    "precision": 0.7954545454545454,
                    "recall": 0.4713804713804714,
                    "f1-score": 0.5919661733615222,
                    "support": 891.0
                },
                "1": {
                    "precision": 0.9846819305320671,
                    "recall": 0.9964456146124733,
                    "f1-score": 0.9905288469402778,
                    "support": 30385.0
                },
                "2": {
                    "precision": 1.0,
                    "recall": 1.0,
                    "f1-score": 1.0,
                    "support": 11026.0
                },
                "accuracy": 0.986312703891069,
                "macro avg": {
                    "precision": 0.9267121586622041,
                    "recall": 0.8226086953309816,
                    "f1-score": 0.8608316734339333,
                    "support": 42302.0
                },
                "weighted avg": {
                    "precision": 0.984688914453616,
                    "recall": 0.986312703891069,
                    "f1-score": 0.9846026399400846,
                    "support": 42302.0
                }
            },
            {
                "0": {
                    "precision": 0.7954545454545454,
                    "recall": 0.4713804713804714,
                    "f1-score": 0.5919661733615222,
                    "support": 891.0
                },
                "1": {
                    "precision": 0.9846819305320671,
                    "recall": 0.9964456146124733,
                    "f1-score": 0.9905288469402778,
                    "support": 30385.0
                },
                "2": {
                    "precision": 1.0,
                    "recall": 1.0,
                    "f1-score": 1.0,
                    "support": 11026.0
                },
                "accuracy": 0.986312703891069,
                "macro avg": {
                    "precision": 0.9267121586622041,
                    "recall": 0.8226086953309816,
                    "f1-score": 0.8608316734339333,
                    "support": 42302.0
                },
                "weighted avg": {
                    "precision": 0.984688914453616,
                    "recall": 0.986312703891069,
                    "f1-score": 0.9846026399400846,