{
    "TabNet": {
        "filter_sizes": [
            12000,
            8000,
            6000,
            4500,
            3500,
            1500,
            1000,
            300
        ],
        "training_time_seconds": [
            1770.012134552002,
            1664.3879597187042,
            1777.6099405288696,
            1815.6570513248444,
            1827.3012433052063,
            1749.4148671627045,
            1846.4565949440002,
            1825.6507778167725
        ],
        "num_classes": [
            2,
            3,
            4,
            4,
            4,
            4,
            4,
            4
        ],
        "test_f1_macro": [
            0.6984937943498053,
            0.6192283263306352,
            0.45702282776747305,
            0.45702282776747305,
            0.45702282776747305,
            0.45702282776747305,
            0.45702282776747305,
            0.45702282776747305
        ],
        "test_f1_micro": [
            0.7390051404538138,
            0.7045582442318514,
            0.6855998114541598,
            0.6855998114541598,
            0.6855998114541598,
            0.6855998114541598,
            0.6855998114541598,
            0.6855998114541598
        ],
        "test_f1_weighted": [
            0.7249428054969652,
            0.6880650675473068,
            0.6651431288455031,
            0.6651431288455031,
            0.6651431288455031,
            0.6651431288455031,
            0.6651431288455031,
            0.6651431288455031
        ],
        "cv_class_weights": [
            0.0,
            0.0,
            0.0,
            0.0,
            0.0,
            0.0,
            0.0,
            0.0
        ],
        "total_training_samples": [
            123256,
            130785,
            135776,
            135776,
            135776,
            135776,
            135776,
            135776
        ],
        "imbalance_ratio": [
            1.6282838621630842,
            10.135145888594165,
            15.329518072289156,
            15.329518072289156,
            15.329518072289156,
            15.329518072289156,
            15.329518072289156,
            15.329518072289156
        ],
        "entropy": [
            0.6642968690879474,
            0.8462100782824566,
            0.9722755876548224,
            0.9722755876548224,
            0.9722755876548224,
            0.9722755876548224,
            0.9722755876548224,
            0.9722755876548224
        ],
        "test_precision_macro": [
            0.7379349821932715,
            0.7131166565530892,
            0.5066478709772818,
            0.5066478709772818,
            0.5066478709772818,
            0.5066478709772818,
            0.5066478709772818,
            0.5066478709772818
        ],
        "test_recall_macro": [
            0.6908488209612482,
            0.5808675555696349,
            0.43849695289003054,
            0.43849695289003054,
            0.43849695289003054,
            0.43849695289003054,
            0.43849695289003054,
            0.43849695289003054
        ],
        "classification_reports": [
            {
                "0": {
                    "precision": 0.7357677710534414,
                    "recall": 0.4896245733788396,
                    "f1-score": 0.5879749170047953,
                    "support": 14650.0
                },
                "1": {
                    "precision": 0.7401021933331016,
                    "recall": 0.8920730685436568,
                    "f1-score": 0.8090126716948154,
                    "support": 23868.0
                },
                "accuracy": 0.7390051404538138,
                "macro avg": {
                    "precision": 0.7379349821932715,
                    "recall": 0.6908488209612482,
                    "f1-score": 0.6984937943498053,
                    "support": 38518.0
                },
                "weighted avg": {
                    "precision": 0.7384536319748529,
                    "recall": 0.7390051404538138,
                    "f1-score": 0.7249428054969652,
                    "support": 38518.0
                }
            },
            {
                "0": {
                    "precision": 0.649288205901763,
                    "recall": 0.4673271357806881,
                    "f1-score": 0.5434816919191919,
                    "support": 14737.0
                },
                "1": {
                    "precision": 0.7679465776293823,
                    "recall": 0.39316239316239315,
                    "f1-score": 0.5200678349349915,
                    "support": 2340.0
                },
                "2": {
                    "precision": 0.7221151861281222,
                    "recall": 0.8821131377658233,
                    "f1-score": 0.7941354521377223,
                    "support": 23794.0
                },
                "accuracy": 0.7045582442318514,
                "macro avg": {
                    "precision": 0.7131166565530892,
                    "recall": 0.5808675555696349,
                    "f1-score": 0.6192283263306352,
                    "support": 40871.0
                },
                "weighted avg": {
                    "precision": 0.6984797049438374,
                    "recall": 0.7045582442318514,
                    "f1-score": 0.6880650675473068,
                    "support": 40871.0
                }
            },
            {
                "0": {
                    "precision": 0.5802883242934628,
                    "recall": 0.5574523515699986,
                    "f1-score": 0.5686411637177425,
                    "support": 14586.0
                },
                "1": {
                    "precision": 0.0,
                    "recall": 0.0,
                    "f1-score": 0.0,
                    "support": 1572.0
                },
                "2": {
                    "precision": 0.7074601844090528,
                    "recall": 0.3546218487394958,
                    "f1-score": 0.4724321298628603,
                    "support": 2380.0
                },
                "3": {
                    "precision": 0.7388429752066116,
                    "recall": 0.8419136112506278,
                    "f1-score": 0.7870180174892892,
                    "support": 23892.0
                },
                "accuracy": 0.6855998114541598,
                "macro avg": {
                    "precision": 0.5066478709772818,
                    "recall": 0.43849695289003054,
                    "f1-score": 0.45702282776747305,
                    "support": 42430.0
                },
                "weighted avg": {
                    "precision": 0.6552033254931501,
                    "recall": 0.6855998114541598,
                    "f1-score": 0.6651431288455031,
                    "support": 42430.0
                }
            },
            {
                "0": {
                    "precision": 0.5802883242934628,
                    "recall": 0.5574523515699986,
                    "f1-score": 0.5686411637177425,
                    "support": 14586.0
                },
                "1": {
                    "precision": 0.0,
                    "recall": 0.0,
                    "f1-score": 0.0,
                    "support": 1572.0
                },
                "2": {
                    "precision": 0.7074601844090528,
                    "recall": 0.3546218487394958,
                    "f1-score": 0.4724321298628603,
                    "support": 2380.0
                },
                "3": {
                    "precision": 0.7388429752066116,
                    "recall": 0.8419136112506278,
                    "f1-score": 0.7870180174892892,
                    "support": 23892.0
                },
                "accuracy": 0.6855998114541598,
                "macro avg": {
                    "precision": 0.5066478709772818,