{
    "AdvancedTabularClassifier": {
        "filter_sizes": [
            12000,
            8000,
            6000,
            4500,
            3500,
            1500,
            1000,
            300
        ],
        "training_time_seconds": [
            46.42180061340332,
            46.946205139160156,
            44.57599234580994,
            49.727654457092285,
            42.211177587509155,
            43.2863974571228,
            55.414461851119995,
            40.63129544258118
        ],
        "num_classes": [
            2,
            2,
            2,
            2,
            4,
            5,
            5,
            5
        ],
        "test_f1_macro": [
            0.8799986835505986,
            0.8845941869189724,
            0.8806788947281845,
            0.8695597725622235,
            0.587630248563111,
            0.4783544657545214,
            0.48630648418107186,
            0.4880459994859788
        ],
        "test_f1_micro": [
            0.9507844878626406,
            0.9529800671008486,
            0.9505624629958556,
            0.9445924610223012,
            0.8683372921615202,
            0.8486448267735093,
            0.8541126561395239,
            0.8550553853405609
        ],
        "test_f1_weighted": [
            0.9540699241274048,
            0.9559912900007941,
            0.9540676796880256,
            0.9490684547328067,
            0.8893211685340577,
            0.8753651953429525,
            0.8778148656777639,
            0.879269570042616
        ],
        "cv_class_weights": [
            0.8080700618283301,
            0.8080700618283301,
            0.8080700618283301,
            0.8080700618283301,
            1.436942292305175,
            1.6658859875023757,
            1.6658859875023757,
            1.6658859875023757
        ],
        "imbalance_ratio": [
            9.474321705426357,
            9.474321705426357,
            9.474321705426357,
            9.474321705426357,
            47.042502004811546,
            110.57964184731385,
            110.57964184731385,
            110.57964184731385
        ],
        "total_training_samples": [
            129714,
            129714,
            129714,
            129714,
            134718,
            135776,
            135776,
            135776
        ],
        "entropy": [
            0.4560727597780627,
            0.4560727597780627,
            0.4560727597780627,
            0.4560727597780627,
            0.3531964859699337,
            0.3297505353237655,
            0.3297505353237655,
            0.3297505353237655
        ],
        "test_precision_macro": [
            0.8375293876283629,
            0.8430346353937865,
            0.8360051501432131,
            0.8215648895664633,
            0.5236682685564243,
            0.4304428532584029,
            0.4322431085547801,
            0.4399965211989609
        ],
        "test_recall_macro": [
            0.9419186724779475,
            0.9441437915882795,
            0.947506681599584,
            0.9462124659536836,
            0.7635010825023159,
            0.6189974300947014,
            0.6280656747896703,
            0.6145343986762144
        ],
        "classification_reports": [
            {
                "0": {
                    "precision": 0.6828908554572272,
                    "recall": 0.9308871575772807,
                    "f1-score": 0.7878336701052856,
                    "support": 3979.0
                },
                "1": {
                    "precision": 0.9921679197994987,
                    "recall": 0.9529501873786143,
                    "f1-score": 0.9721636969959118,
                    "support": 36557.0
                },
                "accuracy": 0.9507844878626406,
                "macro avg": {
                    "precision": 0.8375293876283629,
                    "recall": 0.9419186724779475,
                    "f1-score": 0.8799986835505986,
                    "support": 40536.0
                },
                "weighted avg": {
                    "precision": 0.961809388148179,
                    "recall": 0.9507844878626406,
                    "f1-score": 0.9540699241274048,
                    "support": 40536.0
                }
            },
            {
                "0": {
                    "precision": 0.6936297403325238,
                    "recall": 0.9331490324202061,
                    "f1-score": 0.7957565366480925,
                    "support": 3979.0
                },
                "1": {
                    "precision": 0.9924395304550493,
                    "recall": 0.9551385507563531,
                    "f1-score": 0.9734318371898523,
                    "support": 36557.0
                },
                "accuracy": 0.9529800671008486,
                "macro avg": {
                    "precision": 0.8430346353937865,
                    "recall": 0.9441437915882795,
                    "f1-score": 0.8845941869189724,
                    "support": 40536.0
                },
                "weighted avg": {
                    "precision": 0.9631084628880093,
                    "recall": 0.9529800671008486,
                    "f1-score": 0.9559912900007941,
                    "support": 40536.0
                }
            },
            {
                "0": {
                    "precision": 0.6784101174345076,
                    "recall": 0.9437044483538578,
                    "f1-score": 0.7893630439352534,
                    "support": 3979.0
                },
                "1": {
                    "precision": 0.9936001828519185,
                    "recall": 0.9513089148453101,
                    "f1-score": 0.9719947455211158,
                    "support": 36557.0
                },
                "accuracy": 0.9505624629958556,
                "macro avg": {
                    "precision": 0.8360051501432131,
                    "recall": 0.947506681599584,
                    "f1-score": 0.8806788947281845,
                    "support": 40536.0
                },
                "weighted avg": {
                    "precision": 0.9626612330222394,
                    "recall": 0.9505624629958556,
                    "f1-score": 0.9540676796880256,
                    "support": 40536.0
                }
            },
            {
                "0": {
                    "precision": 0.6490624462411836,
                    "recall": 0.9482281980397085,
                    "f1-score": 0.7706290849673203,
                    "support": 3979.0
                },
                "1": {
                    "precision": 0.9940673328917432,
                    "recall": 0.9441967338676587,
                    "f1-score": 0.9684904601571268,
                    "support": 36557.0
                },
                "accuracy": 0.9445924610223012,
                "macro avg": {
                    "precision": 0.8215648895664633,
                    "recall": 0.9462124659536836,
                    "f1-score": 0.8695597725622235,
                    "support": 40536.0
                },
                "weighted avg": {
                    "precision": 0.9602017703304996,
                    "recall": 0.9445924610223012,
                    "f1-score": 0.9490684547328067,
                    "support": 40536.0
                }
            },
            {
                "0": {
                    "precision": 0.5534290271132376,
                    "recall": 0.7003027245206862,
                    "f1-score": 0.6182628062360802,
                    "support": 3964.0
                },
                "1": {
                    "precision": 0.9925189307544932,
                    "recall": 0.8925992779783394,
                    "f1-score": 0.939911011274785,
                    "support": 36564.0
                },
                "2": {
                    "precision": 0.28740824392998304,