{
    "TabICLClassifier": {
        "filter_sizes": [
            12000,
            8000,
            6000,
            4500,
            3500,
            1500,
            1000,
            300
        ],
        "training_time_seconds": [
            50.20435404777527,
            50.32992744445801,
            49.777508020401,
            51.06400656700134,
            51.3576774597168,
            50.843496561050415,
            50.64905834197998,
            38.60673189163208
        ],
        "num_classes": [
            2,
            2,
            2,
            3,
            3,
            3,
            3,
            4
        ],
        "test_f1_macro": [
            1.0,
            1.0,
            1.0,
            0.8903070662227156,
            0.8903070662227156,
            0.8903070662227156,
            0.8903070662227156,
            0.8497459575126532
        ],
        "test_f1_micro": [
            1.0,
            1.0,
            1.0,
            0.9879438324429105,
            0.9879438324429105,
            0.9879438324429105,
            0.9879438324429105,
            0.9851048786236154
        ],
        "test_f1_weighted": [
            1.0,
            1.0,
            1.0,
            0.9870501605941023,
            0.9870501605941023,
            0.9870501605941023,
            0.9870501605941023,
            0.9841656749464847
        ],
        "cv_class_weights": [
            0.4689628097301705,
            0.4689628097301705,
            0.4689628097301705,
            0.8670708603107885,
            0.8670708603107885,
            0.8670708603107885,
            0.8670708603107885,
            1.150705879465884
        ],
        "imbalance_ratio": [
            2.766214563962581,
            2.766214563962581,
            2.766214563962581,
            33.46024096385542,
            33.46024096385542,
            33.46024096385542,
            33.46024096385542,
            237.8557457212714
        ],
        "total_training_samples": [
            132454,
            132454,
            132454,
            135364,
            135364,
            135364,
            135364,
            135776
        ],
        "entropy": [
            0.8349603436254895,
            0.8349603436254895,
            0.8349603436254895,
            0.6104528465987762,
            0.6104528465987762,
            0.6104528465987762,
            0.6104528465987762,
            0.4964203336633599
        ],
        "test_precision_macro": [
            1.0,
            1.0,
            1.0,
            0.9296537630850114,
            0.9296537630850114,
            0.9296537630850114,
            0.9296537630850114,
            0.8837051655720638
        ],
        "test_recall_macro": [
            1.0,
            1.0,
            1.0,
            0.861709359949712,
            0.861709359949712,
            0.861709359949712,
            0.861709359949712,
            0.8229381034042937
        ],
        "classification_reports": [
            {
                "0": {
                    "precision": 1.0,
                    "recall": 1.0,
                    "f1-score": 1.0,
                    "support": 30409.0
                },
                "1": {
                    "precision": 1.0,
                    "recall": 1.0,
                    "f1-score": 1.0,
                    "support": 10983.0
                },
                "accuracy": 1.0,
                "macro avg": {
                    "precision": 1.0,
                    "recall": 1.0,
                    "f1-score": 1.0,
                    "support": 41392.0
                },
                "weighted avg": {
                    "precision": 1.0,
                    "recall": 1.0,
                    "f1-score": 1.0,
                    "support": 41392.0
                }
            },
            {
                "0": {
                    "precision": 1.0,
                    "recall": 1.0,
                    "f1-score": 1.0,
                    "support": 30409.0
                },
                "1": {
                    "precision": 1.0,
                    "recall": 1.0,
                    "f1-score": 1.0,
                    "support": 10983.0
                },
                "accuracy": 1.0,
                "macro avg": {
                    "precision": 1.0,
                    "recall": 1.0,
                    "f1-score": 1.0,
                    "support": 41392.0
                },
                "weighted avg": {
                    "precision": 1.0,
                    "recall": 1.0,
                    "f1-score": 1.0,
                    "support": 41392.0
                }
            },
            {
                "0": {
                    "precision": 1.0,
                    "recall": 1.0,
                    "f1-score": 1.0,
                    "support": 30409.0
                },
                "1": {
                    "precision": 1.0,
                    "recall": 1.0,
                    "f1-score": 1.0,
                    "support": 10983.0
                },
                "accuracy": 1.0,
                "macro avg": {
                    "precision": 1.0,
                    "recall": 1.0,
                    "f1-score": 1.0,
                    "support": 41392.0
                },
                "weighted avg": {
                    "precision": 1.0,
                    "recall": 1.0,
                    "f1-score": 1.0,
                    "support": 41392.0
                }
            },
            {
                "0": {
                    "precision": 0.8011869436201781,
                    "recall": 0.5895196506550219,
                    "f1-score": 0.6792452830188679,
                    "support": 916.0
                },
                "1": {
                    "precision": 0.9877743456348561,
                    "recall": 0.995608429194114,
                    "f1-score": 0.9916759156492786,
                    "support": 30513.0
                },
                "2": {
                    "precision": 1.0,
                    "recall": 1.0,
                    "f1-score": 1.0,
                    "support": 10873.0
                },
                "accuracy": 0.9879438324429105,
                "macro avg": {
                    "precision": 0.9296537630850114,
                    "recall": 0.861709359949712,
                    "f1-score": 0.8903070662227156,
                    "support": 42302.0
                },
                "weighted avg": {
                    "precision": 0.9868764088863988,
                    "recall": 0.9879438324429105,
                    "f1-score": 0.9870501605941023,
                    "support": 42302.0
                }
            },
            {
                "0": {
                    "precision": 0.8011869436201781,
                    "recall": 0.5895196506550219,
                    "f1-score": 0.6792452830188679,
                    "support": 916.0
                },
                "1": {
                    "precision": 0.9877743456348561,
                    "recall": 0.995608429194114,
                    "f1-score": 0.9916759156492786,
                    "support": 30513.0
                },
                "2": {
                    "precision": 1.0,
                    "recall": 1.0,
                    "f1-score": 1.0,
                    "support": 10873.0
                },
                "accuracy": 0.9879438324429105,
                "macro avg": {
                    "precision": 0.9296537630850114,
                    "recall": 0.861709359949712,
                    "f1-score": 0.8903070662227156,
                    "support": 42302.0
                },
                "weighted avg": {
                    "precision": 0.9868764088863988,
                    "recall": 0.9879438324429105,
                    "f1-score": 0.9870501605941023,