{
    "TabNet": {
        "filter_sizes": [
            12000,
            8000,
            6000,
            4500,
            3500,
            1500,
            1000,
            300
        ],
        "training_time_seconds": [
            1715.1289594173431,
            1640.7982954978943,
            2139.641096830368,
            1738.6232357025146,
            1685.075879573822,
            1984.647728919983,
            1785.203275680542,
            1652.980515241623
        ],
        "num_classes": [
            2,
            3,
            4,
            4,
            4,
            4,
            4,
            4
        ],
        "test_f1_macro": [
            0.7228495887755995,
            0.6052205889294319,
            0.46946846123868274,
            0.46946846123868274,
            0.46946846123868274,
            0.46946846123868274,
            0.46946846123868274,
            0.46946846123868274
        ],
        "test_f1_micro": [
            0.7361752946674283,
            0.6632330992635365,
            0.5828658967711525,
            0.5828658967711525,
            0.5828658967711525,
            0.5828658967711525,
            0.5828658967711525,
            0.5828658967711525
        ],
        "test_f1_weighted": [
            0.7370809251649312,
            0.6733859651571814,
            0.6125878217112187,
            0.6125878217112187,
            0.6125878217112187,
            0.6125878217112187,
            0.6125878217112187,
            0.6125878217112187
        ],
        "cv_class_weights": [
            0.24032907120140196,
            0.6458671146562117,
            0.8710055356793707,
            0.8710055356793707,
            0.8710055356793707,
            0.8710055356793707,
            0.8710055356793707,
            0.8710055356793707
        ],
        "total_training_samples": [
            123256,
            130785,
            135776,
            135776,
            135776,
            135776,
            135776,
            135776
        ],
        "imbalance_ratio": [
            1.632718884166008,
            10.112717146267073,
            15.303188289552837,
            15.303188289552837,
            15.303188289552837,
            15.303188289552837,
            15.303188289552837,
            15.303188289552837
        ],
        "entropy": [
            0.6639835209963378,
            0.8468161983300266,
            0.973486660142717,
            0.973486660142717,
            0.973486660142717,
            0.973486660142717,
            0.973486660142717,
            0.973486660142717
        ],
        "test_precision_macro": [
            0.7214972407691771,
            0.5807866599090284,
            0.4603963896204379,
            0.4603963896204379,
            0.4603963896204379,
            0.4603963896204379,
            0.4603963896204379,
            0.4603963896204379
        ],
        "test_recall_macro": [
            0.7245603169893687,
            0.6670457204298295,
            0.5404802744449617,
            0.5404802744449617,
            0.5404802744449617,
            0.5404802744449617,
            0.5404802744449617,
            0.5404802744449617
        ],
        "classification_reports": [
            {
                "0": {
                    "precision": 0.6496769562096195,
                    "recall": 0.6749610143060546,
                    "f1-score": 0.6620776802341048,
                    "support": 14749.0
                },
                "1": {
                    "precision": 0.7933175253287347,
                    "recall": 0.7741596196726829,
                    "f1-score": 0.783621497317094,
                    "support": 23769.0
                },
                "accuracy": 0.7361752946674283,
                "macro avg": {
                    "precision": 0.7214972407691771,
                    "recall": 0.7245603169893687,
                    "f1-score": 0.7228495887755995,
                    "support": 38518.0
                },
                "weighted avg": {
                    "precision": 0.7383158441942566,
                    "recall": 0.7361752946674283,
                    "f1-score": 0.7370809251649312,
                    "support": 38518.0
                }
            },
            {
                "0": {
                    "precision": 0.5499209534233248,
                    "recall": 0.6220510351468465,
                    "f1-score": 0.5837663385509118,
                    "support": 14539.0
                },
                "1": {
                    "precision": 0.3738769868693849,
                    "recall": 0.6938862761864044,
                    "f1-score": 0.48592814371257487,
                    "support": 2339.0
                },
                "2": {
                    "precision": 0.8185620394343757,
                    "recall": 0.6851998499562373,
                    "f1-score": 0.7459672845248089,
                    "support": 23993.0
                },
                "accuracy": 0.6632330992635365,
                "macro avg": {
                    "precision": 0.5807866599090284,
                    "recall": 0.6670457204298295,
                    "f1-score": 0.6052205889294319,
                    "support": 40871.0
                },
                "weighted avg": {
                    "precision": 0.6975498036812945,
                    "recall": 0.6632330992635365,
                    "f1-score": 0.6733859651571814,
                    "support": 40871.0
                }
            },
            {
                "0": {
                    "precision": 0.5359951603145795,
                    "recall": 0.48352547922777817,
                    "f1-score": 0.5084101423806621,
                    "support": 14659.0
                },
                "1": {
                    "precision": 0.10654025389683433,
                    "recall": 0.42418426103646834,
                    "f1-score": 0.1703056768558952,
                    "support": 1563.0
                },
                "2": {
                    "precision": 0.40093240093240096,
                    "recall": 0.6019247594050744,
                    "f1-score": 0.4812871633438265,
                    "support": 2286.0
                },
                "3": {
                    "precision": 0.7981177433379367,
                    "recall": 0.6522865981105259,
                    "f1-score": 0.7178708623743473,
                    "support": 23922.0
                },
                "accuracy": 0.5828658967711525,
                "macro avg": {
                    "precision": 0.4603963896204379,
                    "recall": 0.5404802744449617,
                    "f1-score": 0.46946846123868274,
                    "support": 42430.0
                },
                "weighted avg": {
                    "precision": 0.6606829977976376,
                    "recall": 0.5828658967711525,
                    "f1-score": 0.6125878217112187,
                    "support": 42430.0
                }
            },
            {
                "0": {
                    "precision": 0.5359951603145795,
                    "recall": 0.48352547922777817,
                    "f1-score": 0.5084101423806621,
                    "support": 14659.0
                },
                "1": {
                    "precision": 0.10654025389683433,
                    "recall": 0.42418426103646834,
                    "f1-score": 0.1703056768558952,
                    "support": 1563.0
                },
                "2": {
                    "precision": 0.40093240093240096,
                    "recall": 0.6019247594050744,
                    "f1-score": 0.4812871633438265,
                    "support": 2286.0
                },
                "3": {
                    "precision": 0.7981177433379367,
                    "recall": 0.6522865981105259,
                    "f1-score": 0.7178708623743473,