{
    "AdvancedTabularClassifier": {
        "filter_sizes": [
            12000,
            8000,
            6000,
            4500,
            3500,
            1500,
            1000,
            300
        ],
        "training_time_seconds": [
            36.846601247787476,
            44.09686636924744,
            44.86932921409607,
            46.51202416419983,
            45.14801216125488,
            45.173882246017456,
            46.25189518928528,
            51.77182698249817
        ],
        "num_classes": [
            2,
            3,
            4,
            4,
            4,
            4,
            4,
            4
        ],
        "test_f1_macro": [
            0.7232848532710354,
            0.5979195720318339,
            0.4622022835660401,
            0.4449725550998859,
            0.4623443357277442,
            0.444676292861512,
            0.45691023105267053,
            0.44425283682522837
        ],
        "test_f1_micro": [
            0.736798379978192,
            0.6545961684323848,
            0.5849163327834079,
            0.550011784115013,
            0.5873202922460523,
            0.5449210464294132,
            0.5768559981145416,
            0.5800377091680414
        ],
        "test_f1_weighted": [
            0.7381192510097186,
            0.6662682977232505,
            0.6122317306035108,
            0.5931673100901453,
            0.6137678427589824,
            0.5834649703485827,
            0.6064911157685364,
            0.6090611385898057
        ],
        "cv_class_weights": [
            0.23823589086532593,
            0.9784849882125854,
            0.8526409268379211,
            0.8526409268379211,
            0.8526409268379211,
            0.8526409268379211,
            0.8526409268379211,
            0.8526409268379211
        ],
        "imbalance_ratio": [
            1.6254845993268863,
            10.114982116836668,
            15.160732046946489,
            15.160732046946489,
            15.160732046946489,
            15.160732046946489,
            15.160732046946489,
            15.160732046946489
        ],
        "total_training_samples": [
            123256,
            130785,
            135776,
            135776,
            135776,
            135776,
            135776,
            135776
        ],
        "entropy": [
            0.6644942900012158,
            0.8465637482123152,
            0.9745313681488466,
            0.9745313681488466,
            0.9745313681488466,
            0.9745313681488466,
            0.9745313681488466,
            0.9745313681488466
        ],
        "test_precision_macro": [
            0.7214163823831226,
            0.576545528320379,
            0.45667442206851183,
            0.454862764686399,
            0.44872717807801105,
            0.44752937473271215,
            0.4473246974862541,
            0.43446283750132797
        ],
        "test_recall_macro": [
            0.7259083628829517,
            0.6663261603600562,
            0.530706631311073,
            0.5288291183052289,
            0.5323926875451186,
            0.5215736329336587,
            0.5266356399307198,
            0.5210491711532886
        ],
        "classification_reports": [
            {
                "0": {
                    "precision": 0.6442700564238926,
                    "recall": 0.6810173442105985,
                    "f1-score": 0.6621342398187029,
                    "support": 14587.0
                },
                "1": {
                    "precision": 0.7985627083423524,
                    "recall": 0.7707993815553048,
                    "f1-score": 0.7844354667233681,
                    "support": 23931.0
                },
                "accuracy": 0.736798379978192,
                "macro avg": {
                    "precision": 0.7214163823831226,
                    "recall": 0.7259083628829517,
                    "f1-score": 0.7232848532710354,
                    "support": 38518.0
                },
                "weighted avg": {
                    "precision": 0.7401311461237904,
                    "recall": 0.736798379978192,
                    "f1-score": 0.7381192510097186,
                    "support": 38518.0
                }
            },
            {
                "0": {
                    "precision": 0.5488657683779635,
                    "recall": 0.6579880043620502,
                    "f1-score": 0.598493537088125,
                    "support": 14672.0
                },
                "1": {
                    "precision": 0.35350877192982455,
                    "recall": 0.6921425504508373,
                    "f1-score": 0.46799245173464943,
                    "support": 2329.0
                },
                "2": {
                    "precision": 0.827262044653349,
                    "recall": 0.6488479262672812,
                    "f1-score": 0.7272727272727273,
                    "support": 23870.0
                },
                "accuracy": 0.6545961684323848,
                "macro avg": {
                    "precision": 0.576545528320379,
                    "recall": 0.6663261603600562,
                    "f1-score": 0.5979195720318339,
                    "support": 40871.0
                },
                "weighted avg": {
                    "precision": 0.7003260377612851,
                    "recall": 0.6545961684323848,
                    "f1-score": 0.6662682977232505,
                    "support": 40871.0
                }
            },
            {
                "0": {
                    "precision": 0.5551507963402237,
                    "recall": 0.44945130315500686,
                    "f1-score": 0.49674044875682233,
                    "support": 14580.0
                },
                "1": {
                    "precision": 0.10412728418399496,
                    "recall": 0.43688037012557834,
                    "f1-score": 0.16817198829665436,
                    "support": 1513.0
                },
                "2": {
                    "precision": 0.3903186274509804,
                    "recall": 0.5575492341356674,
                    "f1-score": 0.45918183456478645,
                    "support": 2285.0
                },
                "3": {
                    "precision": 0.7771009802988483,
                    "recall": 0.6789456178280392,
                    "f1-score": 0.7247148626458971,
                    "support": 24052.0
                },
                "accuracy": 0.5849163327834079,
                "macro avg": {
                    "precision": 0.45667442206851183,
                    "recall": 0.530706631311073,
                    "f1-score": 0.4622022835660401,
                    "support": 42430.0
                },
                "weighted avg": {
                    "precision": 0.6560064584841913,
                    "recall": 0.5849163327834079,
                    "f1-score": 0.6122317306035108,
                    "support": 42430.0
                }
            },
            {
                "0": {
                    "precision": 0.5550071787508973,
                    "recall": 0.42421124828532236,
                    "f1-score": 0.48087389208521225,
                    "support": 14580.0
                },
                "1": {
                    "precision": 0.08702374378796245,
                    "recall": 0.5208195637805684,
                    "f1-score": 0.14912944738834216,
                    "support": 1513.0
                },
                "2": {
                    "precision": 0.38038130381303814,
                    "recall": 0.5413566739606127,
                    "f1-score": 0.44681235325988805,
                    "support": 2285.0
                },
                "3": {
                    "precision": 0.7970388323936983,
                    "recall": 0.6289289871944121,
                    "f1-score": 0.7030745276661012,