{
    "TabNet": {
        "filter_sizes": [
            12000,
            8000,
            6000,
            4500,
            3500,
            1500,
            1000,
            300
        ],
        "training_time_seconds": [
            2305.698346376419,
            1443.441363811493,
            1596.6452701091766,
            1583.1619107723236,
            1600.1673483848572,
            1695.913913488388,
            1776.9946630001068,
            1744.3727600574493
        ],
        "num_classes": [
            2,
            3,
            4,
            4,
            4,
            4,
            4,
            4
        ],
        "test_f1_macro": [
            0.7263013801279201,
            0.6169258106258869,
            0.4625151722888473,
            0.4625151722888473,
            0.4625151722888473,
            0.4625151722888473,
            0.4625151722888473,
            0.4625151722888473
        ],
        "test_f1_micro": [
            0.7352147048133341,
            0.6817058550072178,
            0.5784115012962526,
            0.5784115012962526,
            0.5784115012962526,
            0.5784115012962526,
            0.5784115012962526,
            0.5784115012962526
        ],
        "test_f1_weighted": [
            0.7378575421283445,
            0.6867858488869568,
            0.6094632963978188,
            0.6094632963978188,
            0.6094632963978188,
            0.6094632963978188,
            0.6094632963978188,
            0.6094632963978188
        ],
        "cv_class_weights": [
            0.24037775037320697,
            0.646728321415141,
            0.8718973997134357,
            0.8718973997134357,
            0.8718973997134357,
            0.8718973997134357,
            0.8718973997134357,
            0.8718973997134357
        ],
        "total_training_samples": [
            123256,
            130785,
            135776,
            135776,
            135776,
            135776,
            135776,
            135776
        ],
        "imbalance_ratio": [
            1.6328875977271757,
            10.127038854263361,
            15.224970083765458,
            15.224970083765458,
            15.224970083765458,
            15.224970083765458,
            15.224970083765458,
            15.224970083765458
        ],
        "entropy": [
            0.6639715873383609,
            0.8464147032286655,
            0.9724553703517317,
            0.9724553703517317,
            0.9724553703517317,
            0.9724553703517317,
            0.9724553703517317,
            0.9724553703517317
        ],
        "test_precision_macro": [
            0.7239729495644789,
            0.5906086286856843,
            0.4568614828443569,
            0.4568614828443569,
            0.4568614828443569,
            0.4568614828443569,
            0.4568614828443569,
            0.4568614828443569
        ],
        "test_recall_macro": [
            0.7331246688135934,
            0.6770610892352007,
            0.5311731084327983,
            0.5311731084327983,
            0.5311731084327983,
            0.5311731084327983,
            0.5311731084327983,
            0.5311731084327983
        ],
        "classification_reports": [
            {
                "0": {
                    "precision": 0.635422861900797,
                    "recall": 0.7241916898257982,
                    "f1-score": 0.676909430734628,
                    "support": 14753.0
                },
                "1": {
                    "precision": 0.8125230372281607,
                    "recall": 0.7420576478013886,
                    "f1-score": 0.7756933295212123,
                    "support": 23765.0
                },
                "accuracy": 0.7352147048133341,
                "macro avg": {
                    "precision": 0.7239729495644789,
                    "recall": 0.7331246688135934,
                    "f1-score": 0.7263013801279201,
                    "support": 38518.0
                },
                "weighted avg": {
                    "precision": 0.7446908837777063,
                    "recall": 0.7352147048133341,
                    "f1-score": 0.7378575421283445,
                    "support": 38518.0
                }
            },
            {
                "0": {
                    "precision": 0.5919023136246787,
                    "recall": 0.5648766525827995,
                    "f1-score": 0.5780737847827603,
                    "support": 14674.0
                },
                "1": {
                    "precision": 0.3850574712643678,
                    "recall": 0.7161179991449337,
                    "f1-score": 0.5008222454776499,
                    "support": 2339.0
                },
                "2": {
                    "precision": 0.7948661011680064,
                    "recall": 0.750188615977869,
                    "f1-score": 0.7718814016172507,
                    "support": 23858.0
                },
                "accuracy": 0.6817058550072178,
                "macro avg": {
                    "precision": 0.5906086286856843,
                    "recall": 0.6770610892352007,
                    "f1-score": 0.6169258106258869,
                    "support": 40871.0
                },
                "weighted avg": {
                    "precision": 0.6985427177480901,
                    "recall": 0.6817058550072178,
                    "f1-score": 0.6867858488869568,
                    "support": 40871.0
                }
            },
            {
                "0": {
                    "precision": 0.5362237085985978,
                    "recall": 0.4560970594283364,
                    "f1-score": 0.4929254018816209,
                    "support": 14589.0
                },
                "1": {
                    "precision": 0.09514325111077064,
                    "recall": 0.40614780902550685,
                    "f1-score": 0.1541708043694141,
                    "support": 1529.0
                },
                "2": {
                    "precision": 0.3999448732083793,
                    "recall": 0.6005794701986755,
                    "f1-score": 0.4801455989410986,
                    "support": 2416.0
                },
                "3": {
                    "precision": 0.7961340984596799,
                    "recall": 0.6618680950786743,
                    "f1-score": 0.7228188839632558,
                    "support": 23896.0
                },
                "accuracy": 0.5784115012962526,
                "macro avg": {
                    "precision": 0.4568614828443569,
                    "recall": 0.5311731084327983,
                    "f1-score": 0.4625151722888473,
                    "support": 42430.0
                },
                "weighted avg": {
                    "precision": 0.658947182327534,
                    "recall": 0.5784115012962526,
                    "f1-score": 0.6094632963978188,
                    "support": 42430.0
                }
            },
            {
                "0": {
                    "precision": 0.5362237085985978,
                    "recall": 0.4560970594283364,
                    "f1-score": 0.4929254018816209,
                    "support": 14589.0
                },
                "1": {
                    "precision": 0.09514325111077064,
                    "recall": 0.40614780902550685,
                    "f1-score": 0.1541708043694141,
                    "support": 1529.0
                },
                "2": {
                    "precision": 0.3999448732083793,
                    "recall": 0.6005794701986755,
                    "f1-score": 0.4801455989410986,
                    "support": 2416.0
                },
                "3": {
                    "precision": 0.7961340984596799,
                    "recall": 0.6618680950786743,
                    "f1-score": 0.7228188839632558,