{
    "TabNet": {
        "filter_sizes": [
            12000,
            8000,
            6000,
            4500,
            3500,
            1500,
            1000,
            300
        ],
        "training_time_seconds": [
            2129.6856994628906,
            1363.6352369785309,
            1124.599927663803,
            1095.7367386817932,
            1142.726334810257,
            1202.3349335193634,
            1134.95810008049,
            1099.8614039421082
        ],
        "num_classes": [
            2,
            3,
            4,
            4,
            4,
            4,
            4,
            4
        ],
        "test_f1_macro": [
            0.7048504463259264,
            0.6010678242624484,
            0.44401892945860966,
            0.44401892945860966,
            0.44401892945860966,
            0.44401892945860966,
            0.44401892945860966,
            0.44401892945860966
        ],
        "test_f1_micro": [
            0.7386157121345864,
            0.7047295148149054,
            0.6798020268677822,
            0.6798020268677822,
            0.6798020268677822,
            0.6798020268677822,
            0.6798020268677822,
            0.6798020268677822
        ],
        "test_f1_weighted": [
            0.7285079030576925,
            0.6886830596498178,
            0.658350720788384,
            0.658350720788384,
            0.658350720788384,
            0.658350720788384,
            0.658350720788384,
            0.658350720788384
        ],
        "cv_class_weights": [
            0.23963133640552997,
            0.6470003075774955,
            0.870741182472719,
            0.870741182472719,
            0.870741182472719,
            0.870741182472719,
            0.870741182472719,
            0.870741182472719
        ],
        "total_training_samples": [
            123256,
            130785,
            135776,
            135776,
            135776,
            135776,
            135776,
            135776
        ],
        "imbalance_ratio": [
            1.6303030303030304,
            10.149083178315173,
            15.143963463065925,
            15.143963463065925,
            15.143963463065925,
            15.143963463065925,
            15.143963463065925,
            15.143963463065925
        ],
        "entropy": [
            0.958172105996803,
            0.7702014474177927,
            0.7023176061534577,
            0.7023176061534577,
            0.7023176061534577,
            0.7023176061534577,
            0.7023176061534577,
            0.7023176061534577
        ],
        "test_precision_macro": [
            0.7311956968860054,
            0.7089145687315569,
            0.49927145873252093,
            0.49927145873252093,
            0.49927145873252093,
            0.49927145873252093,
            0.49927145873252093,
            0.49927145873252093
        ],
        "test_recall_macro": [
            0.6976407881210007,
            0.562701837727663,
            0.4253605216346591,
            0.4253605216346591,
            0.4253605216346591,
            0.4253605216346591,
            0.4253605216346591,
            0.4253605216346591
        ],
        "classification_reports": [
            {
                "0": {
                    "precision": 0.7143121815655396,
                    "recall": 0.5247363048656005,
                    "f1-score": 0.6050215770890546,
                    "support": 14695.0
                },
                "1": {
                    "precision": 0.7480792122064711,
                    "recall": 0.8705452713764009,
                    "f1-score": 0.8046793155627983,
                    "support": 23823.0
                },
                "accuracy": 0.7386157121345864,
                "macro avg": {
                    "precision": 0.7311956968860054,
                    "recall": 0.6976407881210007,
                    "f1-score": 0.7048504463259264,
                    "support": 38518.0
                },
                "weighted avg": {
                    "precision": 0.7351967542577591,
                    "recall": 0.7386157121345864,
                    "f1-score": 0.7285079030576925,
                    "support": 38518.0
                }
            },
            {
                "0": {
                    "precision": 0.6363474069445684,
                    "recall": 0.48585837933619574,
                    "f1-score": 0.5510125212552172,
                    "support": 14673.0
                },
                "1": {
                    "precision": 0.7609126984126984,
                    "recall": 0.32527565733672603,
                    "f1-score": 0.45573380867498514,
                    "support": 2358.0
                },
                "2": {
                    "precision": 0.729483600837404,
                    "recall": 0.8769714765100671,
                    "f1-score": 0.7964571428571429,
                    "support": 23840.0
                },
                "accuracy": 0.7047295148149054,
                "macro avg": {
                    "precision": 0.7089145687315569,
                    "recall": 0.562701837727663,
                    "f1-score": 0.6010678242624484,
                    "support": 40871.0
                },
                "weighted avg": {
                    "precision": 0.6978602600601528,
                    "recall": 0.7047295148149054,
                    "f1-score": 0.6886830596498178,
                    "support": 40871.0
                }
            },
            {
                "0": {
                    "precision": 0.5744758565271386,
                    "recall": 0.5395540308747856,
                    "f1-score": 0.5564675912821965,
                    "support": 14575.0
                },
                "1": {
                    "precision": 0.0,
                    "recall": 0.0,
                    "f1-score": 0.0,
                    "support": 1502.0
                },
                "2": {
                    "precision": 0.6911090742438131,
                    "recall": 0.31868131868131866,
                    "f1-score": 0.4362163725773792,
                    "support": 2366.0
                },
                "3": {
                    "precision": 0.731500904159132,
                    "recall": 0.8432067369825322,
                    "f1-score": 0.7833917539748629,
                    "support": 23987.0
                },
                "accuracy": 0.6798020268677822,
                "macro avg": {
                    "precision": 0.49927145873252093,
                    "recall": 0.4253605216346591,
                    "f1-score": 0.44401892945860966,
                    "support": 42430.0
                },
                "weighted avg": {
                    "precision": 0.6494146091588264,
                    "recall": 0.6798020268677822,
                    "f1-score": 0.658350720788384,
                    "support": 42430.0
                }
            },
            {
                "0": {
                    "precision": 0.5744758565271386,
                    "recall": 0.5395540308747856,
                    "f1-score": 0.5564675912821965,
                    "support": 14575.0
                },
                "1": {
                    "precision": 0.0,
                    "recall": 0.0,
                    "f1-score": 0.0,
                    "support": 1502.0
                },
                "2": {
                    "precision": 0.6911090742438131,
                    "recall": 0.31868131868131866,
                    "f1-score": 0.4362163725773792,
                    "support": 2366.0
                },
                "3": {
                    "precision": 0.731500904159132,
                    "recall": 0.8432067369825322,
                    "f1-score": 0.7833917539748629,
                    "support": 23987.0
                },
                "accuracy": 0.6798020268677822,