{
    "TabNet": {
        "filter_sizes": [
            12000,
            8000,
            6000,
            4500,
            3500,
            1500,
            1000,
            300
        ],
        "training_time_seconds": [
            2090.1024091243744,
            1349.414687871933,
            748.4140269756317,
            805.6817860603333,
            762.390900850296,
            813.9512073993683,
            832.9803104400635,
            830.8565554618835
        ],
        "num_classes": [
            2,
            3,
            4,
            4,
            4,
            4,
            4,
            4
        ],
        "test_f1_macro": [
            0.7234054900105198,
            0.589317036482745,
            0.46471800554120357,
            0.46471800554120357,
            0.46471800554120357,
            0.46471800554120357,
            0.46471800554120357,
            0.46471800554120357
        ],
        "test_f1_micro": [
            0.7298665558959447,
            0.6708668738225148,
            0.5854348338439783,
            0.5854348338439783,
            0.5854348338439783,
            0.5854348338439783,
            0.5854348338439783,
            0.5854348338439783
        ],
        "test_f1_weighted": [
            0.7334235993025462,
            0.6669632681349323,
            0.6153957586642917,
            0.6153957586642917,
            0.6153957586642917,
            0.6153957586642917,
            0.6153957586642917,
            0.6153957586642917
        ],
        "cv_class_weights": [
            0.23963133990764618,
            0.9795717597007751,
            0.8511696457862854,
            0.8511696457862854,
            0.8511696457862854,
            0.8511696457862854,
            0.8511696457862854,
            0.8511696457862854
        ],
        "total_training_samples": [
            123256,
            130785,
            135776,
            135776,
            135776,
            135776,
            135776,
            135776
        ],
        "imbalance_ratio": [
            1.6303030303030304,
            10.149083178315173,
            15.143963463065925,
            15.143963463065925,
            15.143963463065925,
            15.143963463065925,
            15.143963463065925,
            15.143963463065925
        ],
        "entropy": [
            0.664154293762869,
            0.8461527748831521,
            0.9736189371257586,
            0.9736189371257586,
            0.9736189371257586,
            0.9736189371257586,
            0.9736189371257586,
            0.9736189371257586
        ],
        "test_precision_macro": [
            0.7227781585955735,
            0.5731808916058022,
            0.45879503020399953,
            0.45879503020399953,
            0.45879503020399953,
            0.45879503020399953,
            0.45879503020399953,
            0.45879503020399953
        ],
        "test_recall_macro": [
            0.7349198624419001,
            0.6563724675223079,
            0.5210585199155714,
            0.5210585199155714,
            0.5210585199155714,
            0.5210585199155714,
            0.5210585199155714,
            0.5210585199155714
        ],
        "classification_reports": [
            {
                "0": {
                    "precision": 0.6195918822479929,
                    "recall": 0.7562436202790065,
                    "f1-score": 0.6811314394287641,
                    "support": 14695.0
                },
                "1": {
                    "precision": 0.8259644349431542,
                    "recall": 0.7135961046047937,
                    "f1-score": 0.7656795405922756,
                    "support": 23823.0
                },
                "accuracy": 0.7298665558959447,
                "macro avg": {
                    "precision": 0.7227781585955735,
                    "recall": 0.7349198624419001,
                    "f1-score": 0.7234054900105198,
                    "support": 38518.0
                },
                "weighted avg": {
                    "precision": 0.7472312540444732,
                    "recall": 0.7298665558959447,
                    "f1-score": 0.7334235993025462,
                    "support": 38518.0
                }
            },
            {
                "0": {
                    "precision": 0.6094042712626452,
                    "recall": 0.4433994411504123,
                    "f1-score": 0.5133141346798691,
                    "support": 14673.0
                },
                "1": {
                    "precision": 0.3533944189920866,
                    "recall": 0.7196776929601357,
                    "f1-score": 0.4740223463687151,
                    "support": 2358.0
                },
                "2": {
                    "precision": 0.7567439845626748,
                    "recall": 0.8060402684563759,
                    "f1-score": 0.7806146283996507,
                    "support": 23840.0
                },
                "accuracy": 0.6708668738225148,
                "macro avg": {
                    "precision": 0.5731808916058022,
                    "recall": 0.6563724675223079,
                    "f1-score": 0.589317036482745,
                    "support": 40871.0
                },
                "weighted avg": {
                    "precision": 0.6805771697339018,
                    "recall": 0.6708668738225148,
                    "f1-score": 0.6669632681349323,
                    "support": 40871.0
                }
            },
            {
                "0": {
                    "precision": 0.5214351950923747,
                    "recall": 0.5015437392795883,
                    "f1-score": 0.5112960760998811,
                    "support": 14575.0
                },
                "1": {
                    "precision": 0.09615716008960883,
                    "recall": 0.3715046604527297,
                    "f1-score": 0.15277207392197126,
                    "support": 1502.0
                },
                "2": {
                    "precision": 0.4103041589075109,
                    "recall": 0.558748943364328,
                    "f1-score": 0.47315676449534716,
                    "support": 2366.0
                },
                "3": {
                    "precision": 0.8072836067265037,
                    "recall": 0.6524367365656397,
                    "f1-score": 0.7216471076476149,
                    "support": 23987.0
                },
                "accuracy": 0.5854348338439783,
                "macro avg": {
                    "precision": 0.45879503020399953,
                    "recall": 0.5210585199155714,
                    "f1-score": 0.46471800554120357,
                    "support": 42430.0
                },
                "weighted avg": {
                    "precision": 0.6617826428812107,
                    "recall": 0.5854348338439783,
                    "f1-score": 0.6153957586642917,
                    "support": 42430.0
                }
            },
            {
                "0": {
                    "precision": 0.5214351950923747,
                    "recall": 0.5015437392795883,
                    "f1-score": 0.5112960760998811,
                    "support": 14575.0
                },
                "1": {
                    "precision": 0.09615716008960883,
                    "recall": 0.3715046604527297,
                    "f1-score": 0.15277207392197126,
                    "support": 1502.0
                },
                "2": {
                    "precision": 0.4103041589075109,
                    "recall": 0.558748943364328,
                    "f1-score": 0.47315676449534716,
                    "support": 2366.0
                },
                "3": {
                    "precision": 0.8072836067265037,
                    "recall": 0.6524367365656397,
                    "f1-score": 0.7216471076476149,