{
    "AdvancedTabularClassifier": {
        "filter_sizes": [
            12000,
            8000,
            6000,
            4500,
            3500,
            1500,
            1000,
            300
        ],
        "training_time_seconds": [
            43.89613318443298,
            46.889482498168945,
            47.9482159614563,
            46.063533306121826,
            46.13964295387268,
            55.69345760345459,
            46.9520845413208,
            50.72529435157776
        ],
        "num_classes": [
            2,
            3,
            4,
            4,
            4,
            4,
            4,
            4
        ],
        "test_f1_macro": [
            0.7189203839029064,
            0.6311830134937161,
            0.5052139607409173,
            0.5098753073913759,
            0.502512624269076,
            0.4940792242354606,
            0.5051126787065359,
            0.4933459657550988
        ],
        "test_f1_micro": [
            0.7397320733163716,
            0.7015243081891805,
            0.6771388168748527,
            0.668866368135753,
            0.6757247230732972,
            0.6662974310629272,
            0.6762667923638934,
            0.6641998585906198
        ],
        "test_f1_weighted": [
            0.737474379311686,
            0.6902137032639711,
            0.6670818096818231,
            0.6681564407629269,
            0.6670643028627571,
            0.6523434184219687,
            0.6626180078246047,
            0.645723105885533
        ],
        "cv_class_weights": [
            0.004349619150161743,
            0.3201294243335724,
            0.40052589774131775,
            0.40052589774131775,
            0.40052589774131775,
            0.40052589774131775,
            0.40052589774131775,
            0.40052589774131775
        ],
        "imbalance_ratio": [
            1.6254845993268863,
            10.114982116836668,
            15.160732046946489,
            15.160732046946489,
            15.160732046946489,
            15.160732046946489,
            15.160732046946489,
            15.160732046946489
        ],
        "total_training_samples": [
            123256,
            130785,
            135776,
            135776,
            135776,
            135776,
            135776,
            135776
        ],
        "entropy": [
            0.6644942900012158,
            0.8465637482123152,
            0.9745313681488466,
            0.9745313681488466,
            0.9745313681488466,
            0.9745313681488466,
            0.9745313681488466,
            0.9745313681488466
        ],
        "test_precision_macro": [
            0.7234783218641578,
            0.6346747891510297,
            0.5225092686673398,
            0.5132932582548857,
            0.5304903029145996,
            0.495325417351856,
            0.5265234015953831,
            0.506359775447832
        ],
        "test_recall_macro": [
            0.7158492490938297,
            0.6428621985794187,
            0.49424322659582404,
            0.5075769065644153,
            0.48565498095869886,
            0.5142592321765539,
            0.4935373490893149,
            0.49880250071820786
        ],
        "classification_reports": [
            {
                "0": {
                    "precision": 0.6695910780669145,
                    "recall": 0.6173990539521492,
                    "f1-score": 0.6424367799693262,
                    "support": 14587.0
                },
                "1": {
                    "precision": 0.777365565661401,
                    "recall": 0.8142994442355104,
                    "f1-score": 0.7954039878364865,
                    "support": 23931.0
                },
                "accuracy": 0.7397320733163716,
                "macro avg": {
                    "precision": 0.7234783218641578,
                    "recall": 0.7158492490938297,
                    "f1-score": 0.7189203839029064,
                    "support": 38518.0
                },
                "weighted avg": {
                    "precision": 0.7365507141493607,
                    "recall": 0.7397320733163716,
                    "f1-score": 0.737474379311686,
                    "support": 38518.0
                }
            },
            {
                "0": {
                    "precision": 0.650094696969697,
                    "recall": 0.4678980370774264,
                    "f1-score": 0.5441502853519341,
                    "support": 14672.0
                },
                "1": {
                    "precision": 0.5140152894066254,
                    "recall": 0.6062687848862173,
                    "f1-score": 0.5563435776201734,
                    "support": 2329.0
                },
                "2": {
                    "precision": 0.7399143810767668,
                    "recall": 0.8544197737746125,
                    "f1-score": 0.7930551775090408,
                    "support": 23870.0
                },
                "accuracy": 0.7015243081891805,
                "macro avg": {
                    "precision": 0.6346747891510297,
                    "recall": 0.6428621985794187,
                    "f1-score": 0.6311830134937161,
                    "support": 40871.0
                },
                "weighted avg": {
                    "precision": 0.6947979564794071,
                    "recall": 0.7015243081891805,
                    "f1-score": 0.6902137032639711,
                    "support": 40871.0
                }
            },
            {
                "0": {
                    "precision": 0.6074475065616798,
                    "recall": 0.5079561042524006,
                    "f1-score": 0.5532646048109966,
                    "support": 14580.0
                },
                "1": {
                    "precision": 0.1980108499095841,
                    "recall": 0.14474553866490417,
                    "f1-score": 0.1672394043528064,
                    "support": 1513.0
                },
                "2": {
                    "precision": 0.5465116279069767,
                    "recall": 0.4936542669584245,
                    "f1-score": 0.5187399402161417,
                    "support": 2285.0
                },
                "3": {
                    "precision": 0.7380670902911186,
                    "recall": 0.8306169965075669,
                    "f1-score": 0.7816118935837245,
                    "support": 24052.0
                },
                "accuracy": 0.6771388168748527,
                "macro avg": {
                    "precision": 0.5225092686673398,
                    "recall": 0.49424322659582404,
                    "f1-score": 0.5052139607409173,
                    "support": 42430.0
                },
                "weighted avg": {
                    "precision": 0.6636093279998094,
                    "recall": 0.6771388168748527,
                    "f1-score": 0.6670818096818231,
                    "support": 42430.0
                }
            },
            {
                "0": {
                    "precision": 0.5720391924771486,
                    "recall": 0.596639231824417,
                    "f1-score": 0.5840803034880988,
                    "support": 14580.0
                },
                "1": {
                    "precision": 0.18985270049099837,
                    "recall": 0.1533377395902181,
                    "f1-score": 0.16965265082266912,
                    "support": 1513.0
                },
                "2": {
                    "precision": 0.5214535901926445,
                    "recall": 0.5212253829321662,
                    "f1-score": 0.5213394615889692,
                    "support": 2285.0
                },
                "3": {
                    "precision": 0.7698275498587511,
                    "recall": 0.7591052719108599,
                    "f1-score": 0.7644288136657665,