{
    "AdvancedTabularClassifier": {
        "filter_sizes": [
            12000,
            8000,
            6000,
            4500,
            3500,
            1500,
            1000,
            300
        ],
        "training_time_seconds": [
            62.4890878200531,
            147.03867053985596,
            153.1640887260437,
            47.82023739814758,
            49.750781297683716,
            43.18621754646301,
            46.300535917282104,
            40.810200452804565
        ],
        "num_classes": [
            2,
            2,
            2,
            3,
            3,
            3,
            3,
            4
        ],
        "test_f1_macro": [
            0.9997195316717677,
            0.9998441381971388,
            0.999875314244733,
            0.7785427256907614,
            0.763564030841394,
            0.7883087714063928,
            0.7836259076479021,
            0.581693906696373
        ],
        "test_f1_micro": [
            0.9997825666795516,
            0.999879203710862,
            0.9999033629686896,
            0.9378043591319559,
            0.925086284336438,
            0.9444707106046996,
            0.9411848139567869,
            0.8781993872260193
        ],
        "test_f1_weighted": [
            0.999782582741063,
            0.9998791947806135,
            0.9999033572537906,
            0.9541487586313838,
            0.9460181191014285,
            0.9581800417062242,
            0.9560460287621374,
            0.9156127604060088
        ],
        "cv_class_weights": [
            0.4703670708321379,
            0.4703670708321379,
            0.4703670708321379,
            0.8657339053052465,
            0.8657339053052465,
            0.8657339053052465,
            0.8657339053052465,
            1.1498998231951623
        ],
        "imbalance_ratio": [
            2.7576668841669267,
            2.7576668841669267,
            2.7576668841669267,
            33.36020583190395,
            33.36020583190395,
            33.36020583190395,
            33.36020583190395,
            235.11352657004832
        ],
        "total_training_samples": [
            132454,
            132454,
            132454,
            135364,
            135364,
            135364,
            135364,
            135776
        ],
        "entropy": [
            0.5793640140080556,
            0.5793640140080556,
            0.5793640140080556,
            0.6705127663073001,
            0.6705127663073001,
            0.6705127663073001,
            0.6705127663073001,
            0.6877410771768522
        ],
        "test_precision_macro": [
            0.9996457341496523,
            0.9999180730788138,
            0.999934456315134,
            0.7459525197166431,
            0.7356809658361868,
            0.7527709510348514,
            0.7497422434526682,
            0.5632433541255424
        ],
        "test_recall_macro": [
            0.9997933886413359,
            0.9997702628193347,
            0.9998162102554677,
            0.9357729448573919,
            0.9391619278467225,
            0.9343054597356918,
            0.9342865813715894,
            0.8846181537725342
        ],
        "classification_reports": [
            {
                "0": {
                    "precision": 0.9999344369775447,
                    "recall": 0.9997705670272042,
                    "f1-score": 0.9998524952880439,
                    "support": 30510.0
                },
                "1": {
                    "precision": 0.9993570313217599,
                    "recall": 0.9998162102554677,
                    "f1-score": 0.9995865680554917,
                    "support": 10882.0
                },
                "accuracy": 0.9997825666795516,
                "macro avg": {
                    "precision": 0.9996457341496523,
                    "recall": 0.9997933886413359,
                    "f1-score": 0.9997195316717677,
                    "support": 41392.0
                },
                "weighted avg": {
                    "precision": 0.9997826364280121,
                    "recall": 0.9997825666795516,
                    "f1-score": 0.999782582741063,
                    "support": 41392.0
                }
            },
            {
                "0": {
                    "precision": 0.9998361461576274,
                    "recall": 1.0,
                    "f1-score": 0.9999180663662434,
                    "support": 30510.0
                },
                "1": {
                    "precision": 1.0,
                    "recall": 0.9995405256386694,
                    "f1-score": 0.9997702100280343,
                    "support": 10882.0
                },
                "accuracy": 0.999879203710862,
                "macro avg": {
                    "precision": 0.9999180730788138,
                    "recall": 0.9997702628193347,
                    "f1-score": 0.9998441381971388,
                    "support": 41392.0
                },
                "weighted avg": {
                    "precision": 0.9998792235037981,
                    "recall": 0.999879203710862,
                    "f1-score": 0.9998791947806135,
                    "support": 41392.0
                }
            },
            {
                "0": {
                    "precision": 0.9998689126302681,
                    "recall": 1.0,
                    "f1-score": 0.9999344520188779,
                    "support": 30510.0
                },
                "1": {
                    "precision": 1.0,
                    "recall": 0.9996324205109355,
                    "f1-score": 0.9998161764705882,
                    "support": 10882.0
                },
                "accuracy": 0.9999033629686896,
                "macro avg": {
                    "precision": 0.999934456315134,
                    "recall": 0.9998162102554677,
                    "f1-score": 0.999875314244733,
                    "support": 41392.0
                },
                "weighted avg": {
                    "precision": 0.9999033756365839,
                    "recall": 0.9999033629686896,
                    "f1-score": 0.9999033572537906,
                    "support": 41392.0
                }
            },
            {
                "0": {
                    "precision": 0.24306393244873342,
                    "recall": 0.8915929203539823,
                    "f1-score": 0.3819905213270142,
                    "support": 904.0
                },
                "1": {
                    "precision": 0.9962566844919786,
                    "recall": 0.9174628188712696,
                    "f1-score": 0.95523765574527,
                    "support": 30459.0
                },
                "2": {
                    "precision": 0.9985369422092173,
                    "recall": 0.9982630953469238,
                    "f1-score": 0.9984,
                    "support": 10939.0
                },
                "accuracy": 0.9378043591319559,
                "macro avg": {
                    "precision": 0.7459525197166431,
                    "recall": 0.9357729448573919,
                    "f1-score": 0.7785427256907614,
                    "support": 42302.0
                },
                "weighted avg": {
                    "precision": 0.9807505025460134,
                    "recall": 0.9378043591319559,
                    "f1-score": 0.9541487586313838,
                    "support": 42302.0
                }
            },
            {
                "0": {
                    "precision": 0.21456235476374902,
                    "recall": 0.9192477876106194,
                    "f1-score": 0.34791710278417415,
                    "support": 904.0
                },
                "1": {
                    "precision": 0.9973031087138744,
                    "recall": 0.8984208279982928,
                    "f1-score": 0.9452830840443539,