{
    "TabNet": {
        "filter_sizes": [
            12000,
            8000,
            6000
        ],
        "training_time_seconds": [
            1452.4014959335327,
            1412.6472656726837,
            608.4594793319702
        ],
        "num_classes": [
            4,
            4,
            6
        ],
        "test_f1_macro": [
            0.41747102517751244,
            0.41747102517751244,
            0.237517748500628
        ],
        "test_f1_micro": [
            0.42258978960235105,
            0.42258978960235105,
            0.2886508186017267
        ],
        "test_f1_weighted": [
            0.432692304654372,
            0.432692304654372,
            0.3002913511013424
        ],
        "cv_class_weights": [
            0.5227710604667664,
            0.5227710604667664,
            0.7421020269393921
        ],
        "total_training_samples": [
            123041,
            123041,
            132321
        ],
        "imbalance_ratio": [
            5.910323253388947,
            5.910323253388947,
            16.561853351327034
        ],
        "entropy": [
            1.0924705410771955,
            1.0924705410771955,
            1.3188681074722828
        ],
        "test_precision_macro": [
            0.4201394461710357,
            0.4201394461710357,
            0.2556614356783378
        ],
        "test_recall_macro": [
            0.5339159454539587,
            0.5339159454539587,
            0.33111785745462124
        ],
        "classification_reports": [
            {
                "0": {
                    "precision": 0.37210200927357034,
                    "recall": 0.7262443438914027,
                    "f1-score": 0.4920797138477261,
                    "support": 3978.0
                },
                "1": {
                    "precision": 0.7337260961947074,
                    "recall": 0.33148616807749365,
                    "f1-score": 0.4566602548689589,
                    "support": 22918.0
                },
                "2": {
                    "precision": 0.23585853970574797,
                    "recall": 0.6624743326488707,
                    "f1-score": 0.34786710694790757,
                    "support": 3896.0
                },
                "3": {
                    "precision": 0.33887113951011716,
                    "recall": 0.41545893719806765,
                    "f1-score": 0.37327702504545723,
                    "support": 7659.0
                },
                "accuracy": 0.42258978960235105,
                "macro avg": {
                    "precision": 0.4201394461710357,
                    "recall": 0.5339159454539587,
                    "f1-score": 0.41747102517751244,
                    "support": 38451.0
                },
                "weighted avg": {
                    "precision": 0.5672173777972523,
                    "recall": 0.42258978960235105,
                    "f1-score": 0.432692304654372,
                    "support": 38451.0
                }
            },
            {
                "0": {
                    "precision": 0.37210200927357034,
                    "recall": 0.7262443438914027,
                    "f1-score": 0.4920797138477261,
                    "support": 3978.0
                },
                "1": {
                    "precision": 0.7337260961947074,
                    "recall": 0.33148616807749365,
                    "f1-score": 0.4566602548689589,
                    "support": 22918.0
                },
                "2": {
                    "precision": 0.23585853970574797,
                    "recall": 0.6624743326488707,
                    "f1-score": 0.34786710694790757,
                    "support": 3896.0
                },
                "3": {
                    "precision": 0.33887113951011716,
                    "recall": 0.41545893719806765,
                    "f1-score": 0.37327702504545723,
                    "support": 7659.0
                },
                "accuracy": 0.42258978960235105,
                "macro avg": {
                    "precision": 0.4201394461710357,
                    "recall": 0.5339159454539587,
                    "f1-score": 0.41747102517751244,
                    "support": 38451.0
                },
                "weighted avg": {
                    "precision": 0.5672173777972523,
                    "recall": 0.42258978960235105,
                    "f1-score": 0.432692304654372,
                    "support": 38451.0
                }
            },
            {
                "0": {
                    "precision": 0.3018845419847328,
                    "recall": 0.6303860523038606,
                    "f1-score": 0.4082587305427857,
                    "support": 4015.0
                },
                "1": {
                    "precision": 0.6444581280788177,
                    "recall": 0.22771975630983463,
                    "f1-score": 0.3365273311897106,
                    "support": 22980.0
                },
                "2": {
                    "precision": 0.18791719476130123,
                    "recall": 0.570110228146629,
                    "f1-score": 0.28266395526182003,
                    "support": 3901.0
                },
                "3": {
                    "precision": 0.06987991994663109,
                    "recall": 0.3029645697758496,
                    "f1-score": 0.11356552378371053,
                    "support": 1383.0
                },
                "4": {
                    "precision": 0.05512679162072767,
                    "recall": 0.06697923643670463,
                    "f1-score": 0.06047777441790142,
                    "support": 1493.0
                },
                "5": {
                    "precision": 0.2747020376778162,
                    "recall": 0.18854730175484893,
                    "f1-score": 0.22361317580783976,
                    "support": 7579.0
                },
                "accuracy": 0.2886508186017267,
                "macro avg": {
                    "precision": 0.2556614356783378,
                    "recall": 0.33111785745462124,
                    "f1-score": 0.237517748500628,
                    "support": 41351.0
                },
                "weighted avg": {
                    "precision": 0.4598605636821329,
                    "recall": 0.2886508186017267,
                    "f1-score": 0.3002913511013424,
                    "support": 41351.0
                }
            }
        ],