{
    "TabNet": {
        "filter_sizes": [
            12000,
            8000,
            6000,
            4500,
            3500,
            1500,
            1000,
            300
        ],
        "training_time_seconds": [
            452.9123167991638,
            434.98194313049316,
            404.03466749191284,
            398.6793522834778,
            1647.0441617965698,
            1643.0149540901184,
            1601.8866751194,
            1671.6287295818329
        ],
        "num_classes": [
            2,
            2,
            2,
            2,
            4,
            5,
            5,
            5
        ],
        "test_f1_macro": [
            0.8750690928449408,
            0.8750690928449408,
            0.8750690928449408,
            0.8750690928449408,
            0.6630424906922914,
            0.5218437709222787,
            0.5218437709222787,
            0.5218437709222787
        ],
        "test_f1_micro": [
            0.9469607262680086,
            0.9469607262680086,
            0.9469607262680086,
            0.9469607262680086,
            0.9217577197149643,
            0.9065519679472072,
            0.9065519679472072,
            0.9065519679472072
        ],
        "test_f1_weighted": [
            0.9511129064618092,
            0.9511129064618092,
            0.9511129064618092,
            0.9511129064618092,
            0.9265444398825597,
            0.9106620588734792,
            0.9106620588734792,
            0.9106620588734792
        ],
        "cv_class_weights": [
            0.8093806374022849,
            0.8093806374022849,
            0.8093806374022849,
            0.8093806374022849,
            1.4381176018614705,
            1.66660957416951,
            1.66660957416951,
            1.66660957416951
        ],
        "total_training_samples": [
            129714,
            129714,
            129714,
            129714,
            134718,
            135776,
            135776,
            135776
        ],
        "imbalance_ratio": [
            9.49211356466877,
            9.49211356466877,
            9.49211356466877,
            9.49211356466877,
            47.61429151441332,
            112.46596356663471,
            112.46596356663471,
            112.46596356663471
        ],
        "entropy": [
            0.4539488026329689,
            0.4539488026329689,
            0.4539488026329689,
            0.4539488026329689,
            0.3523035742153705,
            0.329087663347389,
            0.329087663347389,
            0.329087663347389
        ],
        "test_precision_macro": [
            0.8275294247813872,
            0.8275294247813872,
            0.8275294247813872,
            0.8275294247813872,
            0.6256358863386305,
            0.4976361833046051,
            0.4976361833046051,
            0.4976361833046051
        ],
        "test_recall_macro": [
            0.9497865903639174,
            0.9497865903639174,
            0.9497865903639174,
            0.9497865903639174,
            0.7157339231722184,
            0.5609026962252328,
            0.5609026962252328,
            0.5609026962252328
        ],
        "classification_reports": [
            {
                "0": {
                    "precision": 0.6604393703511503,
                    "recall": 0.9533083645443196,
                    "f1-score": 0.7802983854486001,
                    "support": 4005.0
                },
                "1": {
                    "precision": 0.9946194792116242,
                    "recall": 0.9462648161835153,
                    "f1-score": 0.9698398002412816,
                    "support": 36531.0
                },
                "accuracy": 0.9469607262680086,
                "macro avg": {
                    "precision": 0.8275294247813872,
                    "recall": 0.9497865903639174,
                    "f1-score": 0.8750690928449408,
                    "support": 40536.0
                },
                "weighted avg": {
                    "precision": 0.9616021283139975,
                    "recall": 0.9469607262680086,
                    "f1-score": 0.9511129064618092,
                    "support": 40536.0
                }
            },
            {
                "0": {
                    "precision": 0.6604393703511503,
                    "recall": 0.9533083645443196,
                    "f1-score": 0.7802983854486001,
                    "support": 4005.0
                },
                "1": {
                    "precision": 0.9946194792116242,
                    "recall": 0.9462648161835153,
                    "f1-score": 0.9698398002412816,
                    "support": 36531.0
                },
                "accuracy": 0.9469607262680086,
                "macro avg": {
                    "precision": 0.8275294247813872,
                    "recall": 0.9497865903639174,
                    "f1-score": 0.8750690928449408,
                    "support": 40536.0
                },
                "weighted avg": {
                    "precision": 0.9616021283139975,
                    "recall": 0.9469607262680086,
                    "f1-score": 0.9511129064618092,
                    "support": 40536.0
                }
            },
            {
                "0": {
                    "precision": 0.6604393703511503,
                    "recall": 0.9533083645443196,
                    "f1-score": 0.7802983854486001,
                    "support": 4005.0
                },
                "1": {
                    "precision": 0.9946194792116242,
                    "recall": 0.9462648161835153,
                    "f1-score": 0.9698398002412816,
                    "support": 36531.0
                },
                "accuracy": 0.9469607262680086,
                "macro avg": {
                    "precision": 0.8275294247813872,
                    "recall": 0.9497865903639174,
                    "f1-score": 0.8750690928449408,
                    "support": 40536.0
                },
                "weighted avg": {
                    "precision": 0.9616021283139975,
                    "recall": 0.9469607262680086,
                    "f1-score": 0.9511129064618092,
                    "support": 40536.0
                }
            },
            {
                "0": {
                    "precision": 0.6604393703511503,
                    "recall": 0.9533083645443196,
                    "f1-score": 0.7802983854486001,
                    "support": 4005.0
                },
                "1": {
                    "precision": 0.9946194792116242,
                    "recall": 0.9462648161835153,
                    "f1-score": 0.9698398002412816,
                    "support": 36531.0
                },
                "accuracy": 0.9469607262680086,
                "macro avg": {
                    "precision": 0.8275294247813872,
                    "recall": 0.9497865903639174,
                    "f1-score": 0.8750690928449408,
                    "support": 40536.0
                },
                "weighted avg": {
                    "precision": 0.9616021283139975,
                    "recall": 0.9469607262680086,
                    "f1-score": 0.9511129064618092,
                    "support": 40536.0
                }
            },
            {
                "0": {
                    "precision": 0.7108152300864284,
                    "recall": 0.786101782485146,
                    "f1-score": 0.7465652600588812,
                    "support": 3871.0
                },
                "1": {
                    "precision": 0.9796549204743439,
                    "recall": 0.9518115051737789,
                    "f1-score": 0.9655325218450972,
                    "support": 36627.0
                },
                "2": {
                    "precision": 0.38393574297188754,
                    "recall": 0.5982478097622027,