{
    "TabNet": {
        "filter_sizes": [
            12000,
            8000,
            6000,
            4500,
            3500,
            1500,
            1000,
            300
        ],
        "training_time_seconds": [
            1953.6350800991058,
            1440.0786316394806,
            683.640622138977,
            710.839124917984,
            738.9522757530212,
            590.6338315010071,
            627.4842982292175,
            564.1776535511017
        ],
        "num_classes": [
            2,
            3,
            4,
            4,
            4,
            4,
            4,
            4
        ],
        "test_f1_macro": [
            0.7183644045533415,
            0.6119486502328896,
            0.449559275912189,
            0.449559275912189,
            0.449559275912189,
            0.449559275912189,
            0.449559275912189,
            0.449559275912189
        ],
        "test_f1_micro": [
            0.7222856846149852,
            0.6715030217024296,
            0.5785529106764082,
            0.5785529106764082,
            0.5785529106764082,
            0.5785529106764082,
            0.5785529106764082,
            0.5785529106764082
        ],
        "test_f1_weighted": [
            0.7260775494930763,
            0.6793257871675943,
            0.6054855963259893,
            0.6054855963259893,
            0.6054855963259893,
            0.6054855963259893,
            0.6054855963259893,
            0.6054855963259893
        ],
        "cv_class_weights": [
            0.24084830284118652,
            0.9796128869056702,
            0.8559242486953735,
            0.8559242486953735,
            0.8559242486953735,
            0.8559242486953735,
            0.8559242486953735,
            0.8559242486953735
        ],
        "total_training_samples": [
            123256,
            130785,
            135776,
            135776,
            135776,
            135776,
            135776,
            135776
        ],
        "imbalance_ratio": [
            1.6345196109864273,
            10.146957214988042,
            15.435871541102808,
            15.435871541102808,
            15.435871541102808,
            15.435871541102808,
            15.435871541102808,
            15.435871541102808
        ],
        "entropy": [
            0.6638560989740301,
            0.8462124691333818,
            0.9715420616343557,
            0.9715420616343557,
            0.9715420616343557,
            0.9715420616343557,
            0.9715420616343557,
            0.9715420616343557
        ],
        "test_precision_macro": [
            0.7218371187137173,
            0.5854696828000908,
            0.4382917623486994,
            0.4382917623486994,
            0.4382917623486994,
            0.4382917623486994,
            0.4382917623486994,
            0.4382917623486994
        ],
        "test_recall_macro": [
            0.7344643675111404,
            0.673269019786875,
            0.5068131757581086,
            0.5068131757581086,
            0.5068131757581086,
            0.5068131757581086,
            0.5068131757581086,
            0.5068131757581086
        ],
        "classification_reports": [
            {
                "0": {
                    "precision": 0.606651376146789,
                    "recall": 0.7869362363919129,
                    "f1-score": 0.6851323109528155,
                    "support": 14789.0
                },
                "1": {
                    "precision": 0.8370228612806455,
                    "recall": 0.6819924986303679,
                    "f1-score": 0.7515964981538676,
                    "support": 23729.0
                },
                "accuracy": 0.7222856846149852,
                "macro avg": {
                    "precision": 0.7218371187137173,
                    "recall": 0.7344643675111404,
                    "f1-score": 0.7183644045533415,
                    "support": 38518.0
                },
                "weighted avg": {
                    "precision": 0.7485716464292876,
                    "recall": 0.7222856846149852,
                    "f1-score": 0.7260775494930763,
                    "support": 38518.0
                }
            },
            {
                "0": {
                    "precision": 0.5684465384112027,
                    "recall": 0.5928074245939675,
                    "f1-score": 0.5803714591127739,
                    "support": 14654.0
                },
                "1": {
                    "precision": 0.3824737562756732,
                    "recall": 0.711073398387781,
                    "f1-score": 0.49740317554533314,
                    "support": 2357.0
                },
                "2": {
                    "precision": 0.8054887537133966,
                    "recall": 0.7159262363788768,
                    "f1-score": 0.7580713160405619,
                    "support": 23860.0
                },
                "accuracy": 0.6715030217024296,
                "macro avg": {
                    "precision": 0.5854696828000908,
                    "recall": 0.673269019786875,
                    "f1-score": 0.6119486502328896,
                    "support": 40871.0
                },
                "weighted avg": {
                    "precision": 0.6961040317345103,
                    "recall": 0.6715030217024296,
                    "f1-score": 0.6793257871675943,
                    "support": 40871.0
                }
            },
            {
                "0": {
                    "precision": 0.5164438786335668,
                    "recall": 0.4982259825327511,
                    "f1-score": 0.5071713839208196,
                    "support": 14656.0
                },
                "1": {
                    "precision": 0.09831798157789347,
                    "recall": 0.30534825870646765,
                    "f1-score": 0.14874280521054226,
                    "support": 1608.0
                },
                "2": {
                    "precision": 0.3396927651139742,
                    "recall": 0.577020202020202,
                    "f1-score": 0.42763568309419836,
                    "support": 2376.0
                },
                "3": {
                    "precision": 0.7987124240693629,
                    "recall": 0.6466582597730138,
                    "f1-score": 0.7146872314231958,
                    "support": 23790.0
                },
                "accuracy": 0.5785529106764082,
                "macro avg": {
                    "precision": 0.4382917623486994,
                    "recall": 0.5068131757581086,
                    "f1-score": 0.449559275912189,
                    "support": 42430.0
                },
                "weighted avg": {
                    "precision": 0.6489647744084788,
                    "recall": 0.5785529106764082,
                    "f1-score": 0.6054855963259893,
                    "support": 42430.0
                }
            },
            {
                "0": {
                    "precision": 0.5164438786335668,
                    "recall": 0.4982259825327511,
                    "f1-score": 0.5071713839208196,
                    "support": 14656.0
                },
                "1": {
                    "precision": 0.09831798157789347,
                    "recall": 0.30534825870646765,
                    "f1-score": 0.14874280521054226,
                    "support": 1608.0
                },
                "2": {
                    "precision": 0.3396927651139742,
                    "recall": 0.577020202020202,
                    "f1-score": 0.42763568309419836,
                    "support": 2376.0
                },
                "3": {
                    "precision": 0.7987124240693629,
                    "recall": 0.6466582597730138,
                    "f1-score": 0.7146872314231958,