{
    "AdvancedTabularClassifier": {
        "filter_sizes": [
            12000,
            8000,
            6000,
            4500,
            3500,
            1500,
            1000,
            300
        ],
        "training_time_seconds": [
            44.373738288879395,
            46.03645324707031,
            47.52571153640747,
            48.60602116584778,
            45.29362344741821,
            52.48864555358887,
            47.79751753807068,
            52.1154203414917
        ],
        "num_classes": [
            2,
            3,
            4,
            4,
            4,
            4,
            4,
            4
        ],
        "test_f1_macro": [
            0.7219495409814811,
            0.6457219601908891,
            0.506212471073814,
            0.5056908261159457,
            0.5059325394178257,
            0.5114032787076772,
            0.5089101988976896,
            0.5171454868204343
        ],
        "test_f1_micro": [
            0.73975803520432,
            0.7010594308923197,
            0.6744520386518973,
            0.6781758189959934,
            0.6666273862832901,
            0.6797313221777045,
            0.6623615366485976,
            0.6753947678529343
        ],
        "test_f1_weighted": [
            0.7390199728668122,
            0.7008279881262793,
            0.6624747332423274,
            0.6654680775467485,
            0.6618539353529466,
            0.6726877795146501,
            0.6669877103843881,
            0.6734107835426295
        ],
        "cv_class_weights": [
            0.24084831570065557,
            0.6468723918763555,
            0.8728635995526584,
            0.8728635995526584,
            0.8728635995526584,
            0.8728635995526584,
            0.8728635995526584,
            0.8728635995526584
        ],
        "imbalance_ratio": [
            1.6254845993268863,
            10.114982116836668,
            15.160732046946489,
            15.160732046946489,
            15.160732046946489,
            15.160732046946489,
            15.160732046946489,
            15.160732046946489
        ],
        "total_training_samples": [
            123256,
            130785,
            135776,
            135776,
            135776,
            135776,
            135776,
            135776
        ],
        "entropy": [
            0.6644942900012158,
            0.8465637482123152,
            0.9745313681488466,
            0.9745313681488466,
            0.9745313681488466,
            0.9745313681488466,
            0.9745313681488466,
            0.9745313681488466
        ],
        "test_precision_macro": [
            0.7233011487793455,
            0.644653357350632,
            0.5176499191628018,
            0.5347144970604525,
            0.5200678104929273,
            0.5224404966712263,
            0.5027442464481792,
            0.5433285809567332
        ],
        "test_recall_macro": [
            0.720781958260022,
            0.6468290203337997,
            0.5048803634408863,
            0.4901432656790746,
            0.4957732617515208,
            0.5059514919358308,
            0.5168135148163895,
            0.4993135762230408
        ],
        "classification_reports": [
            {
                "0": {
                    "precision": 0.6608615948670944,
                    "recall": 0.6425584424487557,
                    "f1-score": 0.6515815085158151,
                    "support": 14587.0
                },
                "1": {
                    "precision": 0.7857407026915965,
                    "recall": 0.7990054740712883,
                    "f1-score": 0.792317573447147,
                    "support": 23931.0
                },
                "accuracy": 0.73975803520432,
                "macro avg": {
                    "precision": 0.7233011487793455,
                    "recall": 0.720781958260022,
                    "f1-score": 0.7219495409814811,
                    "support": 38518.0
                },
                "weighted avg": {
                    "precision": 0.7384482278529233,
                    "recall": 0.73975803520432,
                    "f1-score": 0.7390199728668122,
                    "support": 38518.0
                }
            },
            {
                "0": {
                    "precision": 0.602658585302018,
                    "recall": 0.5963740458015268,
                    "f1-score": 0.5994998458428967,
                    "support": 14672.0
                },
                "1": {
                    "precision": 0.5564005069708492,
                    "recall": 0.5654787462430227,
                    "f1-score": 0.5609028960817717,
                    "support": 2329.0
                },
                "2": {
                    "precision": 0.7749009797790286,
                    "recall": 0.7786342689568496,
                    "f1-score": 0.7767631386479992,
                    "support": 23870.0
                },
                "accuracy": 0.7010594308923197,
                "macro avg": {
                    "precision": 0.644653357350632,
                    "recall": 0.6468290203337997,
                    "f1-score": 0.6457219601908891,
                    "support": 40871.0
                },
                "weighted avg": {
                    "precision": 0.7006177957870307,
                    "recall": 0.7010594308923197,
                    "f1-score": 0.7008279881262793,
                    "support": 40871.0
                }
            },
            {
                "0": {
                    "precision": 0.6071119570860011,
                    "recall": 0.48127572016460907,
                    "f1-score": 0.5369194276532252,
                    "support": 14580.0
                },
                "1": {
                    "precision": 0.21627188465499486,
                    "recall": 0.13879709187045605,
                    "f1-score": 0.16908212560386474,
                    "support": 1513.0
                },
                "2": {
                    "precision": 0.5133519330410522,
                    "recall": 0.5636761487964989,
                    "f1-score": 0.5373383395911556,
                    "support": 2285.0
                },
                "3": {
                    "precision": 0.7338639018691588,
                    "recall": 0.8357724929319807,
                    "f1-score": 0.7815099914470104,
                    "support": 24052.0
                },
                "accuracy": 0.6744520386518973,
                "macro avg": {
                    "precision": 0.5176499191628018,
                    "recall": 0.5048803634408863,
                    "f1-score": 0.506212471073814,
                    "support": 42430.0
                },
                "weighted avg": {
                    "precision": 0.6599767954407898,
                    "recall": 0.6744520386518973,
                    "f1-score": 0.6624747332423274,
                    "support": 42430.0
                }
            },
            {
                "0": {
                    "precision": 0.6015419947506562,
                    "recall": 0.5030178326474622,
                    "f1-score": 0.5478858508889884,
                    "support": 14580.0
                },
                "1": {
                    "precision": 0.22305764411027568,
                    "recall": 0.11764705882352941,
                    "f1-score": 0.15404586758978797,
                    "support": 1513.0
                },
                "2": {
                    "precision": 0.5819009100101112,
                    "recall": 0.5037199124726477,
                    "f1-score": 0.5399953084682149,
                    "support": 2285.0
                },
                "3": {
                    "precision": 0.7323574393707669,
                    "recall": 0.8361882587726592,
                    "f1-score": 0.7808362775167915,