{
    "AdvancedTabularClassifier": {
        "filter_sizes": [
            12000,
            8000,
            6000,
            4500,
            3500,
            1500,
            1000,
            300
        ],
        "training_time_seconds": [
            44.52248525619507,
            60.339152336120605,
            48.35643219947815,
            65.08990025520325,
            46.452932357788086,
            59.092416286468506,
            51.931384801864624,
            43.49145245552063
        ],
        "num_classes": [
            2,
            2,
            2,
            2,
            4,
            5,
            5,
            5
        ],
        "test_f1_macro": [
            0.8556774552257917,
            0.8763897212700942,
            0.8682344672159621,
            0.8795864690934695,
            0.5913113682645408,
            0.47784774753433296,
            0.5035864320904256,
            0.4297352755708042
        ],
        "test_f1_micro": [
            0.9364268798105387,
            0.9482682060390764,
            0.9437290309848037,
            0.9502417604104993,
            0.8797862232779098,
            0.8303558802733915,
            0.8687485269856233,
            0.7976667452274334
        ],
        "test_f1_weighted": [
            0.9424376133380536,
            0.9521445424277373,
            0.948391619334768,
            0.9537163869874566,
            0.8977226343095398,
            0.8595832153587095,
            0.8915421974189479,
            0.8369567364219976
        ],
        "cv_class_weights": [
            0.8074841574540913,
            0.8074841574540913,
            0.8074841574540913,
            0.8074841574540913,
            1.4380572822310065,
            1.667052044340106,
            1.667052044340106,
            1.667052044340106
        ],
        "imbalance_ratio": [
            9.474321705426357,
            9.474321705426357,
            9.474321705426357,
            9.474321705426357,
            47.042502004811546,
            110.57964184731385,
            110.57964184731385,
            110.57964184731385
        ],
        "total_training_samples": [
            129714,
            129714,
            129714,
            129714,
            134718,
            135776,
            135776,
            135776
        ],
        "entropy": [
            0.3150175183558238,
            0.3150175183558238,
            0.3150175183558238,
            0.3150175183558238,
            0.4878513770286893,
            0.5297442692876037,
            0.5297442692876037,
            0.5297442692876037
        ],
        "test_precision_macro": [
            0.803873539702695,
            0.8302522212668386,
            0.8194835914011918,
            0.8355876323744714,
            0.5355700848285447,
            0.4193756453361919,
            0.46289716478992426,
            0.38001999595835767
        ],
        "test_recall_macro": [
            0.9468364815656956,
            0.947242537367738,
            0.947189533215808,
            0.9449772457850579,
            0.7574415714602057,
            0.6241037424646334,
            0.617919708738657,
            0.6046327999956957
        ],
        "classification_reports": [
            {
                "0": {
                    "precision": 0.61241180243746,
                    "recall": 0.959788891681327,
                    "f1-score": 0.7477239353891336,
                    "support": 3979.0
                },
                "1": {
                    "precision": 0.99533527696793,
                    "recall": 0.9338840714500642,
                    "f1-score": 0.9636309750624498,
                    "support": 36557.0
                },
                "accuracy": 0.9364268798105387,
                "macro avg": {
                    "precision": 0.803873539702695,
                    "recall": 0.9468364815656956,
                    "f1-score": 0.8556774552257917,
                    "support": 40536.0
                },
                "weighted avg": {
                    "precision": 0.9577476386919103,
                    "recall": 0.9364268798105387,
                    "f1-score": 0.9424376133380536,
                    "support": 40536.0
                }
            },
            {
                "0": {
                    "precision": 0.6666666666666666,
                    "recall": 0.9459663231967831,
                    "f1-score": 0.7821298701298701,
                    "support": 3979.0
                },
                "1": {
                    "precision": 0.9938377758670106,
                    "recall": 0.948518751538693,
                    "f1-score": 0.9706495724103181,
                    "support": 36557.0
                },
                "accuracy": 0.9482682060390764,
                "macro avg": {
                    "precision": 0.8302522212668386,
                    "recall": 0.947242537367738,
                    "f1-score": 0.8763897212700942,
                    "support": 40536.0
                },
                "weighted avg": {
                    "precision": 0.9617227708465801,
                    "recall": 0.9482682060390764,
                    "f1-score": 0.9521445424277373,
                    "support": 40536.0
                }
            },
            {
                "0": {
                    "precision": 0.644535240040858,
                    "recall": 0.9514953505906006,
                    "f1-score": 0.7684969044960925,
                    "support": 3979.0
                },
                "1": {
                    "precision": 0.9944319427615256,
                    "recall": 0.9428837158410154,
                    "f1-score": 0.9679720299358318,
                    "support": 36557.0
                },
                "accuracy": 0.9437290309848037,
                "macro avg": {
                    "precision": 0.8194835914011918,
                    "recall": 0.947189533215808,
                    "f1-score": 0.8682344672159621,
                    "support": 40536.0
                },
                "weighted avg": {
                    "precision": 0.9600862011953735,
                    "recall": 0.9437290309848037,
                    "f1-score": 0.948391619334768,
                    "support": 40536.0
                }
            },
            {
                "0": {
                    "precision": 0.6781692698873956,
                    "recall": 0.9384267403870319,
                    "f1-score": 0.7873484449130206,
                    "support": 3979.0
                },
                "1": {
                    "precision": 0.9930059948615473,
                    "recall": 0.951527751183084,
                    "f1-score": 0.9718244932739184,
                    "support": 36557.0
                },
                "accuracy": 0.9502417604104993,
                "macro avg": {
                    "precision": 0.8355876323744714,
                    "recall": 0.9449772457850579,
                    "f1-score": 0.8795864690934695,
                    "support": 40536.0
                },
                "weighted avg": {
                    "precision": 0.9621017288098365,
                    "recall": 0.9502417604104993,
                    "f1-score": 0.9537163869874566,
                    "support": 40536.0
                }
            },
            {
                "0": {
                    "precision": 0.5973353071798667,
                    "recall": 0.6107467204843592,
                    "f1-score": 0.6039665710365474,
                    "support": 3964.0
                },
                "1": {
                    "precision": 0.9900802463652246,
                    "recall": 0.9144513729351275,
                    "f1-score": 0.9507641999004763,
                    "support": 36564.0
                },
                "2": {
                    "precision": 0.262071992976295,