{
    "TabNet": {
        "filter_sizes": [
            12000,
            8000,
            6000,
            4500,
            3500,
            1500,
            1000,
            300
        ],
        "training_time_seconds": [
            2095.091424226761,
            1222.222265958786,
            990.7055435180664,
            1060.4664771556854,
            979.1924495697021,
            1058.9993743896484,
            1019.2551124095917,
            1022.0426924228668
        ],
        "num_classes": [
            2,
            3,
            4,
            4,
            4,
            4,
            4,
            4
        ],
        "test_f1_macro": [
            0.7242846629062074,
            0.6118348006540416,
            0.4660670904540958,
            0.4660670904540958,
            0.4660670904540958,
            0.4660670904540958,
            0.4660670904540958,
            0.4660670904540958
        ],
        "test_f1_micro": [
            0.7311906121813179,
            0.6679063394582956,
            0.5809097336790007,
            0.5809097336790007,
            0.5809097336790007,
            0.5809097336790007,
            0.5809097336790007,
            0.5809097336790007
        ],
        "test_f1_weighted": [
            0.7347274188802835,
            0.676832506334668,
            0.6098120217278362,
            0.6098120217278362,
            0.6098120217278362,
            0.6098120217278362,
            0.6098120217278362,
            0.6098120217278362
        ],
        "cv_class_weights": [
            0.23904718634386968,
            0.6471474488662129,
            0.8719895522931513,
            0.8719895522931513,
            0.8719895522931513,
            0.8719895522931513,
            0.8719895522931513,
            0.8719895522931513
        ],
        "total_training_samples": [
            123256,
            130785,
            135776,
            135776,
            135776,
            135776,
            135776,
            135776
        ],
        "imbalance_ratio": [
            1.6282838621630842,
            10.135145888594165,
            15.329518072289156,
            15.329518072289156,
            15.329518072289156,
            15.329518072289156,
            15.329518072289156,
            15.329518072289156
        ],
        "entropy": [
            0.6642968690879474,
            0.8462100782824566,
            0.9722755876548224,
            0.9722755876548224,
            0.9722755876548224,
            0.9722755876548224,
            0.9722755876548224,
            0.9722755876548224
        ],
        "test_precision_macro": [
            0.7232828104543212,
            0.5856517415634258,
            0.4659329338176484,
            0.4659329338176484,
            0.4659329338176484,
            0.4659329338176484,
            0.4659329338176484,
            0.4659329338176484
        ],
        "test_recall_macro": [
            0.7354356983889206,
            0.6757530628641234,
            0.5275441639598447,
            0.5275441639598447,
            0.5275441639598447,
            0.5275441639598447,
            0.5275441639598447,
            0.5275441639598447
        ],
        "classification_reports": [
            {
                "0": {
                    "precision": 0.6208642808912896,
                    "recall": 0.7531740614334471,
                    "f1-score": 0.680648942076368,
                    "support": 14650.0
                },
                "1": {
                    "precision": 0.8257013400173527,
                    "recall": 0.7176973353443942,
                    "f1-score": 0.767920383736047,
                    "support": 23868.0
                },
                "accuracy": 0.7311906121813179,
                "macro avg": {
                    "precision": 0.7232828104543212,
                    "recall": 0.7354356983889206,
                    "f1-score": 0.7242846629062074,
                    "support": 38518.0
                },
                "weighted avg": {
                    "precision": 0.7477932732382669,
                    "recall": 0.7311906121813179,
                    "f1-score": 0.7347274188802835,
                    "support": 38518.0
                }
            },
            {
                "0": {
                    "precision": 0.5648009950248756,
                    "recall": 0.6162719685146231,
                    "f1-score": 0.5894149333160269,
                    "support": 14737.0
                },
                "1": {
                    "precision": 0.3812016385980883,
                    "recall": 0.7158119658119658,
                    "f1-score": 0.49747549747549746,
                    "support": 2340.0
                },
                "2": {
                    "precision": 0.8109525910673138,
                    "recall": 0.6951752542657813,
                    "f1-score": 0.7486139711706004,
                    "support": 23794.0
                },
                "accuracy": 0.6679063394582956,
                "macro avg": {
                    "precision": 0.5856517415634258,
                    "recall": 0.6757530628641234,
                    "f1-score": 0.6118348006540416,
                    "support": 40871.0
                },
                "weighted avg": {
                    "precision": 0.6975921814943794,
                    "recall": 0.6679063394582956,
                    "f1-score": 0.676832506334668,
                    "support": 40871.0
                }
            },
            {
                "0": {
                    "precision": 0.5385202782962837,
                    "recall": 0.43514328808446456,
                    "f1-score": 0.4813438495373881,
                    "support": 14586.0
                },
                "1": {
                    "precision": 0.10114642287041067,
                    "recall": 0.44338422391857507,
                    "f1-score": 0.16471700342668086,
                    "support": 1572.0
                },
                "2": {
                    "precision": 0.4398117014122394,
                    "recall": 0.5495798319327732,
                    "f1-score": 0.4886066492342174,
                    "support": 2380.0
                },
                "3": {
                    "precision": 0.7842533326916599,
                    "recall": 0.682069311903566,
                    "f1-score": 0.7296008596180967,
                    "support": 23892.0
                },
                "accuracy": 0.5809097336790007,
                "macro avg": {
                    "precision": 0.4659329338176484,
                    "recall": 0.5275441639598447,
                    "f1-score": 0.4660670904540958,
                    "support": 42430.0
                },
                "weighted avg": {
                    "precision": 0.6551494562812196,
                    "recall": 0.5809097336790007,
                    "f1-score": 0.6098120217278362,
                    "support": 42430.0
                }
            },
            {
                "0": {
                    "precision": 0.5385202782962837,
                    "recall": 0.43514328808446456,
                    "f1-score": 0.4813438495373881,
                    "support": 14586.0
                },
                "1": {
                    "precision": 0.10114642287041067,
                    "recall": 0.44338422391857507,
                    "f1-score": 0.16471700342668086,
                    "support": 1572.0
                },
                "2": {
                    "precision": 0.4398117014122394,
                    "recall": 0.5495798319327732,
                    "f1-score": 0.4886066492342174,
                    "support": 2380.0
                },
                "3": {
                    "precision": 0.7842533326916599,
                    "recall": 0.682069311903566,
                    "f1-score": 0.7296008596180967,