{
    "TabNet": {
        "filter_sizes": [
            12000,
            8000,
            6000,
            4500,
            3500,
            1500,
            1000,
            300
        ],
        "training_time_seconds": [
            1218.3550126552582,
            1219.5575087070465,
            1137.2960002422333,
            1167.018462896347,
            821.5054669380188,
            903.9189832210541,
            955.6045265197754,
            991.8552420139313
        ],
        "num_classes": [
            2,
            2,
            2,
            2,
            4,
            5,
            5,
            5
        ],
        "test_f1_macro": [
            0.8872081531533547,
            0.8872081531533547,
            0.8872081531533547,
            0.8872081531533547,
            0.6492271691488756,
            0.5463763234042831,
            0.5463763234042831,
            0.5463763234042831
        ],
        "test_f1_micro": [
            0.9530294059601342,
            0.9530294059601342,
            0.9530294059601342,
            0.9530294059601342,
            0.9211401425178147,
            0.9133631864246995,
            0.9133631864246995,
            0.9133631864246995
        ],
        "test_f1_weighted": [
            0.9565919074037874,
            0.9565919074037874,
            0.9565919074037874,
            0.9565919074037874,
            0.9267647015399577,
            0.9161596353839405,
            0.9161596353839405,
            0.9161596353839405
        ],
        "cv_class_weights": [
            0.8086559772491455,
            0.8086559772491455,
            0.8086559772491455,
            0.8086559772491455,
            0.8068617582321167,
            0.910095751285553,
            0.910095751285553,
            0.910095751285553
        ],
        "total_training_samples": [
            129714,
            129714,
            129714,
            129714,
            134718,
            135776,
            135776,
            135776
        ],
        "imbalance_ratio": [
            9.452377115229654,
            9.452377115229654,
            9.452377115229654,
            9.452377115229654,
            46.95152243589744,
            114.06219630709427,
            114.06219630709427,
            114.06219630709427
        ],
        "entropy": [
            0.31546799447249385,
            0.31546799447249385,
            0.31546799447249385,
            0.31546799447249385,
            0.49072858973452826,
            0.5277341214163044,
            0.5277341214163044,
            0.5277341214163044
        ],
        "test_precision_macro": [
            0.8391996662479518,
            0.8391996662479518,
            0.8391996662479518,
            0.8391996662479518,
            0.6094774613754502,
            0.5309946233100209,
            0.5309946233100209,
            0.5309946233100209
        ],
        "test_recall_macro": [
            0.9610977485906191,
            0.9610977485906191,
            0.9610977485906191,
            0.9610977485906191,
            0.7093824952831134,
            0.5737426301040862,
            0.5737426301040862,
            0.5737426301040862
        ],
        "classification_reports": [
            {
                "0": {
                    "precision": 0.6816645918548817,
                    "recall": 0.9711173042817329,
                    "f1-score": 0.8010449320794149,
                    "support": 3947.0
                },
                "1": {
                    "precision": 0.996734740641022,
                    "recall": 0.9510781928995053,
                    "f1-score": 0.9733713742272944,
                    "support": 36589.0
                },
                "accuracy": 0.9530294059601342,
                "macro avg": {
                    "precision": 0.8391996662479518,
                    "recall": 0.9610977485906191,
                    "f1-score": 0.8872081531533547,
                    "support": 40536.0
                },
                "weighted avg": {
                    "precision": 0.9660562850149391,
                    "recall": 0.9530294059601342,
                    "f1-score": 0.9565919074037874,
                    "support": 40536.0
                }
            },
            {
                "0": {
                    "precision": 0.6816645918548817,
                    "recall": 0.9711173042817329,
                    "f1-score": 0.8010449320794149,
                    "support": 3947.0
                },
                "1": {
                    "precision": 0.996734740641022,
                    "recall": 0.9510781928995053,
                    "f1-score": 0.9733713742272944,
                    "support": 36589.0
                },
                "accuracy": 0.9530294059601342,
                "macro avg": {
                    "precision": 0.8391996662479518,
                    "recall": 0.9610977485906191,
                    "f1-score": 0.8872081531533547,
                    "support": 40536.0
                },
                "weighted avg": {
                    "precision": 0.9660562850149391,
                    "recall": 0.9530294059601342,
                    "f1-score": 0.9565919074037874,
                    "support": 40536.0
                }
            },
            {
                "0": {
                    "precision": 0.6816645918548817,
                    "recall": 0.9711173042817329,
                    "f1-score": 0.8010449320794149,
                    "support": 3947.0
                },
                "1": {
                    "precision": 0.996734740641022,
                    "recall": 0.9510781928995053,
                    "f1-score": 0.9733713742272944,
                    "support": 36589.0
                },
                "accuracy": 0.9530294059601342,
                "macro avg": {
                    "precision": 0.8391996662479518,
                    "recall": 0.9610977485906191,
                    "f1-score": 0.8872081531533547,
                    "support": 40536.0
                },
                "weighted avg": {
                    "precision": 0.9660562850149391,
                    "recall": 0.9530294059601342,
                    "f1-score": 0.9565919074037874,
                    "support": 40536.0
                }
            },
            {
                "0": {
                    "precision": 0.6816645918548817,
                    "recall": 0.9711173042817329,
                    "f1-score": 0.8010449320794149,
                    "support": 3947.0
                },
                "1": {
                    "precision": 0.996734740641022,
                    "recall": 0.9510781928995053,
                    "f1-score": 0.9733713742272944,
                    "support": 36589.0
                },
                "accuracy": 0.9530294059601342,
                "macro avg": {
                    "precision": 0.8391996662479518,
                    "recall": 0.9610977485906191,
                    "f1-score": 0.8872081531533547,
                    "support": 40536.0
                },
                "weighted avg": {
                    "precision": 0.9660562850149391,
                    "recall": 0.9530294059601342,
                    "f1-score": 0.9565919074037874,
                    "support": 40536.0
                }
            },
            {
                "0": {
                    "precision": 0.7050956882637768,
                    "recall": 0.7905894519131335,
                    "f1-score": 0.7453991468616697,
                    "support": 3868.0
                },
                "1": {
                    "precision": 0.9816330548758192,
                    "recall": 0.9501510985271296,
                    "f1-score": 0.9656355486691384,
                    "support": 36731.0
                },
                "2": {
                    "precision": 0.35118110236220473,