{
    "AdvancedTabularClassifier": {
        "filter_sizes": [
            12000,
            8000,
            6000,
            4500,
            3500,
            1500,
            1000,
            300
        ],
        "training_time_seconds": [
            36.67002296447754,
            39.87580466270447,
            41.37997031211853,
            40.0010404586792,
            45.74952721595764,
            48.310967683792114,
            40.62970733642578,
            45.65995669364929
        ],
        "num_classes": [
            2,
            3,
            4,
            4,
            4,
            4,
            4,
            4
        ],
        "test_f1_macro": [
            0.7235583460264663,
            0.6521018753655268,
            0.5056103371941875,
            0.48770939305179506,
            0.5072452970681782,
            0.5001162534256851,
            0.4881221911075419,
            0.5044322707373723
        ],
        "test_f1_micro": [
            0.7388493691261229,
            0.7091825499743094,
            0.6839028988922932,
            0.6844685364129154,
            0.6883337261371671,
            0.6878859297666745,
            0.6859769031345746,
            0.6837379212821117
        ],
        "test_f1_weighted": [
            0.7393304312282756,
            0.7069397413274121,
            0.6754432510323006,
            0.6722977131225009,
            0.6799792604885297,
            0.6737976759170717,
            0.6674530813264384,
            0.6712476966266966
        ],
        "cv_class_weights": [
            0.24084831570065557,
            0.6468723918763555,
            0.8728635995526584,
            0.8728635995526584,
            0.8728635995526584,
            0.8728635995526584,
            0.8728635995526584,
            0.8728635995526584
        ],
        "imbalance_ratio": [
            1.6254845993268863,
            10.114982116836668,
            15.160732046946489,
            15.160732046946489,
            15.160732046946489,
            15.160732046946489,
            15.160732046946489,
            15.160732046946489
        ],
        "total_training_samples": [
            123256,
            130785,
            135776,
            135776,
            135776,
            135776,
            135776,
            135776
        ],
        "entropy": [
            0.6644942900012158,
            0.8465637482123152,
            0.9745313681488466,
            0.9745313681488466,
            0.9745313681488466,
            0.9745313681488466,
            0.9745313681488466,
            0.9745313681488466
        ],
        "test_precision_macro": [
            0.7227794749314083,
            0.6650760612717898,
            0.5689504785887448,
            0.6395507276833009,
            0.5908128260327031,
            0.6076848829095155,
            0.5898469005824075,
            0.5769306125754841
        ],
        "test_recall_macro": [
            0.7244271571918921,
            0.6411612320938236,
            0.4885656527874172,
            0.4655426967399769,
            0.48672759103299174,
            0.4650780384912533,
            0.46928655666160424,
            0.4751120760972603
        ],
        "classification_reports": [
            {
                "0": {
                    "precision": 0.6522323830016138,
                    "recall": 0.6649756632618085,
                    "f1-score": 0.6585423809362164,
                    "support": 14587.0
                },
                "1": {
                    "precision": 0.7933265668612027,
                    "recall": 0.7838786511219756,
                    "f1-score": 0.788574311116716,
                    "support": 23931.0
                },
                "accuracy": 0.7388493691261229,
                "macro avg": {
                    "precision": 0.7227794749314083,
                    "recall": 0.7244271571918921,
                    "f1-score": 0.7235583460264663,
                    "support": 38518.0
                },
                "weighted avg": {
                    "precision": 0.7398933444727137,
                    "recall": 0.7388493691261229,
                    "f1-score": 0.7393304312282756,
                    "support": 38518.0
                }
            },
            {
                "0": {
                    "precision": 0.6180778849589139,
                    "recall": 0.5895583424209379,
                    "f1-score": 0.6034813548679666,
                    "support": 14672.0
                },
                "1": {
                    "precision": 0.6083129584352078,
                    "recall": 0.5341348218119365,
                    "f1-score": 0.5688157293095565,
                    "support": 2329.0
                },
                "2": {
                    "precision": 0.7688373404212476,
                    "recall": 0.7997905320485965,
                    "f1-score": 0.7840085419190571,
                    "support": 23870.0
                },
                "accuracy": 0.7091825499743094,
                "macro avg": {
                    "precision": 0.6650760612717898,
                    "recall": 0.6411612320938236,
                    "f1-score": 0.6521018753655268,
                    "support": 40871.0
                },
                "weighted avg": {
                    "precision": 0.7055698887760996,
                    "recall": 0.7091825499743094,
                    "f1-score": 0.7069397413274121,
                    "support": 40871.0
                }
            },
            {
                "0": {
                    "precision": 0.5730742452053927,
                    "recall": 0.6209876543209877,
                    "f1-score": 0.5960696533789789,
                    "support": 14580.0
                },
                "1": {
                    "precision": 0.3024054982817869,
                    "recall": 0.05816259087904825,
                    "f1-score": 0.0975609756097561,
                    "support": 1513.0
                },
                "2": {
                    "precision": 0.6372328458942632,
                    "recall": 0.4958424507658643,
                    "f1-score": 0.5577159734186562,
                    "support": 2285.0
                },
                "3": {
                    "precision": 0.7630893249735363,
                    "recall": 0.7792699151837685,
                    "f1-score": 0.7710947463693586,
                    "support": 24052.0
                },
                "accuracy": 0.6839028988922932,
                "macro avg": {
                    "precision": 0.5689504785887448,
                    "recall": 0.4885656527874172,
                    "f1-score": 0.5056103371941875,
                    "support": 42430.0
                },
                "weighted avg": {
                    "precision": 0.6745902312308947,
                    "recall": 0.6839028988922932,
                    "f1-score": 0.6754432510323006,
                    "support": 42430.0
                }
            },
            {
                "0": {
                    "precision": 0.573531285841723,
                    "recall": 0.6173525377229081,
                    "f1-score": 0.5946356609632028,
                    "support": 14580.0
                },
                "1": {
                    "precision": 0.5434782608695652,
                    "recall": 0.03304692663582287,
                    "f1-score": 0.06230529595015576,
                    "support": 1513.0
                },
                "2": {
                    "precision": 0.6874105865522174,
                    "recall": 0.4205689277899344,
                    "f1-score": 0.5218571816453977,
                    "support": 2285.0
                },
                "3": {
                    "precision": 0.7537827774696981,
                    "recall": 0.7912023948112423,
                    "f1-score": 0.7720394336484239,