{
    "AdvancedTabularClassifier": {
        "filter_sizes": [
            12000,
            8000,
            6000,
            4500,
            3500,
            1500,
            1000,
            300
        ],
        "training_time_seconds": [
            177.1149561405182,
            161.86438846588135,
            270.8426704406738,
            47.24440932273865,
            47.18712568283081,
            67.30876231193542,
            51.35072469711304,
            56.140369176864624
        ],
        "num_classes": [
            2,
            2,
            2,
            3,
            3,
            3,
            3,
            4
        ],
        "test_f1_macro": [
            0.9997506432351189,
            0.9998129934831446,
            0.9998441474141864,
            0.861093162951704,
            0.8677182083359228,
            0.8707854205372142,
            0.8587835952255837,
            0.754658507699701
        ],
        "test_f1_micro": [
            0.9998067259373792,
            0.9998550444530344,
            0.999879203710862,
            0.9854380407545743,
            0.9859817502718548,
            0.9858871920949364,
            0.9856507966526405,
            0.9827480556210229
        ],
        "test_f1_weighted": [
            0.9998067202234003,
            0.9998550444530344,
            0.9998791983535755,
            0.9836858185614992,
            0.9844743664054807,
            0.9847571120765316,
            0.9837392576673705,
            0.980944560448493
        ],
        "cv_class_weights": [
            0.4688420130762378,
            0.4688420130762378,
            0.4688420130762378,
            0.8670174433718976,
            0.8670174433718976,
            0.8670174433718976,
            0.8670174433718976,
            1.1512368231011856
        ],
        "imbalance_ratio": [
            2.7576668841669267,
            2.7576668841669267,
            2.7576668841669267,
            33.36020583190395,
            33.36020583190395,
            33.36020583190395,
            33.36020583190395,
            235.11352657004832
        ],
        "total_training_samples": [
            132454,
            132454,
            132454,
            135364,
            135364,
            135364,
            135364,
            135776
        ],
        "entropy": [
            0.5793640140080556,
            0.5793640140080556,
            0.5793640140080556,
            0.6705127663073001,
            0.6705127663073001,
            0.6705127663073001,
            0.6705127663073001,
            0.6877410771768522
        ],
        "test_precision_macro": [
            0.9997801973765384,
            0.9998129934831446,
            0.9998884940604489,
            0.9300158398218357,
            0.9273434418988485,
            0.9112319190684123,
            0.9351924850398917,
            0.8393658080630342
        ],
        "test_recall_macro": [
            0.9997210986108784,
            0.9998129934831446,
            0.9997998221859823,
            0.8215721223115992,
            0.8311395624836114,
            0.8424020241216071,
            0.8172732411923022,
            0.7057250317656159
        ],
        "classification_reports": [
            {
                "0": {
                    "precision": 0.9998361300471945,
                    "recall": 0.9999016715830875,
                    "f1-score": 0.999868899741077,
                    "support": 30510.0
                },
                "1": {
                    "precision": 0.9997242647058824,
                    "recall": 0.9995405256386694,
                    "f1-score": 0.9996323867291609,
                    "support": 10882.0
                },
                "accuracy": 0.9998067259373792,
                "macro avg": {
                    "precision": 0.9997801973765384,
                    "recall": 0.9997210986108784,
                    "f1-score": 0.9997506432351189,
                    "support": 41392.0
                },
                "weighted avg": {
                    "precision": 0.999806720532212,
                    "recall": 0.9998067259373792,
                    "f1-score": 0.9998067202234003,
                    "support": 41392.0
                }
            },
            {
                "0": {
                    "precision": 0.9999016715830875,
                    "recall": 0.9999016715830875,
                    "f1-score": 0.9999016715830875,
                    "support": 30510.0
                },
                "1": {
                    "precision": 0.9997243153832016,
                    "recall": 0.9997243153832016,
                    "f1-score": 0.9997243153832016,
                    "support": 10882.0
                },
                "accuracy": 0.9998550444530344,
                "macro avg": {
                    "precision": 0.9998129934831446,
                    "recall": 0.9998129934831446,
                    "f1-score": 0.9998129934831446,
                    "support": 41392.0
                },
                "weighted avg": {
                    "precision": 0.9998550444530344,
                    "recall": 0.9998550444530344,
                    "f1-score": 0.9998550444530344,
                    "support": 41392.0
                }
            },
            {
                "0": {
                    "precision": 0.9998689083341527,
                    "recall": 0.9999672238610292,
                    "f1-score": 0.9999180636809072,
                    "support": 30510.0
                },
                "1": {
                    "precision": 0.9999080797867451,
                    "recall": 0.9996324205109355,
                    "f1-score": 0.9997702311474657,
                    "support": 10882.0
                },
                "accuracy": 0.999879203710862,
                "macro avg": {
                    "precision": 0.9998884940604489,
                    "recall": 0.9997998221859823,
                    "f1-score": 0.9998441474141864,
                    "support": 41392.0
                },
                "weighted avg": {
                    "precision": 0.9998792065499216,
                    "recall": 0.999879203710862,
                    "f1-score": 0.9998791983535755,
                    "support": 41392.0
                }
            },
            {
                "0": {
                    "precision": 0.8068181818181818,
                    "recall": 0.47123893805309736,
                    "f1-score": 0.5949720670391061,
                    "support": 904.0
                },
                "1": {
                    "precision": 0.9834127061262837,
                    "recall": 0.9965855740503627,
                    "f1-score": 0.9899553207448717,
                    "support": 30459.0
                },
                "2": {
                    "precision": 0.9998166315210415,
                    "recall": 0.9968918548313375,
                    "f1-score": 0.9983521010711343,
                    "support": 10939.0
                },
                "accuracy": 0.9854380407545743,
                "macro avg": {
                    "precision": 0.9300158398218357,
                    "recall": 0.8215721223115992,
                    "f1-score": 0.861093162951704,
                    "support": 42302.0
                },
                "weighted avg": {
                    "precision": 0.9838807948672116,
                    "recall": 0.9854380407545743,
                    "f1-score": 0.9836858185614992,
                    "support": 42302.0
                }
            },
            {
                "0": {
                    "precision": 0.7982300884955752,
                    "recall": 0.49889380530973454,
                    "f1-score": 0.6140231449965963,
                    "support": 904.0
                },
                "1": {
                    "precision": 0.9848061814167911,