{
    "TabNet": {
        "filter_sizes": [
            12000,
            8000,
            6000,
            4500,
            3500,
            1500,
            1000,
            300
        ],
        "training_time_seconds": [
            1142.8021545410156,
            1225.4924683570862,
            1186.041161775589,
            1254.453957080841,
            531.5554625988007,
            669.4992277622223,
            694.4089109897614,
            671.9044318199158
        ],
        "num_classes": [
            2,
            2,
            2,
            2,
            4,
            5,
            5,
            5
        ],
        "test_f1_macro": [
            0.8872081531533547,
            0.8872081531533547,
            0.8872081531533547,
            0.8872081531533547,
            0.6456303029999297,
            0.5028027658691692,
            0.5028027658691692,
            0.5028027658691692
        ],
        "test_f1_micro": [
            0.9530294059601342,
            0.9530294059601342,
            0.9530294059601342,
            0.9530294059601342,
            0.9166033254156769,
            0.8933537591326891,
            0.8933537591326891,
            0.8933537591326891
        ],
        "test_f1_weighted": [
            0.9565919074037874,
            0.9565919074037874,
            0.9565919074037874,
            0.9565919074037874,
            0.9240386482542771,
            0.9017986760197043,
            0.9017986760197043,
            0.9017986760197043
        ],
        "cv_class_weights": [
            0.8086559772491455,
            0.8086559772491455,
            0.8086559772491455,
            0.8086559772491455,
            0.8068616986274719,
            0.9100958108901978,
            0.9100958108901978,
            0.9100958108901978
        ],
        "total_training_samples": [
            129714,
            129714,
            129714,
            129714,
            134718,
            135776,
            135776,
            135776
        ],
        "imbalance_ratio": [
            9.452377115229654,
            9.452377115229654,
            9.452377115229654,
            9.452377115229654,
            46.95152243589744,
            114.06219630709427,
            114.06219630709427,
            114.06219630709427
        ],
        "entropy": [
            0.31546799447249385,
            0.31546799447249385,
            0.31546799447249385,
            0.31546799447249385,
            0.49072858973452826,
            0.5277341214163044,
            0.5277341214163044,
            0.5277341214163044
        ],
        "test_precision_macro": [
            0.8391996662479518,
            0.8391996662479518,
            0.8391996662479518,
            0.8391996662479518,
            0.5960839115977026,
            0.4669755826145986,
            0.4669755826145986,
            0.4669755826145986
        ],
        "test_recall_macro": [
            0.9610977485906191,
            0.9610977485906191,
            0.9610977485906191,
            0.9610977485906191,
            0.723272923480039,
            0.5561378082430235,
            0.5561378082430235,
            0.5561378082430235
        ],
        "classification_reports": [
            {
                "0": {
                    "precision": 0.6816645918548817,
                    "recall": 0.9711173042817329,
                    "f1-score": 0.8010449320794149,
                    "support": 3947.0
                },
                "1": {
                    "precision": 0.996734740641022,
                    "recall": 0.9510781928995053,
                    "f1-score": 0.9733713742272944,
                    "support": 36589.0
                },
                "accuracy": 0.9530294059601342,
                "macro avg": {
                    "precision": 0.8391996662479518,
                    "recall": 0.9610977485906191,
                    "f1-score": 0.8872081531533547,
                    "support": 40536.0
                },
                "weighted avg": {
                    "precision": 0.9660562850149391,
                    "recall": 0.9530294059601342,
                    "f1-score": 0.9565919074037874,
                    "support": 40536.0
                }
            },
            {
                "0": {
                    "precision": 0.6816645918548817,
                    "recall": 0.9711173042817329,
                    "f1-score": 0.8010449320794149,
                    "support": 3947.0
                },
                "1": {
                    "precision": 0.996734740641022,
                    "recall": 0.9510781928995053,
                    "f1-score": 0.9733713742272944,
                    "support": 36589.0
                },
                "accuracy": 0.9530294059601342,
                "macro avg": {
                    "precision": 0.8391996662479518,
                    "recall": 0.9610977485906191,
                    "f1-score": 0.8872081531533547,
                    "support": 40536.0
                },
                "weighted avg": {
                    "precision": 0.9660562850149391,
                    "recall": 0.9530294059601342,
                    "f1-score": 0.9565919074037874,
                    "support": 40536.0
                }
            },
            {
                "0": {
                    "precision": 0.6816645918548817,
                    "recall": 0.9711173042817329,
                    "f1-score": 0.8010449320794149,
                    "support": 3947.0
                },
                "1": {
                    "precision": 0.996734740641022,
                    "recall": 0.9510781928995053,
                    "f1-score": 0.9733713742272944,
                    "support": 36589.0
                },
                "accuracy": 0.9530294059601342,
                "macro avg": {
                    "precision": 0.8391996662479518,
                    "recall": 0.9610977485906191,
                    "f1-score": 0.8872081531533547,
                    "support": 40536.0
                },
                "weighted avg": {
                    "precision": 0.9660562850149391,
                    "recall": 0.9530294059601342,
                    "f1-score": 0.9565919074037874,
                    "support": 40536.0
                }
            },
            {
                "0": {
                    "precision": 0.6816645918548817,
                    "recall": 0.9711173042817329,
                    "f1-score": 0.8010449320794149,
                    "support": 3947.0
                },
                "1": {
                    "precision": 0.996734740641022,
                    "recall": 0.9510781928995053,
                    "f1-score": 0.9733713742272944,
                    "support": 36589.0
                },
                "accuracy": 0.9530294059601342,
                "macro avg": {
                    "precision": 0.8391996662479518,
                    "recall": 0.9610977485906191,
                    "f1-score": 0.8872081531533547,
                    "support": 40536.0
                },
                "weighted avg": {
                    "precision": 0.9660562850149391,
                    "recall": 0.9530294059601342,
                    "f1-score": 0.9565919074037874,
                    "support": 40536.0
                }
            },
            {
                "0": {
                    "precision": 0.6814749000444247,
                    "recall": 0.7931747673216132,
                    "f1-score": 0.7330943847072879,
                    "support": 3868.0
                },
                "1": {
                    "precision": 0.9851039031185149,
                    "recall": 0.9434265334458631,
                    "f1-score": 0.9638148745619403,
                    "support": 36731.0
                },
                "2": {
                    "precision": 0.36724137931034484,