{
    "TabNet": {
        "filter_sizes": [
            12000,
            8000,
            6000,
            4500,
            3500,
            1500,
            1000,
            300
        ],
        "training_time_seconds": [
            2073.0739784240723,
            1442.9867224693298,
            873.82288646698,
            845.1985967159271,
            892.2073066234589,
            843.5428233146667,
            796.9913637638092,
            854.1956861019135
        ],
        "num_classes": [
            2,
            3,
            4,
            4,
            4,
            4,
            4,
            4
        ],
        "test_f1_macro": [
            0.7279966044268819,
            0.5972735877898465,
            0.4640032887296669,
            0.4640032887296669,
            0.4640032887296669,
            0.4640032887296669,
            0.4640032887296669,
            0.4640032887296669
        ],
        "test_f1_micro": [
            0.7385637883586894,
            0.6727263830099581,
            0.5756068819231676,
            0.5756068819231676,
            0.5756068819231676,
            0.5756068819231676,
            0.5756068819231676,
            0.5756068819231676
        ],
        "test_f1_weighted": [
            0.7409606127436437,
            0.6741654733488295,
            0.6092469392312222,
            0.6092469392312222,
            0.6092469392312222,
            0.6092469392312222,
            0.6092469392312222,
            0.6092469392312222
        ],
        "cv_class_weights": [
            0.23843058350100604,
            0.646885720771917,
            0.8713517036487163,
            0.8713517036487163,
            0.8713517036487163,
            0.8713517036487163,
            0.8713517036487163,
            0.8713517036487163
        ],
        "total_training_samples": [
            123256,
            130785,
            135776,
            135776,
            135776,
            135776,
            135776,
            135776
        ],
        "imbalance_ratio": [
            1.6261558784676353,
            10.128480509148767,
            15.292785571142284,
            15.292785571142284,
            15.292785571142284,
            15.292785571142284,
            15.292785571142284,
            15.292785571142284
        ],
        "entropy": [
            0.6644469726364333,
            0.8463502448999729,
            0.972979641872863,
            0.972979641872863,
            0.972979641872863,
            0.972979641872863,
            0.972979641872863,
            0.972979641872863
        ],
        "test_precision_macro": [
            0.7253725843681313,
            0.575295523582856,
            0.46140981547900006,
            0.46140981547900006,
            0.46140981547900006,
            0.46140981547900006,
            0.46140981547900006,
            0.46140981547900006
        ],
        "test_recall_macro": [
            0.7338096133802006,
            0.662800596134728,
            0.5306796984629079,
            0.5306796984629079,
            0.5306796984629079,
            0.5306796984629079,
            0.5306796984629079,
            0.5306796984629079
        ],
        "classification_reports": [
            {
                "0": {
                    "precision": 0.6388140161725068,
                    "recall": 0.714148746747021,
                    "f1-score": 0.6743840134514648,
                    "support": 14602.0
                },
                "1": {
                    "precision": 0.8119311525637559,
                    "recall": 0.7534704800133801,
                    "f1-score": 0.7816091954022989,
                    "support": 23916.0
                },
                "accuracy": 0.7385637883586894,
                "macro avg": {
                    "precision": 0.7253725843681313,
                    "recall": 0.7338096133802006,
                    "f1-score": 0.7279966044268819,
                    "support": 38518.0
                },
                "weighted avg": {
                    "precision": 0.7463032272928432,
                    "recall": 0.7385637883586894,
                    "f1-score": 0.7409606127436437,
                    "support": 38518.0
                }
            },
            {
                "0": {
                    "precision": 0.5970921636274027,
                    "recall": 0.494388900224444,
                    "f1-score": 0.5409085835472709,
                    "support": 14703.0
                },
                "1": {
                    "precision": 0.35551775462470764,
                    "recall": 0.7154471544715447,
                    "f1-score": 0.475,
                    "support": 2337.0
                },
                "2": {
                    "precision": 0.7732766524964575,
                    "recall": 0.7785657337081953,
                    "f1-score": 0.7759121798222687,
                    "support": 23831.0
                },
                "accuracy": 0.6727263830099581,
                "macro avg": {
                    "precision": 0.575295523582856,
                    "recall": 0.662800596134728,
                    "f1-score": 0.5972735877898465,
                    "support": 40871.0
                },
                "weighted avg": {
                    "precision": 0.686008342835133,
                    "recall": 0.6727263830099581,
                    "f1-score": 0.6741654733488295,
                    "support": 40871.0
                }
            },
            {
                "0": {
                    "precision": 0.5306218964294159,
                    "recall": 0.46106431066365317,
                    "f1-score": 0.49340369393139843,
                    "support": 14601.0
                },
                "1": {
                    "precision": 0.09450738563028825,
                    "recall": 0.42243589743589743,
                    "f1-score": 0.15445915856088127,
                    "support": 1560.0
                },
                "2": {
                    "precision": 0.4166920499543101,
                    "recall": 0.5846153846153846,
                    "f1-score": 0.4865730037346612,
                    "support": 2340.0
                },
                "3": {
                    "precision": 0.803817929901986,
                    "recall": 0.654603201136696,
                    "f1-score": 0.7215772986917266,
                    "support": 23929.0
                },
                "accuracy": 0.5756068819231676,
                "macro avg": {
                    "precision": 0.46140981547900006,
                    "recall": 0.5306796984629079,
                    "f1-score": 0.4640032887296669,
                    "support": 42430.0
                },
                "weighted avg": {
                    "precision": 0.6623771028250498,
                    "recall": 0.5756068819231676,
                    "f1-score": 0.6092469392312222,
                    "support": 42430.0
                }
            },
            {
                "0": {
                    "precision": 0.5306218964294159,
                    "recall": 0.46106431066365317,
                    "f1-score": 0.49340369393139843,
                    "support": 14601.0
                },
                "1": {
                    "precision": 0.09450738563028825,
                    "recall": 0.42243589743589743,
                    "f1-score": 0.15445915856088127,
                    "support": 1560.0
                },
                "2": {
                    "precision": 0.4166920499543101,
                    "recall": 0.5846153846153846,
                    "f1-score": 0.4865730037346612,
                    "support": 2340.0
                },
                "3": {
                    "precision": 0.803817929901986,
                    "recall": 0.654603201136696,
                    "f1-score": 0.7215772986917266,