{
    "AdvancedTabularClassifier": {
        "filter_sizes": [
            12000,
            8000,
            6000,
            4500,
            3500,
            1500,
            1000,
            300
        ],
        "training_time_seconds": [
            41.265623807907104,
            48.14882254600525,
            46.00850224494934,
            48.43988561630249,
            50.70956468582153,
            50.148791551589966,
            45.34432029724121,
            57.91625213623047
        ],
        "num_classes": [
            2,
            2,
            2,
            2,
            4,
            5,
            5,
            5
        ],
        "test_f1_macro": [
            0.8837254593083489,
            0.8933497324302986,
            0.8955294254398986,
            0.8873864387642485,
            0.6824794917537027,
            0.5508183862144781,
            0.5425695834268607,
            0.5338928351159529
        ],
        "test_f1_micro": [
            0.9586293664890467,
            0.9626504835208209,
            0.9624037892243932,
            0.9611949871718966,
            0.9358669833729216,
            0.9298609474428471,
            0.929884515672873,
            0.9288003770916804
        ],
        "test_f1_weighted": [
            0.9587283635079116,
            0.9624426406512264,
            0.9627048393326978,
            0.9606574534829724,
            0.9345946002469382,
            0.9262167444778635,
            0.9249198536416786,
            0.9226253163179003
        ],
        "cv_class_weights": [
            0.8090568481428373,
            0.8090568481428373,
            0.8090568481428373,
            0.8090568481428373,
            1.4376786915038213,
            1.6655763850201348,
            1.6655763850201348,
            1.6655763850201348
        ],
        "imbalance_ratio": [
            9.474321705426357,
            9.474321705426357,
            9.474321705426357,
            9.474321705426357,
            47.042502004811546,
            110.57964184731385,
            110.57964184731385,
            110.57964184731385
        ],
        "total_training_samples": [
            129714,
            129714,
            129714,
            129714,
            134718,
            135776,
            135776,
            135776
        ],
        "entropy": [
            0.3150175183558238,
            0.3150175183558238,
            0.3150175183558238,
            0.3150175183558238,
            0.4878513770286893,
            0.5297442692876037,
            0.5297442692876037,
            0.5297442692876037
        ],
        "test_precision_macro": [
            0.8819005261825148,
            0.8977919879475367,
            0.8893264522958846,
            0.8985177562313504,
            0.695717938065887,
            0.581241851015189,
            0.5872586995639244,
            0.5930165380062669
        ],
        "test_recall_macro": [
            0.8855735609185414,
            0.8890347629758477,
            0.9019999360237824,
            0.8770295597418081,
            0.6774953439915385,
            0.5541328003567776,
            0.5363842999017667,
            0.527820059267549
        ],
        "classification_reports": [
            {
                "0": {
                    "precision": 0.7861760318249627,
                    "recall": 0.7946720281477758,
                    "f1-score": 0.7904011998500188,
                    "support": 3979.0
                },
                "1": {
                    "precision": 0.9776250205400668,
                    "recall": 0.9764750936893071,
                    "f1-score": 0.977049718766679,
                    "support": 36557.0
                },
                "accuracy": 0.9586293664890467,
                "macro avg": {
                    "precision": 0.8819005261825148,
                    "recall": 0.8855735609185414,
                    "f1-score": 0.8837254593083489,
                    "support": 40536.0
                },
                "weighted avg": {
                    "precision": 0.9588324527954103,
                    "recall": 0.9586293664890467,
                    "f1-score": 0.9587283635079116,
                    "support": 40536.0
                }
            },
            {
                "0": {
                    "precision": 0.8175727905179078,
                    "recall": 0.7974365418446846,
                    "f1-score": 0.8073791348600509,
                    "support": 3979.0
                },
                "1": {
                    "precision": 0.9780111853771655,
                    "recall": 0.9806329841070109,
                    "f1-score": 0.9793203300005464,
                    "support": 36557.0
                },
                "accuracy": 0.9626504835208209,
                "macro avg": {
                    "precision": 0.8977919879475367,
                    "recall": 0.8890347629758477,
                    "f1-score": 0.8933497324302986,
                    "support": 40536.0
                },
                "weighted avg": {
                    "precision": 0.9622626069988107,
                    "recall": 0.9626504835208209,
                    "f1-score": 0.9624426406512264,
                    "support": 40536.0
                }
            },
            {
                "0": {
                    "precision": 0.7975757575757576,
                    "recall": 0.8268409148027143,
                    "f1-score": 0.8119447186574531,
                    "support": 3979.0
                },
                "1": {
                    "precision": 0.9810771470160117,
                    "recall": 0.9771589572448505,
                    "f1-score": 0.979114132222344,
                    "support": 36557.0
                },
                "accuracy": 0.9624037892243932,
                "macro avg": {
                    "precision": 0.8893264522958846,
                    "recall": 0.9019999360237824,
                    "f1-score": 0.8955294254398986,
                    "support": 40536.0
                },
                "weighted avg": {
                    "precision": 0.963064712918351,
                    "recall": 0.9624037892243932,
                    "f1-score": 0.9627048393326978,
                    "support": 40536.0
                }
            },
            {
                "0": {
                    "precision": 0.8216577540106952,
                    "recall": 0.772304599145514,
                    "f1-score": 0.7962171265707993,
                    "support": 3979.0
                },
                "1": {
                    "precision": 0.9753777584520057,
                    "recall": 0.9817545203381022,
                    "f1-score": 0.9785557509576978,
                    "support": 36557.0
                },
                "accuracy": 0.9611949871718966,
                "macro avg": {
                    "precision": 0.8985177562313504,
                    "recall": 0.8770295597418081,
                    "f1-score": 0.8873864387642485,
                    "support": 40536.0
                },
                "weighted avg": {
                    "precision": 0.9602886549965101,
                    "recall": 0.9611949871718966,
                    "f1-score": 0.9606574534829724,
                    "support": 40536.0
                }
            },
            {
                "0": {
                    "precision": 0.7058962822637935,
                    "recall": 0.7520181634712412,
                    "f1-score": 0.728227678026139,
                    "support": 3964.0
                },
                "1": {
                    "precision": 0.9754336050774197,
                    "recall": 0.9751668307624987,
                    "f1-score": 0.975300199677234,
                    "support": 36564.0
                },
                "2": {
                    "precision": 0.42314990512333966,