{
    "AdvancedTabularClassifier": {
        "filter_sizes": [
            12000,
            8000,
            6000,
            4500,
            3500,
            1500,
            1000,
            300
        ],
        "training_time_seconds": [
            41.283652544021606,
            45.268819093704224,
            50.94812297821045,
            43.961366176605225,
            43.13991665840149,
            45.43421530723572,
            43.52634334564209,
            44.298017501831055
        ],
        "num_classes": [
            2,
            3,
            4,
            4,
            4,
            4,
            4,
            4
        ],
        "test_f1_macro": [
            0.7089873563921424,
            0.611165398142638,
            0.46527440315256907,
            0.41524152949867116,
            0.4511707784480339,
            0.4531253304771852,
            0.4115588062871993,
            0.4673444839669349
        ],
        "test_f1_micro": [
            0.7177163923360507,
            0.6730933914022167,
            0.5833608296016969,
            0.5303087438133396,
            0.5684657082253123,
            0.5468772095215649,
            0.5397124675936837,
            0.5767617251944379
        ],
        "test_f1_weighted": [
            0.7212140258359857,
            0.6797973392375104,
            0.6131632901062266,
            0.5673312749991362,
            0.6015124172865068,
            0.5908218155540566,
            0.5725187326066956,
            0.6042667468278208
        ],
        "cv_class_weights": [
            0.24032907120140196,
            0.6458671146562117,
            0.8710055356793707,
            0.8710055356793707,
            0.8710055356793707,
            0.8710055356793707,
            0.8710055356793707,
            0.8710055356793707
        ],
        "imbalance_ratio": [
            1.6254845993268863,
            10.114982116836668,
            15.160732046946489,
            15.160732046946489,
            15.160732046946489,
            15.160732046946489,
            15.160732046946489,
            15.160732046946489
        ],
        "total_training_samples": [
            123256,
            130785,
            135776,
            135776,
            135776,
            135776,
            135776,
            135776
        ],
        "entropy": [
            0.9579257329734095,
            0.770805321463002,
            0.7022221884797288,
            0.7022221884797288,
            0.7022221884797288,
            0.7022221884797288,
            0.7022221884797288,
            0.7022221884797288
        ],
        "test_precision_macro": [
            0.7073606179425384,
            0.5854029422503143,
            0.45812563267192685,
            0.4254375614718,
            0.44183796856520297,
            0.46570525567646787,
            0.41862944786146317,
            0.456203631991068
        ],
        "test_recall_macro": [
            0.7179528953950831,
            0.6669378967137302,
            0.5396800491302663,
            0.5233067017019833,
            0.5346217699591801,
            0.5278775550585576,
            0.5210886703021501,
            0.5313369444916758
        ],
        "classification_reports": [
            {
                "0": {
                    "precision": 0.6075898030127462,
                    "recall": 0.7189278124357305,
                    "f1-score": 0.6585863660627375,
                    "support": 14587.0
                },
                "1": {
                    "precision": 0.8071314328723305,
                    "recall": 0.7169779783544357,
                    "f1-score": 0.7593883467215473,
                    "support": 23931.0
                },
                "accuracy": 0.7177163923360507,
                "macro avg": {
                    "precision": 0.7073606179425384,
                    "recall": 0.7179528953950831,
                    "f1-score": 0.7089873563921424,
                    "support": 38518.0
                },
                "weighted avg": {
                    "precision": 0.7315638085210725,
                    "recall": 0.7177163923360507,
                    "f1-score": 0.7212140258359857,
                    "support": 38518.0
                }
            },
            {
                "0": {
                    "precision": 0.5787792052186647,
                    "recall": 0.5926254089422028,
                    "f1-score": 0.585620474827412,
                    "support": 14672.0
                },
                "1": {
                    "precision": 0.3830500359109409,
                    "recall": 0.6869901245169601,
                    "f1-score": 0.49185367353212417,
                    "support": 2329.0
                },
                "2": {
                    "precision": 0.7943795856213373,
                    "recall": 0.7211981566820277,
                    "f1-score": 0.756022046068378,
                    "support": 23870.0
                },
                "accuracy": 0.6730933914022167,
                "macro avg": {
                    "precision": 0.5854029422503143,
                    "recall": 0.6669378967137302,
                    "f1-score": 0.611165398142638,
                    "support": 40871.0
                },
                "weighted avg": {
                    "precision": 0.6935434107652406,
                    "recall": 0.6730933914022167,
                    "f1-score": 0.6797973392375104,
                    "support": 40871.0
                }
            },
            {
                "0": {
                    "precision": 0.5652942662288457,
                    "recall": 0.4604938271604938,
                    "f1-score": 0.5075405374759043,
                    "support": 14580.0
                },
                "1": {
                    "precision": 0.09670909655386525,
                    "recall": 0.4117647058823529,
                    "f1-score": 0.15663104965430547,
                    "support": 1513.0
                },
                "2": {
                    "precision": 0.3886152162014231,
                    "recall": 0.6214442013129103,
                    "f1-score": 0.4781949823202559,
                    "support": 2285.0
                },
                "3": {
                    "precision": 0.7818839517035734,
                    "recall": 0.6650174621653085,
                    "f1-score": 0.7187310431598104,
                    "support": 24052.0
                },
                "accuracy": 0.5833608296016969,
                "macro avg": {
                    "precision": 0.45812563267192685,
                    "recall": 0.5396800491302663,
                    "f1-score": 0.46527440315256907,
                    "support": 42430.0
                },
                "weighted avg": {
                    "precision": 0.661847038418505,
                    "recall": 0.5833608296016969,
                    "f1-score": 0.6131632901062266,
                    "support": 42430.0
                }
            },
            {
                "0": {
                    "precision": 0.5420840529648819,
                    "recall": 0.32290809327846365,
                    "f1-score": 0.40472813238770683,
                    "support": 14580.0
                },
                "1": {
                    "precision": 0.0813555454130534,
                    "recall": 0.4712491738268341,
                    "f1-score": 0.13875644643378418,
                    "support": 1513.0
                },
                "2": {
                    "precision": 0.29889447236180905,
                    "recall": 0.650765864332604,
                    "f1-score": 0.4096418732782369,
                    "support": 2285.0
                },
                "3": {
                    "precision": 0.7794161751474558,
                    "recall": 0.6483036753700316,
                    "f1-score": 0.7078396658949566,