{
    "AdvancedTabularClassifier": {
        "filter_sizes": [
            12000,
            8000,
            6000,
            4500,
            3500,
            1500,
            1000,
            300
        ],
        "training_time_seconds": [
            37.92686176300049,
            45.987746715545654,
            54.03418326377869,
            59.65591549873352,
            44.14621138572693,
            45.482666015625,
            43.575297832489014,
            44.49358868598938
        ],
        "num_classes": [
            2,
            2,
            2,
            2,
            4,
            5,
            5,
            5
        ],
        "test_f1_macro": [
            0.8569347646676518,
            0.8895469448947873,
            0.8761286736705038,
            0.878553326702328,
            0.5850379634676975,
            0.46293958511214617,
            0.43731722737449125,
            0.46938927463028
        ],
        "test_f1_micro": [
            0.9378330373001776,
            0.955595026642984,
            0.9484902309058615,
            0.9496496940990724,
            0.8501187648456057,
            0.8262785764789065,
            0.8026867782229554,
            0.8426349281168984
        ],
        "test_f1_weighted": [
            0.9433957556073022,
            0.9581909315978038,
            0.9522178484046553,
            0.9532325934136335,
            0.8736645416716953,
            0.8592500675755087,
            0.8408226648788422,
            0.8696140825736203
        ],
        "cv_class_weights": [
            0.8093806374022849,
            0.8093806374022849,
            0.8093806374022849,
            0.8093806374022849,
            1.4381176018614705,
            1.66660957416951,
            1.66660957416951,
            1.66660957416951
        ],
        "imbalance_ratio": [
            9.474321705426357,
            9.474321705426357,
            9.474321705426357,
            9.474321705426357,
            47.042502004811546,
            110.57964184731385,
            110.57964184731385,
            110.57964184731385
        ],
        "total_training_samples": [
            129714,
            129714,
            129714,
            129714,
            134718,
            135776,
            135776,
            135776
        ],
        "entropy": [
            0.3150175183558238,
            0.3150175183558238,
            0.3150175183558238,
            0.3150175183558238,
            0.4878513770286893,
            0.5297442692876037,
            0.5297442692876037,
            0.5297442692876037
        ],
        "test_precision_macro": [
            0.8069652113446548,
            0.8505186603057961,
            0.8312800002770544,
            0.8340084417626721,
            0.5161552227823556,
            0.41092408529413404,
            0.38613778077413075,
            0.420757365878182
        ],
        "test_recall_macro": [
            0.9417929990149958,
            0.9435778983631018,
            0.9438941770938014,
            0.945320885932707,
            0.746171428406494,
            0.613018527741809,
            0.6045588169918139,
            0.5983597242015424
        ],
        "classification_reports": [
            {
                "0": {
                    "precision": 0.620082304526749,
                    "recall": 0.9467202814777582,
                    "f1-score": 0.7493534911478019,
                    "support": 3979.0
                },
                "1": {
                    "precision": 0.9938481181625606,
                    "recall": 0.9368657165522335,
                    "f1-score": 0.9645160381875018,
                    "support": 36557.0
                },
                "accuracy": 0.9378330373001776,
                "macro avg": {
                    "precision": 0.8069652113446548,
                    "recall": 0.9417929990149958,
                    "f1-score": 0.8569347646676518,
                    "support": 40536.0
                },
                "weighted avg": {
                    "precision": 0.9571593927713801,
                    "recall": 0.9378330373001776,
                    "f1-score": 0.9433957556073022,
                    "support": 40536.0
                }
            },
            {
                "0": {
                    "precision": 0.7090769526002687,
                    "recall": 0.9286252827343554,
                    "f1-score": 0.8041349292709467,
                    "support": 3979.0
                },
                "1": {
                    "precision": 0.9919603680113235,
                    "recall": 0.9585305139918483,
                    "f1-score": 0.9749589605186277,
                    "support": 36557.0
                },
                "accuracy": 0.955595026642984,
                "macro avg": {
                    "precision": 0.8505186603057961,
                    "recall": 0.9435778983631018,
                    "f1-score": 0.8895469448947873,
                    "support": 40536.0
                },
                "weighted avg": {
                    "precision": 0.964192627979732,
                    "recall": 0.955595026642984,
                    "f1-score": 0.9581909315978038,
                    "support": 40536.0
                }
            },
            {
                "0": {
                    "precision": 0.6695964125560538,
                    "recall": 0.9381754209600403,
                    "f1-score": 0.781452794640988,
                    "support": 3979.0
                },
                "1": {
                    "precision": 0.992963587998055,
                    "recall": 0.9496129332275625,
                    "f1-score": 0.9708045527000195,
                    "support": 36557.0
                },
                "accuracy": 0.9484902309058615,
                "macro avg": {
                    "precision": 0.8312800002770544,
                    "recall": 0.9438941770938014,
                    "f1-score": 0.8761286736705038,
                    "support": 40536.0
                },
                "weighted avg": {
                    "precision": 0.9612219758240931,
                    "recall": 0.9484902309058615,
                    "f1-score": 0.9522178484046553,
                    "support": 40536.0
                }
            },
            {
                "0": {
                    "precision": 0.6748466257668712,
                    "recall": 0.9399346569489822,
                    "f1-score": 0.785631761369604,
                    "support": 3979.0
                },
                "1": {
                    "precision": 0.9931702577584729,
                    "recall": 0.9507071149164319,
                    "f1-score": 0.9714748920350519,
                    "support": 36557.0
                },
                "accuracy": 0.9496496940990724,
                "macro avg": {
                    "precision": 0.8340084417626721,
                    "recall": 0.945320885932707,
                    "f1-score": 0.878553326702328,
                    "support": 40536.0
                },
                "weighted avg": {
                    "precision": 0.9619237180975645,
                    "recall": 0.9496496940990724,
                    "f1-score": 0.9532325934136335,
                    "support": 40536.0
                }
            },
            {
                "0": {
                    "precision": 0.4246358454718176,
                    "recall": 0.6765893037336024,
                    "f1-score": 0.5217898832684825,
                    "support": 3964.0
                },
                "1": {
                    "precision": 0.9935696312633966,
                    "recall": 0.8747401815993874,
                    "f1-score": 0.930375972656534,
                    "support": 36564.0
                },
                "2": {
                    "precision": 0.25602700096432013,