{
    "AdvancedTabularClassifier": {
        "filter_sizes": [
            12000,
            8000,
            6000,
            4500,
            3500,
            1500,
            1000,
            300
        ],
        "training_time_seconds": [
            43.334136962890625,
            33.34936332702637,
            38.70166492462158,
            43.139031410217285,
            32.2685170173645,
            39.31282424926758,
            32.67108345031738,
            48.98847770690918
        ],
        "num_classes": [
            2,
            2,
            2,
            2,
            4,
            5,
            5,
            5
        ],
        "test_f1_macro": [
            0.8773518300873069,
            0.8570013980097749,
            0.8681643485888625,
            0.8727527943172684,
            0.5869452983971826,
            0.463595623001802,
            0.4445579456004884,
            0.5066435182259925
        ],
        "test_f1_micro": [
            0.9487862640615748,
            0.9375863430037498,
            0.9444691138740873,
            0.9460726268008683,
            0.8691923990498812,
            0.8194202215413623,
            0.8099222248409145,
            0.8682064576950271
        ],
        "test_f1_weighted": [
            0.9525778124384093,
            0.943274692062148,
            0.9487719118516807,
            0.9503807924534634,
            0.88974616769606,
            0.8540867782094517,
            0.8482828403520171,
            0.8887996974058311
        ],
        "cv_class_weights": [
            0.8090568780899048,
            0.8090568780899048,
            0.8090568780899048,
            0.8090568780899048,
            0.8076451420783997,
            0.9004793763160706,
            0.9004793763160706,
            0.9004793763160706
        ],
        "imbalance_ratio": [
            9.474321705426357,
            9.474321705426357,
            9.474321705426357,
            9.474321705426357,
            47.042502004811546,
            110.57964184731385,
            110.57964184731385,
            110.57964184731385
        ],
        "total_training_samples": [
            129714,
            129714,
            129714,
            129714,
            134718,
            135776,
            135776,
            135776
        ],
        "entropy": [
            0.3150175183558238,
            0.3150175183558238,
            0.3150175183558238,
            0.3150175183558238,
            0.4878513770286893,
            0.5297442692876037,
            0.5297442692876037,
            0.5297442692876037
        ],
        "test_precision_macro": [
            0.8315304178753378,
            0.8063481148343763,
            0.8218746325141975,
            0.8247385930123099,
            0.5268084045327911,
            0.4147328095983388,
            0.3999456039363988,
            0.45421861482451276
        ],
        "test_recall_macro": [
            0.9473057951762963,
            0.9440078575939719,
            0.94054495747888,
            0.9489368037408805,
            0.7516732138805627,
            0.6060474951381434,
            0.5935876513864888,
            0.6320066340016403
        ],
        "classification_reports": [
            {
                "0": {
                    "precision": 0.6692759295499021,
                    "recall": 0.9454636843427997,
                    "f1-score": 0.78375,
                    "support": 3979.0
                },
                "1": {
                    "precision": 0.9937849062007733,
                    "recall": 0.9491479060097929,
                    "f1-score": 0.9709536601746138,
                    "support": 36557.0
                },
                "accuracy": 0.9487862640615748,
                "macro avg": {
                    "precision": 0.8315304178753378,
                    "recall": 0.9473057951762963,
                    "f1-score": 0.8773518300873069,
                    "support": 40536.0
                },
                "weighted avg": {
                    "precision": 0.9619312152077347,
                    "recall": 0.9487862640615748,
                    "f1-score": 0.9525778124384093,
                    "support": 40536.0
                }
            },
            {
                "0": {
                    "precision": 0.6182471029867799,
                    "recall": 0.951997989444584,
                    "f1-score": 0.7496536710864833,
                    "support": 3979.0
                },
                "1": {
                    "precision": 0.9944491266819727,
                    "recall": 0.9360177257433597,
                    "f1-score": 0.9643491249330666,
                    "support": 36557.0
                },
                "accuracy": 0.9375863430037498,
                "macro avg": {
                    "precision": 0.8063481148343763,
                    "recall": 0.9440078575939719,
                    "f1-score": 0.8570013980097749,
                    "support": 40536.0
                },
                "weighted avg": {
                    "precision": 0.9575212637383382,
                    "recall": 0.9375863430037498,
                    "f1-score": 0.943274692062148,
                    "support": 40536.0
                }
            },
            {
                "0": {
                    "precision": 0.6511017838405037,
                    "recall": 0.9356622266901231,
                    "f1-score": 0.7678663504176549,
                    "support": 3979.0
                },
                "1": {
                    "precision": 0.9926474811878914,
                    "recall": 0.9454276882676368,
                    "f1-score": 0.96846234676007,
                    "support": 36557.0
                },
                "accuracy": 0.9444691138740873,
                "macro avg": {
                    "precision": 0.8218746325141975,
                    "recall": 0.94054495747888,
                    "f1-score": 0.8681643485888625,
                    "support": 40536.0
                },
                "weighted avg": {
                    "precision": 0.9591214714744204,
                    "recall": 0.9444691138740873,
                    "f1-score": 0.9487719118516807,
                    "support": 40536.0
                }
            },
            {
                "0": {
                    "precision": 0.6549161914636253,
                    "recall": 0.9525006282985675,
                    "f1-score": 0.7761621953716977,
                    "support": 3979.0
                },
                "1": {
                    "precision": 0.9945609945609946,
                    "recall": 0.9453729791831934,
                    "f1-score": 0.969343393262839,
                    "support": 36557.0
                },
                "accuracy": 0.9460726268008683,
                "macro avg": {
                    "precision": 0.8247385930123099,
                    "recall": 0.9489368037408805,
                    "f1-score": 0.8727527943172684,
                    "support": 40536.0
                },
                "weighted avg": {
                    "precision": 0.9612215759818444,
                    "recall": 0.9460726268008683,
                    "f1-score": 0.9503807924534634,
                    "support": 40536.0
                }
            },
            {
                "0": {
                    "precision": 0.5424610051993067,
                    "recall": 0.6316851664984864,
                    "f1-score": 0.5836829836829837,
                    "support": 3964.0
                },
                "1": {
                    "precision": 0.9909129205030992,
                    "recall": 0.9006673230499945,
                    "f1-score": 0.9436373535058311,
                    "support": 36564.0
                },
                "2": {
                    "precision": 0.21799844840961985,