{
    "AdvancedTabularClassifier": {
        "filter_sizes": [
            12000,
            8000,
            6000,
            4500,
            3500,
            1500,
            1000,
            300
        ],
        "training_time_seconds": [
            80.63627529144287,
            219.8133246898651,
            126.77388191223145,
            26.140454053878784,
            28.178873538970947,
            24.799341917037964,
            23.170621871948242,
            28.955920934677124
        ],
        "num_classes": [
            2,
            2,
            2,
            3,
            3,
            3,
            3,
            4
        ],
        "test_f1_macro": [
            0.9997818192808872,
            0.9998129934831446,
            0.9998129934831446,
            0.8121157627393981,
            0.771315189948401,
            0.7815987093381457,
            0.7868817529238252,
            0.6536731079634724
        ],
        "test_f1_micro": [
            0.9998308851952068,
            0.9998550444530344,
            0.9998550444530344,
            0.9586307975982223,
            0.9321072289726254,
            0.9398846390241596,
            0.9439033615431894,
            0.9286118312514731
        ],
        "test_f1_weighted": [
            0.9998308826955423,
            0.9998550444530344,
            0.9998550444530344,
            0.9670789068056501,
            0.9503538854752884,
            0.9554679821037516,
            0.957943076435218,
            0.9464836973898008
        ],
        "cv_class_weights": [
            0.4677548408508301,
            0.4677548408508301,
            0.4677548408508301,
            1.200628638267517,
            1.200628638267517,
            1.200628638267517,
            1.200628638267517,
            1.4263921976089478
        ],
        "imbalance_ratio": [
            2.7576668841669267,
            2.7576668841669267,
            2.7576668841669267,
            33.36020583190395,
            33.36020583190395,
            33.36020583190395,
            33.36020583190395,
            235.11352657004832
        ],
        "total_training_samples": [
            132454,
            132454,
            132454,
            135364,
            135364,
            135364,
            135364,
            135776
        ],
        "entropy": [
            0.5793640140080556,
            0.5793640140080556,
            0.5793640140080556,
            0.6705127663073001,
            0.6705127663073001,
            0.6705127663073001,
            0.6705127663073001,
            0.6877410771768522
        ],
        "test_precision_macro": [
            0.9997965948939738,
            0.9998129934831446,
            0.9998129934831446,
            0.7724054058530502,
            0.7407616546147361,
            0.7479823630264946,
            0.7519459143795119,
            0.6041233167178631
        ],
        "test_recall_macro": [
            0.9997670460470115,
            0.9998129934831446,
            0.9998129934831446,
            0.9269265204208738,
            0.9357376766110095,
            0.9362742806939893,
            0.9333662924817908,
            0.9042589194762377
        ],
        "classification_reports": [
            {
                "0": {
                    "precision": 0.999868899741077,
                    "recall": 0.9999016715830875,
                    "f1-score": 0.999885285393553,
                    "support": 30510.0
                },
                "1": {
                    "precision": 0.9997242900468707,
                    "recall": 0.9996324205109355,
                    "f1-score": 0.9996783531682213,
                    "support": 10882.0
                },
                "accuracy": 0.9998308851952068,
                "macro avg": {
                    "precision": 0.9997965948939738,
                    "recall": 0.9997670460470115,
                    "f1-score": 0.9997818192808872,
                    "support": 41392.0
                },
                "weighted avg": {
                    "precision": 0.9998308817015438,
                    "recall": 0.9998308851952068,
                    "f1-score": 0.9998308826955423,
                    "support": 41392.0
                }
            },
            {
                "0": {
                    "precision": 0.9999016715830875,
                    "recall": 0.9999016715830875,
                    "f1-score": 0.9999016715830875,
                    "support": 30510.0
                },
                "1": {
                    "precision": 0.9997243153832016,
                    "recall": 0.9997243153832016,
                    "f1-score": 0.9997243153832016,
                    "support": 10882.0
                },
                "accuracy": 0.9998550444530344,
                "macro avg": {
                    "precision": 0.9998129934831446,
                    "recall": 0.9998129934831446,
                    "f1-score": 0.9998129934831446,
                    "support": 41392.0
                },
                "weighted avg": {
                    "precision": 0.9998550444530344,
                    "recall": 0.9998550444530344,
                    "f1-score": 0.9998550444530344,
                    "support": 41392.0
                }
            },
            {
                "0": {
                    "precision": 0.9999016715830875,
                    "recall": 0.9999016715830875,
                    "f1-score": 0.9999016715830875,
                    "support": 30510.0
                },
                "1": {
                    "precision": 0.9997243153832016,
                    "recall": 0.9997243153832016,
                    "f1-score": 0.9997243153832016,
                    "support": 10882.0
                },
                "accuracy": 0.9998550444530344,
                "macro avg": {
                    "precision": 0.9998129934831446,
                    "recall": 0.9998129934831446,
                    "f1-score": 0.9998129934831446,
                    "support": 41392.0
                },
                "weighted avg": {
                    "precision": 0.9998550444530344,
                    "recall": 0.9998550444530344,
                    "f1-score": 0.9998550444530344,
                    "support": 41392.0
                }
            },
            {
                "0": {
                    "precision": 0.3244406196213425,
                    "recall": 0.834070796460177,
                    "f1-score": 0.46716232961586124,
                    "support": 904.0
                },
                "1": {
                    "precision": 0.9944203347799132,
                    "recall": 0.9478971732492859,
                    "f1-score": 0.9706015833795573,
                    "support": 30459.0
                },
                "2": {
                    "precision": 0.9983552631578947,
                    "recall": 0.9988115915531585,
                    "f1-score": 0.9985833752227756,
                    "support": 10939.0
                },
                "accuracy": 0.9586307975982223,
                "macro avg": {
                    "precision": 0.7724054058530502,
                    "recall": 0.9269265204208738,
                    "f1-score": 0.8121157627393981,
                    "support": 42302.0
                },
                "weighted avg": {
                    "precision": 0.9811203139540278,
                    "recall": 0.9586307975982223,
                    "f1-score": 0.9670789068056501,
                    "support": 42302.0
                }
            },
            {
                "0": {
                    "precision": 0.2294018058690745,
                    "recall": 0.8993362831858407,
                    "f1-score": 0.36555755395683454,
                    "support": 904.0
                },
                "1": {
                    "precision": 0.9962584544538783,