{
    "AdvancedTabularClassifier": {
        "filter_sizes": [
            12000,
            8000,
            6000,
            4500,
            3500,
            1500,
            1000,
            300
        ],
        "training_time_seconds": [
            42.748969078063965,
            44.35409355163574,
            51.955689668655396,
            44.71129584312439,
            47.18425178527832,
            51.13183307647705,
            48.119404792785645,
            46.7226939201355
        ],
        "num_classes": [
            2,
            2,
            2,
            2,
            4,
            5,
            5,
            5
        ],
        "test_f1_macro": [
            0.8664983136938671,
            0.8772126170189782,
            0.8697232121666778,
            0.8637319747744199,
            0.5601147395124102,
            0.4911510026056405,
            0.46935948946357575,
            0.4610464923837897
        ],
        "test_f1_micro": [
            0.943112295243734,
            0.9493536609433589,
            0.9446911387408723,
            0.9420761791987369,
            0.8496674584323041,
            0.8570822531227905,
            0.8276455338204101,
            0.8229790242752769
        ],
        "test_f1_weighted": [
            0.9477777943155802,
            0.9528526327561117,
            0.9491477686523399,
            0.9467713257548794,
            0.8761353607373094,
            0.880747870652752,
            0.8583259947536407,
            0.8572503151887889
        ],
        "cv_class_weights": [
            0.8090568780899048,
            0.8090568780899048,
            0.8090568780899048,
            0.8090568780899048,
            0.8076450824737549,
            0.9004793167114258,
            0.9004793167114258,
            0.9004793167114258
        ],
        "imbalance_ratio": [
            9.474321705426357,
            9.474321705426357,
            9.474321705426357,
            9.474321705426357,
            47.042502004811546,
            110.57964184731385,
            110.57964184731385,
            110.57964184731385
        ],
        "total_training_samples": [
            129714,
            129714,
            129714,
            129714,
            134718,
            135776,
            135776,
            135776
        ],
        "entropy": [
            0.3150175183558238,
            0.3150175183558238,
            0.3150175183558238,
            0.3150175183558238,
            0.4878513770286893,
            0.5297442692876037,
            0.5297442692876037,
            0.5297442692876037
        ],
        "test_precision_macro": [
            0.8183655624389162,
            0.833874429685627,
            0.8218002191417388,
            0.8164041437574865,
            0.501560040426221,
            0.4383318761465434,
            0.4135456062752157,
            0.41199887021529513
        ],
        "test_recall_macro": [
            0.9440480403784117,
            0.9413493556382871,
            0.9461551925957421,
            0.9395542095082807,
            0.7574885114143015,
            0.6245743883858621,
            0.617760738045637,
            0.6121053055668996
        ],
        "classification_reports": [
            {
                "0": {
                    "precision": 0.6430159001538724,
                    "recall": 0.945212364915808,
                    "f1-score": 0.7653642653642654,
                    "support": 3979.0
                },
                "1": {
                    "precision": 0.99371522472396,
                    "recall": 0.9428837158410154,
                    "f1-score": 0.9676323620234687,
                    "support": 36557.0
                },
                "accuracy": 0.943112295243734,
                "macro avg": {
                    "precision": 0.8183655624389162,
                    "recall": 0.9440480403784117,
                    "f1-score": 0.8664983136938671,
                    "support": 40536.0
                },
                "weighted avg": {
                    "precision": 0.95929069806952,
                    "recall": 0.943112295243734,
                    "f1-score": 0.9477777943155802,
                    "support": 40536.0
                }
            },
            {
                "0": {
                    "precision": 0.6755377324097703,
                    "recall": 0.9313897964312642,
                    "f1-score": 0.783095615425251,
                    "support": 3979.0
                },
                "1": {
                    "precision": 0.9922111269614836,
                    "recall": 0.9513089148453101,
                    "f1-score": 0.9713296186127055,
                    "support": 36557.0
                },
                "accuracy": 0.9493536609433589,
                "macro avg": {
                    "precision": 0.833874429685627,
                    "recall": 0.9413493556382871,
                    "f1-score": 0.8772126170189782,
                    "support": 40536.0
                },
                "weighted avg": {
                    "precision": 0.9611265740474992,
                    "recall": 0.9493536609433589,
                    "f1-score": 0.9528526327561117,
                    "support": 40536.0
                }
            },
            {
                "0": {
                    "precision": 0.6495608748062683,
                    "recall": 0.9479768786127167,
                    "f1-score": 0.7708972000817494,
                    "support": 3979.0
                },
                "1": {
                    "precision": 0.9940395634772092,
                    "recall": 0.9443335065787674,
                    "f1-score": 0.9685492242516062,
                    "support": 36557.0
                },
                "accuracy": 0.9446911387408723,
                "macro avg": {
                    "precision": 0.8218002191417388,
                    "recall": 0.9461551925957421,
                    "f1-score": 0.8697232121666778,
                    "support": 40536.0
                },
                "weighted avg": {
                    "precision": 0.9602256523310262,
                    "recall": 0.9446911387408723,
                    "f1-score": 0.9491477686523399,
                    "support": 40536.0
                }
            },
            {
                "0": {
                    "precision": 0.6400962034014774,
                    "recall": 0.9364161849710982,
                    "f1-score": 0.7604081632653061,
                    "support": 3979.0
                },
                "1": {
                    "precision": 0.9927120841134957,
                    "recall": 0.9426922340454632,
                    "f1-score": 0.9670557862835335,
                    "support": 36557.0
                },
                "accuracy": 0.9420761791987369,
                "macro avg": {
                    "precision": 0.8164041437574865,
                    "recall": 0.9395542095082807,
                    "f1-score": 0.8637319747744199,
                    "support": 40536.0
                },
                "weighted avg": {
                    "precision": 0.9580994289587412,
                    "recall": 0.9420761791987369,
                    "f1-score": 0.9467713257548794,
                    "support": 40536.0
                }
            },
            {
                "0": {
                    "precision": 0.5171453064723532,
                    "recall": 0.608728557013118,
                    "f1-score": 0.5592120509849363,
                    "support": 3964.0
                },
                "1": {
                    "precision": 0.9918240157966185,
                    "recall": 0.8791981183677935,
                    "f1-score": 0.9321213175597309,
                    "support": 36564.0
                },
                "2": {
                    "precision": 0.20516304347826086,