{
    "AdvancedTabularClassifier": {
        "filter_sizes": [
            12000,
            8000,
            6000,
            4500,
            3500,
            1500,
            1000,
            300
        ],
        "training_time_seconds": [
            44.25478482246399,
            155.18776059150696,
            44.916386127471924,
            26.745458602905273,
            27.92931342124939,
            28.46036696434021,
            26.455107927322388,
            28.943434715270996
        ],
        "num_classes": [
            2,
            2,
            2,
            3,
            3,
            3,
            3,
            4
        ],
        "test_f1_macro": [
            0.9997506432351189,
            0.9998753216175595,
            0.9997818321790737,
            0.863804475147119,
            0.8701993353742136,
            0.8711700185911049,
            0.8704609919074814,
            0.7914109123466216
        ],
        "test_f1_micro": [
            0.9998067259373792,
            0.9999033629686896,
            0.9998308851952068,
            0.9858635525507068,
            0.9854616802988039,
            0.9848470521488346,
            0.9857217152853293,
            0.9819231675701154
        ],
        "test_f1_weighted": [
            0.9998067202234003,
            0.9999033601117002,
            0.9998308876944689,
            0.984306891572721,
            0.9844978351245154,
            0.9838856331189703,
            0.9846559423382027,
            0.9819723342740356
        ],
        "cv_class_weights": [
            0.0,
            0.0,
            0.0,
            0.0,
            0.0,
            0.0,
            0.0,
            0.0
        ],
        "imbalance_ratio": [
            2.7576668841669267,
            2.7576668841669267,
            2.7576668841669267,
            33.36020583190395,
            33.36020583190395,
            33.36020583190395,
            33.36020583190395,
            235.11352657004832
        ],
        "total_training_samples": [
            132454,
            132454,
            132454,
            135364,
            135364,
            135364,
            135364,
            135776
        ],
        "entropy": [
            0.5793640140080556,
            0.5793640140080556,
            0.5793640140080556,
            0.6705127663073001,
            0.6705127663073001,
            0.6705127663073001,
            0.6705127663073001,
            0.6877410771768522
        ],
        "test_precision_macro": [
            0.9997801973765384,
            0.9999048831318054,
            0.9997670613233289,
            0.9221549152851893,
            0.9024376752248302,
            0.9043885433920327,
            0.907736967114006,
            0.7946974207167397
        ],
        "test_recall_macro": [
            0.9997210986108784,
            0.9998457696221155,
            0.9997966054136591,
            0.8280405081513548,
            0.8461602331432396,
            0.8464803811939482,
            0.843639399941972,
            0.7886477793064801
        ],
        "classification_reports": [
            {
                "0": {
                    "precision": 0.9998361300471945,
                    "recall": 0.9999016715830875,
                    "f1-score": 0.999868899741077,
                    "support": 30510.0
                },
                "1": {
                    "precision": 0.9997242647058824,
                    "recall": 0.9995405256386694,
                    "f1-score": 0.9996323867291609,
                    "support": 10882.0
                },
                "accuracy": 0.9998067259373792,
                "macro avg": {
                    "precision": 0.9997801973765384,
                    "recall": 0.9997210986108784,
                    "f1-score": 0.9997506432351189,
                    "support": 41392.0
                },
                "weighted avg": {
                    "precision": 0.999806720532212,
                    "recall": 0.9998067259373792,
                    "f1-score": 0.9998067202234003,
                    "support": 41392.0
                }
            },
            {
                "0": {
                    "precision": 0.9999016780283168,
                    "recall": 0.9999672238610292,
                    "f1-score": 0.9999344498705385,
                    "support": 30510.0
                },
                "1": {
                    "precision": 0.9999080882352941,
                    "recall": 0.9997243153832016,
                    "f1-score": 0.9998161933645805,
                    "support": 10882.0
                },
                "accuracy": 0.9999033629686896,
                "macro avg": {
                    "precision": 0.9999048831318054,
                    "recall": 0.9998457696221155,
                    "f1-score": 0.9998753216175595,
                    "support": 41392.0
                },
                "weighted avg": {
                    "precision": 0.9999033632784212,
                    "recall": 0.9999033629686896,
                    "f1-score": 0.9999033601117002,
                    "support": 41392.0
                }
            },
            {
                "0": {
                    "precision": 0.999901668360156,
                    "recall": 0.9998688954441167,
                    "f1-score": 0.9998852816335896,
                    "support": 30510.0
                },
                "1": {
                    "precision": 0.9996324542865019,
                    "recall": 0.9997243153832016,
                    "f1-score": 0.9996783827245578,
                    "support": 10882.0
                },
                "accuracy": 0.9998308851952068,
                "macro avg": {
                    "precision": 0.9997670613233289,
                    "recall": 0.9997966054136591,
                    "f1-score": 0.9997818321790737,
                    "support": 41392.0
                },
                "weighted avg": {
                    "precision": 0.9998308916992191,
                    "recall": 0.9998308851952068,
                    "f1-score": 0.9998308876944689,
                    "support": 41392.0
                }
            },
            {
                "0": {
                    "precision": 0.7823008849557522,
                    "recall": 0.4889380530973451,
                    "f1-score": 0.6017699115044248,
                    "support": 904.0
                },
                "1": {
                    "precision": 0.9848037146475306,
                    "recall": 0.9957319675629535,
                    "f1-score": 0.9902376910016978,
                    "support": 30459.0
                },
                "2": {
                    "precision": 0.9993601462522852,
                    "recall": 0.9994515037937655,
                    "f1-score": 0.9994058229352347,
                    "support": 10939.0
                },
                "accuracy": 0.9858635525507068,
                "macro avg": {
                    "precision": 0.9221549152851893,
                    "recall": 0.8280405081513548,
                    "f1-score": 0.863804475147119,
                    "support": 42302.0
                },
                "weighted avg": {
                    "precision": 0.9842403901541978,
                    "recall": 0.9858635525507068,
                    "f1-score": 0.984306891572721,
                    "support": 42302.0
                }
            },
            {
                "0": {
                    "precision": 0.7218155197657394,
                    "recall": 0.5453539823008849,
                    "f1-score": 0.6212980466288595,
                    "support": 904.0
                },
                "1": {
                    "precision": 0.9865023474178404,
                    "recall": 0.9934009652319511,
                    "f1-score": 0.9899396378269618,