{
    "TabNet": {
        "filter_sizes": [
            12000,
            8000,
            6000,
            4500,
            3500,
            1500,
            1000,
            300
        ],
        "training_time_seconds": [
            300.641175031662,
            286.05267357826233,
            275.20931696891785,
            321.2161605358124,
            530.0992548465729,
            546.5557723045349,
            533.264041185379,
            539.9648699760437
        ],
        "num_classes": [
            2,
            2,
            2,
            2,
            4,
            5,
            5,
            5
        ],
        "test_f1_macro": [
            0.8750690928449408,
            0.8750690928449408,
            0.8750690928449408,
            0.8750690928449408,
            0.6464848417321002,
            0.5273444638955515,
            0.5273444638955515,
            0.5273444638955515
        ],
        "test_f1_micro": [
            0.9469607262680086,
            0.9469607262680086,
            0.9469607262680086,
            0.9469607262680086,
            0.9190498812351544,
            0.9031817110534999,
            0.9031817110534999,
            0.9031817110534999
        ],
        "test_f1_weighted": [
            0.9511129064618092,
            0.9511129064618092,
            0.9511129064618092,
            0.9511129064618092,
            0.923541838783755,
            0.9123515662700998,
            0.9123515662700998,
            0.9123515662700998
        ],
        "cv_class_weights": [
            0.8093806505203247,
            0.8093806505203247,
            0.8093806505203247,
            0.8093806505203247,
            0.8093861937522888,
            0.9073985815048218,
            0.9073985815048218,
            0.9073985815048218
        ],
        "total_training_samples": [
            129714,
            129714,
            129714,
            129714,
            134718,
            135776,
            135776,
            135776
        ],
        "imbalance_ratio": [
            9.49211356466877,
            9.49211356466877,
            9.49211356466877,
            9.49211356466877,
            47.61429151441332,
            112.46596356663471,
            112.46596356663471,
            112.46596356663471
        ],
        "entropy": [
            0.31465333266360546,
            0.31465333266360546,
            0.31465333266360546,
            0.31465333266360546,
            0.488396458337151,
            0.5296461619056377,
            0.5296461619056377,
            0.5296461619056377
        ],
        "test_precision_macro": [
            0.8275294247813872,
            0.8275294247813872,
            0.8275294247813872,
            0.8275294247813872,
            0.6155463140065961,
            0.48545300934398083,
            0.48545300934398083,
            0.48545300934398083
        ],
        "test_recall_macro": [
            0.9497865903639174,
            0.9497865903639174,
            0.9497865903639174,
            0.9497865903639174,
            0.6901185375163463,
            0.5918887835598631,
            0.5918887835598631,
            0.5918887835598631
        ],
        "classification_reports": [
            {
                "0": {
                    "precision": 0.6604393703511503,
                    "recall": 0.9533083645443196,
                    "f1-score": 0.7802983854486001,
                    "support": 4005.0
                },
                "1": {
                    "precision": 0.9946194792116242,
                    "recall": 0.9462648161835153,
                    "f1-score": 0.9698398002412816,
                    "support": 36531.0
                },
                "accuracy": 0.9469607262680086,
                "macro avg": {
                    "precision": 0.8275294247813872,
                    "recall": 0.9497865903639174,
                    "f1-score": 0.8750690928449408,
                    "support": 40536.0
                },
                "weighted avg": {
                    "precision": 0.9616021283139975,
                    "recall": 0.9469607262680086,
                    "f1-score": 0.9511129064618092,
                    "support": 40536.0
                }
            },
            {
                "0": {
                    "precision": 0.6604393703511503,
                    "recall": 0.9533083645443196,
                    "f1-score": 0.7802983854486001,
                    "support": 4005.0
                },
                "1": {
                    "precision": 0.9946194792116242,
                    "recall": 0.9462648161835153,
                    "f1-score": 0.9698398002412816,
                    "support": 36531.0
                },
                "accuracy": 0.9469607262680086,
                "macro avg": {
                    "precision": 0.8275294247813872,
                    "recall": 0.9497865903639174,
                    "f1-score": 0.8750690928449408,
                    "support": 40536.0
                },
                "weighted avg": {
                    "precision": 0.9616021283139975,
                    "recall": 0.9469607262680086,
                    "f1-score": 0.9511129064618092,
                    "support": 40536.0
                }
            },
            {
                "0": {
                    "precision": 0.6604393703511503,
                    "recall": 0.9533083645443196,
                    "f1-score": 0.7802983854486001,
                    "support": 4005.0
                },
                "1": {
                    "precision": 0.9946194792116242,
                    "recall": 0.9462648161835153,
                    "f1-score": 0.9698398002412816,
                    "support": 36531.0
                },
                "accuracy": 0.9469607262680086,
                "macro avg": {
                    "precision": 0.8275294247813872,
                    "recall": 0.9497865903639174,
                    "f1-score": 0.8750690928449408,
                    "support": 40536.0
                },
                "weighted avg": {
                    "precision": 0.9616021283139975,
                    "recall": 0.9469607262680086,
                    "f1-score": 0.9511129064618092,
                    "support": 40536.0
                }
            },
            {
                "0": {
                    "precision": 0.6604393703511503,
                    "recall": 0.9533083645443196,
                    "f1-score": 0.7802983854486001,
                    "support": 4005.0
                },
                "1": {
                    "precision": 0.9946194792116242,
                    "recall": 0.9462648161835153,
                    "f1-score": 0.9698398002412816,
                    "support": 36531.0
                },
                "accuracy": 0.9469607262680086,
                "macro avg": {
                    "precision": 0.8275294247813872,
                    "recall": 0.9497865903639174,
                    "f1-score": 0.8750690928449408,
                    "support": 40536.0
                },
                "weighted avg": {
                    "precision": 0.9616021283139975,
                    "recall": 0.9469607262680086,
                    "f1-score": 0.9511129064618092,
                    "support": 40536.0
                }
            },
            {
                "0": {
                    "precision": 0.6889038634321654,
                    "recall": 0.7923017308189099,
                    "f1-score": 0.7369938724017782,
                    "support": 3871.0
                },
                "1": {
                    "precision": 0.9786336800674726,
                    "recall": 0.9503917874791821,
                    "f1-score": 0.9643059960940206,
                    "support": 36627.0
                },
                "2": {
                    "precision": 0.3696181965881397,