{
    "AdvancedTabularClassifier": {
        "filter_sizes": [
            12000,
            8000,
            6000,
            4500,
            3500,
            1500,
            1000,
            300
        ],
        "training_time_seconds": [
            61.18169808387756,
            103.08039450645447,
            135.37587070465088,
            30.322054862976074,
            23.98700475692749,
            28.87571144104004,
            24.879964590072632,
            23.52355647087097
        ],
        "num_classes": [
            2,
            2,
            2,
            3,
            3,
            3,
            3,
            4
        ],
        "test_f1_macro": [
            0.999750628489466,
            0.9998129934831446,
            0.9998129824263392,
            0.7835303700904671,
            0.8012310581985546,
            0.7776547472800007,
            0.7618698588204841,
            0.6232244842719741
        ],
        "test_f1_micro": [
            0.9998067259373792,
            0.9998550444530344,
            0.9998550444530344,
            0.940782941704884,
            0.9522244811120042,
            0.937969835941563,
            0.9260318661056215,
            0.9117369785529107
        ],
        "test_f1_weighted": [
            0.9998067145075814,
            0.9998550444530344,
            0.9998550401675502,
            0.9557434844549141,
            0.9628534650108218,
            0.9542815193317427,
            0.946778007775478,
            0.9338526783040157
        ],
        "cv_class_weights": [
            0.4677548408508301,
            0.4677548408508301,
            0.4677548408508301,
            1.200628638267517,
            1.200628638267517,
            1.200628638267517,
            1.200628638267517,
            1.4263921976089478
        ],
        "imbalance_ratio": [
            2.7576668841669267,
            2.7576668841669267,
            2.7576668841669267,
            33.36020583190395,
            33.36020583190395,
            33.36020583190395,
            33.36020583190395,
            235.11352657004832
        ],
        "total_training_samples": [
            132454,
            132454,
            132454,
            135364,
            135364,
            135364,
            135364,
            135776
        ],
        "entropy": [
            0.5793640140080556,
            0.5793640140080556,
            0.5793640140080556,
            0.6705127663073001,
            0.6705127663073001,
            0.6705127663073001,
            0.6705127663073001,
            0.6877410771768522
        ],
        "test_precision_macro": [
            0.9998097558093438,
            0.9998129934831446,
            0.999842540254172,
            0.7488977562021657,
            0.7626143745666557,
            0.7454263979026504,
            0.7353292812319974,
            0.5824173469370776
        ],
        "test_recall_macro": [
            0.9996915392442307,
            0.9998129934831446,
            0.9997834341164968,
            0.9366315552491525,
            0.9313571607301533,
            0.9321482238347345,
            0.9287746741521938,
            0.8894128401477599
        ],
        "classification_reports": [
            {
                "0": {
                    "precision": 0.9998033689454021,
                    "recall": 0.9999344477220583,
                    "f1-score": 0.9998689040377556,
                    "support": 30510.0
                },
                "1": {
                    "precision": 0.9998161426732856,
                    "recall": 0.9994486307664032,
                    "f1-score": 0.9996323529411765,
                    "support": 10882.0
                },
                "accuracy": 0.9998067259373792,
                "macro avg": {
                    "precision": 0.9998097558093438,
                    "recall": 0.9996915392442307,
                    "f1-score": 0.999750628489466,
                    "support": 41392.0
                },
                "weighted avg": {
                    "precision": 0.9998067271717943,
                    "recall": 0.9998067259373792,
                    "f1-score": 0.9998067145075814,
                    "support": 41392.0
                }
            },
            {
                "0": {
                    "precision": 0.9999016715830875,
                    "recall": 0.9999016715830875,
                    "f1-score": 0.9999016715830875,
                    "support": 30510.0
                },
                "1": {
                    "precision": 0.9997243153832016,
                    "recall": 0.9997243153832016,
                    "f1-score": 0.9997243153832016,
                    "support": 10882.0
                },
                "accuracy": 0.9998550444530344,
                "macro avg": {
                    "precision": 0.9998129934831446,
                    "recall": 0.9998129934831446,
                    "f1-score": 0.9998129934831446,
                    "support": 41392.0
                },
                "weighted avg": {
                    "precision": 0.9998550444530344,
                    "recall": 0.9998550444530344,
                    "f1-score": 0.9998550444530344,
                    "support": 41392.0
                }
            },
            {
                "0": {
                    "precision": 0.9998689040377556,
                    "recall": 0.9999344477220583,
                    "f1-score": 0.9999016748058077,
                    "support": 30510.0
                },
                "1": {
                    "precision": 0.9998161764705882,
                    "recall": 0.9996324205109355,
                    "f1-score": 0.9997242900468707,
                    "support": 10882.0
                },
                "accuracy": 0.9998550444530344,
                "macro avg": {
                    "precision": 0.999842540254172,
                    "recall": 0.9997834341164968,
                    "f1-score": 0.9998129824263392,
                    "support": 41392.0
                },
                "weighted avg": {
                    "precision": 0.9998550419053165,
                    "recall": 0.9998550444530344,
                    "f1-score": 0.9998550401675502,
                    "support": 41392.0
                }
            },
            {
                "0": {
                    "precision": 0.25443037974683547,
                    "recall": 0.8893805309734514,
                    "f1-score": 0.3956692913385827,
                    "support": 904.0
                },
                "1": {
                    "precision": 0.996272365805169,
                    "recall": 0.9213368790833579,
                    "f1-score": 0.9573404745253893,
                    "support": 30459.0
                },
                "2": {
                    "precision": 0.9959905230544924,
                    "recall": 0.9991772556906482,
                    "f1-score": 0.9975813444074294,
                    "support": 10939.0
                },
                "accuracy": 0.940782941704884,
                "macro avg": {
                    "precision": 0.7488977562021657,
                    "recall": 0.9366315552491525,
                    "f1-score": 0.7835303700904671,
                    "support": 42302.0
                },
                "weighted avg": {
                    "precision": 0.980346210227504,
                    "recall": 0.940782941704884,
                    "f1-score": 0.9557434844549141,
                    "support": 42302.0
                }
            },
            {
                "0": {
                    "precision": 0.2962538226299694,
                    "recall": 0.8573008849557522,
                    "f1-score": 0.4403409090909091,
                    "support": 904.0
                },
                "1": {
                    "precision": 0.9950570871623503,