{
    "TabNet": {
        "filter_sizes": [
            4000,
            3750,
            3500,
            3250,
            3000,
            2750,
            2500
        ],
        "training_time_seconds": [
            686.2901401519775,
            686.2818732261658,
            728.7763438224792,
            683.2727000713348,
            679.6500332355499,
            689.5461521148682,
            752.4848971366882
        ],
        "num_classes": [
            2,
            2,
            2,
            2,
            2,
            2,
            2
        ],
        "test_f1_macro": [
            0.7520661165112049,
            0.7520661165112049,
            0.7520661165112049,
            0.7520661165112049,
            0.7520661165112049,
            0.7520661165112049,
            0.7520661165112049
        ],
        "test_f1_micro": [
            0.7982813390893541,
            0.7982813390893541,
            0.7982813390893541,
            0.7982813390893541,
            0.7982813390893541,
            0.7982813390893541,
            0.7982813390893541
        ],
        "test_f1_weighted": [
            0.8124018094157973,
            0.8124018094157973,
            0.8124018094157973,
            0.8124018094157973,
            0.8124018094157973,
            0.8124018094157973,
            0.8124018094157973
        ],
        "cv_class_weights": [
            0.5581632256507874,
            0.5581632256507874,
            0.5581632256507874,
            0.5581632256507874,
            0.5581632256507874,
            0.5581632256507874,
            0.5581632256507874
        ],
        "total_training_samples": [
            78572,
            78572,
            78572,
            78572,
            78572,
            78572,
            78572
        ],
        "imbalance_ratio": [
            3.526558359257979,
            3.526558359257979,
            3.526558359257979,
            3.526558359257979,
            3.526558359257979,
            3.526558359257979,
            3.526558359257979
        ],
        "entropy": [
            0.5280678858304182,
            0.5280678858304182,
            0.5280678858304182,
            0.5280678858304182,
            0.5280678858304182,
            0.5280678858304182,
            0.5280678858304182
        ],
        "test_precision_macro": [
            0.7348979151939733,
            0.7348979151939733,
            0.7348979151939733,
            0.7348979151939733,
            0.7348979151939733,
            0.7348979151939733,
            0.7348979151939733
        ],
        "test_recall_macro": [
            0.8133278643607676,
            0.8133278643607676,
            0.8133278643607676,
            0.8133278643607676,
            0.8133278643607676,
            0.8133278643607676,
            0.8133278643607676
        ],
        "classification_reports": [
            {
                "0": {
                    "precision": 0.946296528387016,
                    "recall": 0.7866333281241861,
                    "f1-score": 0.8591096572322572,
                    "support": 19197.0
                },
                "1": {
                    "precision": 0.5234993020009306,
                    "recall": 0.8400224005973492,
                    "f1-score": 0.6450225757901527,
                    "support": 5357.0
                },
                "accuracy": 0.7982813390893541,
                "macro avg": {
                    "precision": 0.7348979151939733,
                    "recall": 0.8133278643607676,
                    "f1-score": 0.7520661165112049,
                    "support": 24554.0
                },
                "weighted avg": {
                    "precision": 0.8540539307756183,
                    "recall": 0.7982813390893541,
                    "f1-score": 0.8124018094157973,
                    "support": 24554.0
                }
            },
            {
                "0": {
                    "precision": 0.946296528387016,
                    "recall": 0.7866333281241861,
                    "f1-score": 0.8591096572322572,
                    "support": 19197.0
                },
                "1": {
                    "precision": 0.5234993020009306,
                    "recall": 0.8400224005973492,
                    "f1-score": 0.6450225757901527,
                    "support": 5357.0
                },
                "accuracy": 0.7982813390893541,
                "macro avg": {
                    "precision": 0.7348979151939733,
                    "recall": 0.8133278643607676,
                    "f1-score": 0.7520661165112049,
                    "support": 24554.0
                },
                "weighted avg": {
                    "precision": 0.8540539307756183,
                    "recall": 0.7982813390893541,
                    "f1-score": 0.8124018094157973,
                    "support": 24554.0
                }
            },
            {
                "0": {
                    "precision": 0.946296528387016,
                    "recall": 0.7866333281241861,
                    "f1-score": 0.8591096572322572,
                    "support": 19197.0
                },
                "1": {
                    "precision": 0.5234993020009306,
                    "recall": 0.8400224005973492,
                    "f1-score": 0.6450225757901527,
                    "support": 5357.0
                },
                "accuracy": 0.7982813390893541,
                "macro avg": {
                    "precision": 0.7348979151939733,
                    "recall": 0.8133278643607676,
                    "f1-score": 0.7520661165112049,
                    "support": 24554.0
                },
                "weighted avg": {
                    "precision": 0.8540539307756183,
                    "recall": 0.7982813390893541,
                    "f1-score": 0.8124018094157973,
                    "support": 24554.0
                }
            },
            {
                "0": {
                    "precision": 0.946296528387016,
                    "recall": 0.7866333281241861,
                    "f1-score": 0.8591096572322572,
                    "support": 19197.0
                },
                "1": {
                    "precision": 0.5234993020009306,
                    "recall": 0.8400224005973492,
                    "f1-score": 0.6450225757901527,
                    "support": 5357.0
                },
                "accuracy": 0.7982813390893541,
                "macro avg": {
                    "precision": 0.7348979151939733,
                    "recall": 0.8133278643607676,
                    "f1-score": 0.7520661165112049,
                    "support": 24554.0
                },
                "weighted avg": {
                    "precision": 0.8540539307756183,
                    "recall": 0.7982813390893541,
                    "f1-score": 0.8124018094157973,
                    "support": 24554.0
                }
            },
            {
                "0": {
                    "precision": 0.946296528387016,
                    "recall": 0.7866333281241861,
                    "f1-score": 0.8591096572322572,
                    "support": 19197.0
                },
                "1": {
                    "precision": 0.5234993020009306,
                    "recall": 0.8400224005973492,
                    "f1-score": 0.6450225757901527,
                    "support": 5357.0
                },
                "accuracy": 0.7982813390893541,
                "macro avg": {
                    "precision": 0.7348979151939733,
                    "recall": 0.8133278643607676,
                    "f1-score": 0.7520661165112049,
                    "support": 24554.0
                },
                "weighted avg": {
                    "precision": 0.8540539307756183,
                    "recall": 0.7982813390893541,