{
    "AdvancedTabularClassifier": {
        "filter_sizes": [
            12000,
            8000,
            6000,
            4500,
            3500,
            1500,
            1000,
            300
        ],
        "training_time_seconds": [
            33.074204206466675,
            29.59809112548828,
            28.622546434402466,
            30.651413440704346,
            34.506561517715454,
            33.82813262939453,
            30.471283197402954,
            28.979657649993896
        ],
        "num_classes": [
            2,
            2,
            2,
            2,
            4,
            5,
            5,
            5
        ],
        "test_f1_macro": [
            0.8917073935728875,
            0.8940595602108411,
            0.8906457927058917,
            0.8957986915229221,
            0.6820095087848689,
            0.5671679213668609,
            0.560236993191749,
            0.5585922982085784
        ],
        "test_f1_micro": [
            0.9617870534833235,
            0.9602082099861852,
            0.9597641602526149,
            0.9611949871718966,
            0.9295961995249407,
            0.9197501767617252,
            0.912279047843507,
            0.9108413858119255
        ],
        "test_f1_weighted": [
            0.9617204317084386,
            0.9613378441352005,
            0.9605169621581258,
            0.9621419331899196,
            0.9322054404867733,
            0.9236696009550376,
            0.9174513941097208,
            0.915514553025438
        ],
        "cv_class_weights": [
            0.16947022080421448,
            0.16947022080421448,
            0.16947022080421448,
            0.16947022080421448,
            0.5817397832870483,
            0.7476152181625366,
            0.7476152181625366,
            0.7476152181625366
        ],
        "imbalance_ratio": [
            9.474321705426357,
            9.474321705426357,
            9.474321705426357,
            9.474321705426357,
            47.042502004811546,
            110.57964184731385,
            110.57964184731385,
            110.57964184731385
        ],
        "total_training_samples": [
            129714,
            129714,
            129714,
            129714,
            134718,
            135776,
            135776,
            135776
        ],
        "entropy": [
            0.3150175183558238,
            0.3150175183558238,
            0.3150175183558238,
            0.3150175183558238,
            0.4878513770286893,
            0.5297442692876037,
            0.5297442692876037,
            0.5297442692876037
        ],
        "test_precision_macro": [
            0.8930794905765772,
            0.873288628398136,
            0.8767275057698448,
            0.877676204116034,
            0.652298242939765,
            0.5671901288976452,
            0.5400099729910679,
            0.5446018755796711
        ],
        "test_recall_macro": [
            0.8903477775651272,
            0.9182519199069727,
            0.9060236076917838,
            0.9164473794613228,
            0.7353537087974336,
            0.5945303977855938,
            0.611447535123092,
            0.6097926043476404
        ],
        "classification_reports": [
            {
                "0": {
                    "precision": 0.8077507598784195,
                    "recall": 0.8014576526765519,
                    "f1-score": 0.8045919010975148,
                    "support": 3979.0
                },
                "1": {
                    "precision": 0.9784082212747349,
                    "recall": 0.9792379024537025,
                    "f1-score": 0.9788228860482603,
                    "support": 36557.0
                },
                "accuracy": 0.9617870534833235,
                "macro avg": {
                    "precision": 0.8930794905765772,
                    "recall": 0.8903477775651272,
                    "f1-score": 0.8917073935728875,
                    "support": 40536.0
                },
                "weighted avg": {
                    "precision": 0.9616565427939786,
                    "recall": 0.9617870534833235,
                    "f1-score": 0.9617204317084386,
                    "support": 40536.0
                }
            },
            {
                "0": {
                    "precision": 0.7613787008395935,
                    "recall": 0.8660467454134204,
                    "f1-score": 0.8103468547912992,
                    "support": 3979.0
                },
                "1": {
                    "precision": 0.9851985559566787,
                    "recall": 0.9704570944005252,
                    "f1-score": 0.977772265630383,
                    "support": 36557.0
                },
                "accuracy": 0.9602082099861852,
                "macro avg": {
                    "precision": 0.873288628398136,
                    "recall": 0.9182519199069727,
                    "f1-score": 0.8940595602108411,
                    "support": 40536.0
                },
                "weighted avg": {
                    "precision": 0.9632284749543379,
                    "recall": 0.9602082099861852,
                    "f1-score": 0.9613378441352005,
                    "support": 40536.0
                }
            },
            {
                "0": {
                    "precision": 0.7711316397228637,
                    "recall": 0.8391555667253079,
                    "f1-score": 0.8037068239258636,
                    "support": 3979.0
                },
                "1": {
                    "precision": 0.9823233718168259,
                    "recall": 0.9728916486582597,
                    "f1-score": 0.97758476148592,
                    "support": 36557.0
                },
                "accuracy": 0.9597641602526149,
                "macro avg": {
                    "precision": 0.8767275057698448,
                    "recall": 0.9060236076917838,
                    "f1-score": 0.8906457927058917,
                    "support": 40536.0
                },
                "weighted avg": {
                    "precision": 0.9615928630838014,
                    "recall": 0.9597641602526149,
                    "f1-score": 0.9605169621581258,
                    "support": 40536.0
                }
            },
            {
                "0": {
                    "precision": 0.7707020702070208,
                    "recall": 0.8607690374465946,
                    "f1-score": 0.8132494360679093,
                    "support": 3979.0
                },
                "1": {
                    "precision": 0.9846503380250471,
                    "recall": 0.9721257214760511,
                    "f1-score": 0.978347946977935,
                    "support": 36557.0
                },
                "accuracy": 0.9611949871718966,
                "macro avg": {
                    "precision": 0.877676204116034,
                    "recall": 0.9164473794613228,
                    "f1-score": 0.8957986915229221,
                    "support": 40536.0
                },
                "weighted avg": {
                    "precision": 0.9636492486810583,
                    "recall": 0.9611949871718966,
                    "f1-score": 0.9621419331899196,
                    "support": 40536.0
                }
            },
            {
                "0": {
                    "precision": 0.7524666279744632,
                    "recall": 0.6541372351160444,
                    "f1-score": 0.6998650472334683,
                    "support": 3964.0
                },
                "1": {
                    "precision": 0.9786430776014109,
                    "recall": 0.9712558801006455,
                    "f1-score": 0.9749354856421237,
                    "support": 36564.0
                },
                "2": {
                    "precision": 0.36341659951651895,