{
    "AdvancedTabularClassifier": {
        "filter_sizes": [
            12000,
            8000,
            6000,
            4500,
            3500,
            1500,
            1000,
            300
        ],
        "training_time_seconds": [
            33.74962568283081,
            83.04964590072632,
            63.82674479484558,
            29.553635358810425,
            26.949991703033447,
            23.34167456626892,
            30.034119606018066,
            27.773195266723633
        ],
        "num_classes": [
            2,
            2,
            2,
            3,
            3,
            3,
            3,
            4
        ],
        "test_f1_macro": [
            0.9997194653455356,
            0.9996882856118325,
            0.9998441381971388,
            0.8611173228084396,
            0.8746069958294015,
            0.8612857740462805,
            0.8657351608636968,
            0.7522793639286528
        ],
        "test_f1_micro": [
            0.9997825666795516,
            0.999758407421724,
            0.999879203710862,
            0.9781334215876318,
            0.9821994231951208,
            0.9784407356626165,
            0.979551794241407,
            0.9751119490926231
        ],
        "test_f1_weighted": [
            0.9997825570364361,
            0.9997583931344767,
            0.9998791947806135,
            0.9802333276444616,
            0.9830183008732405,
            0.9801846227133534,
            0.9811190682174077,
            0.977388198749067
        ],
        "cv_class_weights": [
            0.014914870262145996,
            0.014914870262145996,
            0.014914870262145996,
            0.6945561170578003,
            0.6945561170578003,
            0.6945561170578003,
            0.6945561170578003,
            1.2879289388656616
        ],
        "imbalance_ratio": [
            2.7576668841669267,
            2.7576668841669267,
            2.7576668841669267,
            33.36020583190395,
            33.36020583190395,
            33.36020583190395,
            33.36020583190395,
            235.11352657004832
        ],
        "total_training_samples": [
            132454,
            132454,
            132454,
            135364,
            135364,
            135364,
            135364,
            135776
        ],
        "entropy": [
            0.5793640140080556,
            0.5793640140080556,
            0.5793640140080556,
            0.6705127663073001,
            0.6705127663073001,
            0.6705127663073001,
            0.6705127663073001,
            0.6877410771768522
        ],
        "test_precision_macro": [
            0.9997638009307321,
            0.9997474055564487,
            0.9999180730788138,
            0.8299206007477836,
            0.856924568645994,
            0.8338382206345307,
            0.8386880710761239,
            0.7147235542573418
        ],
        "test_recall_macro": [
            0.9996751511747454,
            0.9996292037386123,
            0.9997702628193347,
            0.9095568600328643,
            0.8964378865083581,
            0.9013786424031612,
            0.904170142946271,
            0.8560440396466762
        ],
        "classification_reports": [
            {
                "0": {
                    "precision": 0.999803362501229,
                    "recall": 0.9999016715830875,
                    "f1-score": 0.999852514625633,
                    "support": 30510.0
                },
                "1": {
                    "precision": 0.9997242393602354,
                    "recall": 0.9994486307664032,
                    "f1-score": 0.9995864160654382,
                    "support": 10882.0
                },
                "accuracy": 0.9997825666795516,
                "macro avg": {
                    "precision": 0.9997638009307321,
                    "recall": 0.9996751511747454,
                    "f1-score": 0.9997194653455356,
                    "support": 41392.0
                },
                "weighted avg": {
                    "precision": 0.9997825609448825,
                    "recall": 0.9997825666795516,
                    "f1-score": 0.9997825570364361,
                    "support": 41392.0
                }
            },
            {
                "0": {
                    "precision": 0.9997705971029691,
                    "recall": 0.9999016715830875,
                    "f1-score": 0.9998361300471945,
                    "support": 30510.0
                },
                "1": {
                    "precision": 0.9997242140099283,
                    "recall": 0.9993567358941371,
                    "f1-score": 0.9995404411764706,
                    "support": 10882.0
                },
                "accuracy": 0.999758407421724,
                "macro avg": {
                    "precision": 0.9997474055564487,
                    "recall": 0.9996292037386123,
                    "f1-score": 0.9996882856118325,
                    "support": 41392.0
                },
                "weighted avg": {
                    "precision": 0.9997584029393995,
                    "recall": 0.999758407421724,
                    "f1-score": 0.9997583931344767,
                    "support": 41392.0
                }
            },
            {
                "0": {
                    "precision": 0.9998361461576274,
                    "recall": 1.0,
                    "f1-score": 0.9999180663662434,
                    "support": 30510.0
                },
                "1": {
                    "precision": 1.0,
                    "recall": 0.9995405256386694,
                    "f1-score": 0.9997702100280343,
                    "support": 10882.0
                },
                "accuracy": 0.999879203710862,
                "macro avg": {
                    "precision": 0.9999180730788138,
                    "recall": 0.9997702628193347,
                    "f1-score": 0.9998441381971388,
                    "support": 41392.0
                },
                "weighted avg": {
                    "precision": 0.9998792235037981,
                    "recall": 0.999879203710862,
                    "f1-score": 0.9998791947806135,
                    "support": 41392.0
                }
            },
            {
                "0": {
                    "precision": 0.4981684981684982,
                    "recall": 0.7522123893805309,
                    "f1-score": 0.5993829881004848,
                    "support": 904.0
                },
                "1": {
                    "precision": 0.9922333333333333,
                    "recall": 0.9772809350274139,
                    "f1-score": 0.9847003754610563,
                    "support": 30459.0
                },
                "2": {
                    "precision": 0.9993599707415196,
                    "recall": 0.9991772556906482,
                    "f1-score": 0.9992686048637777,
                    "support": 10939.0
                },
                "accuracy": 0.9781334215876318,
                "macro avg": {
                    "precision": 0.8299206007477836,
                    "recall": 0.9095568600328643,
                    "f1-score": 0.8611173228084396,
                    "support": 42302.0
                },
                "weighted avg": {
                    "precision": 0.9835179930567303,
                    "recall": 0.9781334215876318,
                    "f1-score": 0.9802333276444616,
                    "support": 42302.0
                }
            },
            {
                "0": {
                    "precision": 0.5803814713896458,
                    "recall": 0.706858407079646,
                    "f1-score": 0.6374064837905237,
                    "support": 904.0
                },
                "1": {
                    "precision": 0.990392234548336,
                    "recall": 0.9848320693391116,