{
    "TabNet": {
        "filter_sizes": [
            12000,
            8000,
            6000,
            4500,
            3500,
            1500,
            1000,
            300
        ],
        "training_time_seconds": [
            374.2795181274414,
            347.3054618835449,
            347.3397579193115,
            402.57242131233215,
            485.66056990623474,
            397.2067914009094,
            385.59363555908203,
            335.46612191200256
        ],
        "num_classes": [
            2,
            2,
            2,
            3,
            3,
            3,
            3,
            4
        ],
        "test_f1_macro": [
            0.9999380289925861,
            0.9999380289925861,
            0.9999380289925861,
            0.8702762621317848,
            0.8702762621317848,
            0.8702762621317848,
            0.8702762621317848,
            0.7279830424492119
        ],
        "test_f1_micro": [
            0.9999516814843448,
            0.9999516814843448,
            0.9999516814843448,
            0.9830031676989268,
            0.9830031676989268,
            0.9830031676989268,
            0.9830031676989268,
            0.9747112891821824
        ],
        "test_f1_weighted": [
            0.9999516800788999,
            0.9999516800788999,
            0.9999516800788999,
            0.9832886665968581,
            0.9832886665968581,
            0.9832886665968581,
            0.9832886665968581,
            0.9763252299183903
        ],
        "cv_class_weights": [
            0.015036940574645996,
            0.015036940574645996,
            0.015036940574645996,
            0.6960015296936035,
            0.6960015296936035,
            0.6960015296936035,
            0.6960015296936035,
            1.2927541732788086
        ],
        "total_training_samples": [
            132454,
            132454,
            132454,
            135364,
            135364,
            135364,
            135364,
            135776
        ],
        "imbalance_ratio": [
            2.766214563962581,
            2.766214563962581,
            2.766214563962581,
            33.46024096385542,
            33.46024096385542,
            33.46024096385542,
            33.46024096385542,
            237.8557457212714
        ],
        "entropy": [
            0.5787504080633712,
            0.5787504080633712,
            0.5787504080633712,
            0.670650998925844,
            0.670650998925844,
            0.670650998925844,
            0.670650998925844,
            0.6881847093027704
        ],
        "test_precision_macro": [
            0.9999671171615534,
            0.9999671171615534,
            0.9999671171615534,
            0.8636870789704556,
            0.8636870789704556,
            0.8636870789704556,
            0.8636870789704556,
            0.7037703649182498
        ],
        "test_recall_macro": [
            0.9999089501957571,
            0.9999089501957571,
            0.9999089501957571,
            0.877368794467363,
            0.877368794467363,
            0.877368794467363,
            0.877368794467363,
            0.7847015953921974
        ],
        "classification_reports": [
            {
                "0": {
                    "precision": 0.9999342343231068,
                    "recall": 1.0,
                    "f1-score": 0.9999671160802368,
                    "support": 30409.0
                },
                "1": {
                    "precision": 1.0,
                    "recall": 0.9998179003915142,
                    "f1-score": 0.9999089419049354,
                    "support": 10983.0
                },
                "accuracy": 0.9999516814843448,
                "macro avg": {
                    "precision": 0.9999671171615534,
                    "recall": 0.9999089501957571,
                    "f1-score": 0.9999380289925861,
                    "support": 41392.0
                },
                "weighted avg": {
                    "precision": 0.9999516846620448,
                    "recall": 0.9999516814843448,
                    "f1-score": 0.9999516800788999,
                    "support": 41392.0
                }
            },
            {
                "0": {
                    "precision": 0.9999342343231068,
                    "recall": 1.0,
                    "f1-score": 0.9999671160802368,
                    "support": 30409.0
                },
                "1": {
                    "precision": 1.0,
                    "recall": 0.9998179003915142,
                    "f1-score": 0.9999089419049354,
                    "support": 10983.0
                },
                "accuracy": 0.9999516814843448,
                "macro avg": {
                    "precision": 0.9999671171615534,
                    "recall": 0.9999089501957571,
                    "f1-score": 0.9999380289925861,
                    "support": 41392.0
                },
                "weighted avg": {
                    "precision": 0.9999516846620448,
                    "recall": 0.9999516814843448,
                    "f1-score": 0.9999516800788999,
                    "support": 41392.0
                }
            },
            {
                "0": {
                    "precision": 0.9999342343231068,
                    "recall": 1.0,
                    "f1-score": 0.9999671160802368,
                    "support": 30409.0
                },
                "1": {
                    "precision": 1.0,
                    "recall": 0.9998179003915142,
                    "f1-score": 0.9999089419049354,
                    "support": 10983.0
                },
                "accuracy": 0.9999516814843448,
                "macro avg": {
                    "precision": 0.9999671171615534,
                    "recall": 0.9999089501957571,
                    "f1-score": 0.9999380289925861,
                    "support": 41392.0
                },
                "weighted avg": {
                    "precision": 0.9999516846620448,
                    "recall": 0.9999516814843448,
                    "f1-score": 0.9999516800788999,
                    "support": 41392.0
                }
            },
            {
                "0": {
                    "precision": 0.6018329938900203,
                    "recall": 0.6451965065502183,
                    "f1-score": 0.6227608008429927,
                    "support": 916.0
                },
                "1": {
                    "precision": 0.9892282430213465,
                    "recall": 0.9871857896634222,
                    "f1-score": 0.9882059609927333,
                    "support": 30513.0
                },
                "2": {
                    "precision": 1.0,
                    "recall": 0.9997240871884484,
                    "f1-score": 0.9998620245596284,
                    "support": 10873.0
                },
                "accuracy": 0.9830031676989268,
                "macro avg": {
                    "precision": 0.8636870789704556,
                    "recall": 0.877368794467363,
                    "f1-score": 0.8702762621317848,
                    "support": 42302.0
                },
                "weighted avg": {
                    "precision": 0.9836083495275306,
                    "recall": 0.9830031676989268,
                    "f1-score": 0.9832886665968581,
                    "support": 42302.0
                }
            },
            {
                "0": {
                    "precision": 0.6018329938900203,
                    "recall": 0.6451965065502183,
                    "f1-score": 0.6227608008429927,
                    "support": 916.0
                },
                "1": {
                    "precision": 0.9892282430213465,
                    "recall": 0.9871857896634222,
                    "f1-score": 0.9882059609927333,