{
    "AdvancedTabularClassifier": {
        "filter_sizes": [
            12000,
            8000,
            6000,
            4500,
            3500,
            1500,
            1000,
            300
        ],
        "training_time_seconds": [
            24.01498246192932,
            25.23396134376526,
            25.006226778030396,
            21.817546606063843,
            25.815627336502075,
            26.664236307144165,
            24.422932386398315,
            22.390028953552246
        ],
        "num_classes": [
            2,
            2,
            2,
            2,
            4,
            5,
            5,
            5
        ],
        "test_f1_macro": [
            0.875758021610225,
            0.8871619189124818,
            0.8897438700695228,
            0.8854004891961647,
            0.6462194306393824,
            0.5468094017212638,
            0.5231418299971077,
            0.5421545610983599
        ],
        "test_f1_micro": [
            0.9572972172883363,
            0.9608249457272547,
            0.9609236234458259,
            0.9596161436747582,
            0.9360570071258907,
            0.9276691020504361,
            0.926702804619373,
            0.9288239453217063
        ],
        "test_f1_weighted": [
            0.9566491546167573,
            0.9604335996517245,
            0.9609411069590901,
            0.9595183148791181,
            0.9320553116234517,
            0.92398505072896,
            0.9217580753023127,
            0.92373449485261
        ],
        "cv_class_weights": [
            0.0,
            0.0,
            0.0,
            0.0,
            0.0,
            0.0,
            0.0,
            0.0
        ],
        "imbalance_ratio": [
            9.474321705426357,
            9.474321705426357,
            9.474321705426357,
            9.474321705426357,
            47.042502004811546,
            110.57964184731385,
            110.57964184731385,
            110.57964184731385
        ],
        "total_training_samples": [
            129714,
            129714,
            129714,
            129714,
            134718,
            135776,
            135776,
            135776
        ],
        "entropy": [
            0.3150175183558238,
            0.3150175183558238,
            0.3150175183558238,
            0.3150175183558238,
            0.4878513770286893,
            0.5297442692876037,
            0.5297442692876037,
            0.5297442692876037
        ],
        "test_precision_macro": [
            0.8876305430509687,
            0.8951033316016923,
            0.8893955219027216,
            0.8872796714647474,
            0.6862429237459818,
            0.6174684802652222,
            0.5796412505683859,
            0.5996494017726446
        ],
        "test_recall_macro": [
            0.8647901310916422,
            0.8796239617347696,
            0.8900930379610168,
            0.8835450555881215,
            0.6465073110246407,
            0.5162630432515967,
            0.5133928989402226,
            0.5277762344840646
        ],
        "classification_reports": [
            {
                "0": {
                    "precision": 0.8023130715438408,
                    "recall": 0.7496858507162604,
                    "f1-score": 0.7751071846173834,
                    "support": 3979.0
                },
                "1": {
                    "precision": 0.9729480145580965,
                    "recall": 0.979894411467024,
                    "f1-score": 0.9764088586030665,
                    "support": 36557.0
                },
                "accuracy": 0.9572972172883363,
                "macro avg": {
                    "precision": 0.8876305430509687,
                    "recall": 0.8647901310916422,
                    "f1-score": 0.875758021610225,
                    "support": 40536.0
                },
                "weighted avg": {
                    "precision": 0.9561985464740794,
                    "recall": 0.9572972172883363,
                    "f1-score": 0.9566491546167573,
                    "support": 40536.0
                }
            },
            {
                "0": {
                    "precision": 0.81419185282523,
                    "recall": 0.7785875848203067,
                    "f1-score": 0.7959917780061665,
                    "support": 3979.0
                },
                "1": {
                    "precision": 0.9760148103781547,
                    "recall": 0.9806603386492327,
                    "f1-score": 0.9783320598187971,
                    "support": 36557.0
                },
                "accuracy": 0.9608249457272547,
                "macro avg": {
                    "precision": 0.8951033316016923,
                    "recall": 0.8796239617347696,
                    "f1-score": 0.8871619189124818,
                    "support": 40536.0
                },
                "weighted avg": {
                    "precision": 0.9601303237957813,
                    "recall": 0.9608249457272547,
                    "f1-score": 0.9604335996517245,
                    "support": 40536.0
                }
            },
            {
                "0": {
                    "precision": 0.800351141208929,
                    "recall": 0.8019602915305353,
                    "f1-score": 0.8011549083605323,
                    "support": 3979.0
                },
                "1": {
                    "precision": 0.9784399025965143,
                    "recall": 0.9782257843914982,
                    "f1-score": 0.9783328317785134,
                    "support": 36557.0
                },
                "accuracy": 0.9609236234458259,
                "macro avg": {
                    "precision": 0.8893955219027216,
                    "recall": 0.8900930379610168,
                    "f1-score": 0.8897438700695228,
                    "support": 40536.0
                },
                "weighted avg": {
                    "precision": 0.9609587702311797,
                    "recall": 0.9609236234458259,
                    "f1-score": 0.9609411069590901,
                    "support": 40536.0
                }
            },
            {
                "0": {
                    "precision": 0.797510162601626,
                    "recall": 0.7888916813269665,
                    "f1-score": 0.7931775110549589,
                    "support": 3979.0
                },
                "1": {
                    "precision": 0.9770491803278688,
                    "recall": 0.9781984298492765,
                    "f1-score": 0.9776234673373703,
                    "support": 36557.0
                },
                "accuracy": 0.9596161436747582,
                "macro avg": {
                    "precision": 0.8872796714647474,
                    "recall": 0.8835450555881215,
                    "f1-score": 0.8854004891961647,
                    "support": 40536.0
                },
                "weighted avg": {
                    "precision": 0.959425691292623,
                    "recall": 0.9596161436747582,
                    "f1-score": 0.9595183148791181,
                    "support": 40536.0
                }
            },
            {
                "0": {
                    "precision": 0.7121028377395101,
                    "recall": 0.7406659939455096,
                    "f1-score": 0.7261036230988005,
                    "support": 3964.0
                },
                "1": {
                    "precision": 0.9723006734738214,
                    "recall": 0.9792145279509901,
                    "f1-score": 0.9757453534637816,
                    "support": 36564.0
                },
                "2": {
                    "precision": 0.44061302681992337,
                    "recall": 0.14232673267326731,
                    "f1-score": 0.21515434985968196,